time_th,open,high,low,close,tick_volume,tr,atr14,range,body,upper_wick,lower_wick,close_pos,swing_high,swing_low,structure_event,bos_up,bos_dn,choch_up,choch_dn,ema20,ema50,pwh,pwl,pwc,sweep_prev_high,sweep_prev_low
2023-10-12T07:00:00+0700,1.0617,1.06393,1.0525,1.05254,47050,0.011430000000000051,0.011430000000000051,0.011430000000000051,0.009160000000000057,0.0022299999999999542,4.0000000000040004e-05,0.003499562554684149,0,0,,0,0,0,0,1.05254,1.05254,,,,0,0
2023-10-13T07:00:00+0700,1.05252,1.0558,1.04951,1.05039,46928,0.006290000000000129,0.011062857142857199,0.006290000000000129,0.0021299999999999653,0.0032800000000001717,0.0008799999999999919,0.13990461049284164,0,0,,0,0,0,0,1.0523352380952382,1.0524556862745098,,,,0,0
2023-10-16T07:00:00+0700,1.05056,1.05622,1.05027,1.05575,38959,0.0059499999999999,0.010697653061224536,0.0059499999999999,0.005190000000000028,0.00046999999999997044,0.00028999999999990145,0.9210084033613481,0,0,,0,0,0,0,1.0526604535147392,1.0525848750480584,,,,0,0
2023-10-17T07:00:00+0700,1.05571,1.05944,1.05324,1.05742,43989,0.006199999999999983,0.010376392128279927,0.006199999999999983,0.0017100000000001003,0.0020199999999999108,0.0024699999999999722,0.6741935483871103,0,0,,0,0,0,0,1.0531137436561926,1.0527744877912717,1.06393,1.04951,1.05575,0,0
2023-10-18T07:00:00+0700,1.05742,1.05937,1.05227,1.05336,46626,0.007099999999999884,0.010142364119117066,0.007099999999999884,0.0040599999999999525,0.0019499999999998963,0.0010900000000000354,0.15352112676057086,0,0,,0,0,0,0,1.0531371966413172,1.052797449054359,1.06393,1.04951,1.05575,0,0
2023-10-19T07:00:00+0700,1.05336,1.06163,1.05277,1.05795,53628,0.00886000000000009,0.010050766682037282,0.00886000000000009,0.004589999999999872,0.0036800000000001276,0.0005900000000000905,0.584650112866807,0,0,,0,0,0,0,1.0535955588659536,1.0529995098757567,1.06393,1.04951,1.05575,0,0
2023-10-20T07:00:00+0700,1.0576699999999999,1.06032,1.05647,1.0591,42733,0.003849999999999909,0.00960785477617747,0.003849999999999909,0.0014300000000000423,0.0012199999999999989,0.0011999999999998678,0.6831168831168759,0,0,,0,0,0,0,1.0541197913549105,1.05323874478259,1.06393,1.04951,1.05575,0,0
2023-10-23T07:00:00+0700,1.05893,1.06774,1.0571,1.0667,41250,0.010639999999999983,0.009681579435021936,0.010639999999999983,0.007770000000000055,0.0010399999999999299,0.0018299999999999983,0.9022556390977508,0,0,,0,0,0,0,1.0553179064639666,1.053766637144057,1.06393,1.04951,1.05575,0,0
2023-10-24T07:00:00+0700,1.0667,1.06935,1.05826,1.0587,43063,0.011090000000000044,0.009782180903948945,0.011090000000000044,0.008000000000000007,0.002650000000000041,0.00043999999999999595,0.03967538322813293,1,0,,0,0,0,0,1.0556400106102555,1.0539601023540939,1.06774,1.05227,1.0667,1,0
2023-10-25T07:00:00+0700,1.0587,1.06062,1.05631,1.05639,40367,0.004309999999999814,0.00939131083938115,0.004309999999999814,0.0023100000000000342,0.0019199999999999218,7.999999999985796e-05,0.018561484918761348,0,0,,0,0,0,0,1.0557114381711836,1.054055392457855,1.06774,1.05227,1.0667,0,0
2023-10-26T07:00:00+0700,1.05638,1.05687,1.05221,1.05599,46723,0.0046599999999998865,0.009053360065139631,0.0046599999999998865,0.0003900000000001125,0.0004899999999998794,0.0037799999999998946,0.811158798283259,0,1,,0,0,0,0,1.055737967869166,1.0541312594202923,1.06774,1.05227,1.0667,0,1
2023-10-27T07:00:00+0700,1.05596,1.05966,1.05349,1.05614,40886,0.006170000000000009,0.008847405774772514,0.006170000000000009,0.000180000000000069,0.0035199999999999676,0.0024699999999999722,0.42949756888169166,0,0,,0,0,0,0,1.0557762566435311,1.054210033560673,1.06774,1.05227,1.0667,0,0
2023-10-30T07:00:00+0700,1.05602,1.06246,1.05467,1.06123,37618,0.007789999999999964,0.00877187679086019,0.007789999999999964,0.005209999999999937,0.0012300000000000644,0.0013499999999999623,0.8421052631578857,0,0,,0,0,0,0,1.0562956607727185,1.0544853263622154,1.06774,1.05227,1.0667,0,0
2023-10-31T07:00:00+0700,1.06125,1.06744,1.05571,1.05727,46125,0.011730000000000018,0.008983171305798749,0.011730000000000018,0.003980000000000095,0.006189999999999918,0.0015600000000000058,0.1329923273657292,1,0,,0,0,0,0,1.0563884549848406,1.0545945292499717,1.06935,1.05221,1.06123,0,0
2023-11-01T07:00:00+0700,1.05726,1.05801,1.05167,1.05678,47626,0.00633999999999979,0.008794373355384539,0.00633999999999979,0.00048000000000003595,0.0007499999999998064,0.005109999999999948,0.8059936908517534,0,1,,0,0,0,0,1.0564257449862844,1.054680233985267,1.06935,1.05221,1.06123,0,1
2023-11-02T07:00:00+0700,1.05669,1.06671,1.05602,1.0619,43582,0.010690000000000088,0.008929775258571363,0.010690000000000088,0.005210000000000159,0.004809999999999981,0.0006699999999999484,0.5500467726847577,0,0,,0,0,0,0,1.0569471026066384,1.0549633620642762,1.06935,1.05221,1.06123,0,0
2023-11-03T07:00:00+0700,1.06185,1.07463,1.06118,1.07282,43142,0.013449999999999962,0.009252648454387693,0.013449999999999962,0.010970000000000146,0.0018099999999998673,0.0006699999999999484,0.8654275092936898,0,0,BOS_UP,1,0,0,0,1.0584588071202918,1.0556636223754812,1.06935,1.05221,1.06123,0,0
2023-11-06T07:00:00+0700,1.07207,1.07558,1.07138,1.07147,33705,0.0041999999999999815,0.008891744993359998,0.0041999999999999815,0.000600000000000156,0.003509999999999902,8.999999999992347e-05,0.0214285714285533,1,0,,0,0,0,0,1.0596979683469308,1.0562834803215408,1.06935,1.05221,1.06123,0,0
2023-11-07T07:00:00+0700,1.07134,1.07225,1.06637,1.06971,38867,0.005879999999999885,0.008676620350977134,0.005879999999999885,0.0016300000000000203,0.0009099999999999664,0.0033399999999998986,0.5680272108843476,0,0,,0,0,0,0,1.0606514951710326,1.0568100105050098,1.07558,1.05167,1.07147,0,0
2023-11-08T07:00:00+0700,1.06953,1.07156,1.06588,1.07063,38157,0.005680000000000129,0.008462576040193064,0.005680000000000129,0.0010999999999998789,0.0009300000000000974,0.003650000000000153,0.8362676056337894,0,0,,0,0,0,0,1.0616018289642675,1.0573519708773622,1.07558,1.05167,1.07147,0,0
2023-11-09T07:00:00+0700,1.07035,1.0725,1.06597,1.0667200000000001,42677,0.006529999999999925,0.008324534894464983,0.006529999999999925,0.0036299999999998,0.0021500000000000963,0.0007500000000000284,0.11485451761103171,1,0,,0,0,0,0,1.0620892738248133,1.057719344568446,1.07558,1.05167,1.07147,0,0
2023-11-10T07:00:00+0700,1.06661,1.06923,1.06557,1.06814,37385,0.0036599999999999966,0.007991353830574626,0.0036599999999999966,0.0015300000000000313,0.0010899999999998133,0.001040000000000152,0.7021857923497775,0,1,,0,0,0,0,1.0626655334605453,1.0581279977226248,1.07558,1.05167,1.07147,0,0
2023-11-13T07:00:00+0700,1.06802,1.07057,1.06646,1.06958,32960,0.004110000000000058,0.007714114271247872,0.004110000000000058,0.0015600000000000058,0.0009900000000000464,0.0015600000000000058,0.759124087591233,0,0,,0,0,0,0,1.0633240540833504,1.0585770958511493,1.07558,1.05167,1.07147,0,0
2023-11-14T07:00:00+0700,1.06945,1.0887,1.06897,1.08761,41100,0.019730000000000025,0.008572391823301597,0.019730000000000025,0.018159999999999954,0.0010900000000000354,0.00048000000000003595,0.9447541814495675,0,0,BOS_UP,1,0,0,0,1.0656370013135075,1.0597156411118887,1.0725,1.06557,1.06958,0,0
2023-11-15T07:00:00+0700,1.08749,1.08854,1.08312,1.08443,41392,0.00541999999999998,0.008347220978780052,0.00541999999999998,0.0030600000000000627,0.0010499999999999954,0.0013099999999999223,0.24169741697415628,0,0,BOS_UP,1,0,0,0,1.0674268107122211,1.0606848316565205,1.0725,1.06557,1.06958,0,0
2023-11-16T07:00:00+0700,1.08442,1.08952,1.08297,1.08494,39707,0.006550000000000056,0.00821884805172434,0.006550000000000056,0.000520000000000076,0.0045800000000000285,0.0014499999999999513,0.30076335877862753,0,0,BOS_UP,1,0,0,0,1.0690947335015335,1.061636014728814,1.0725,1.06557,1.06958,0,0
2023-11-17T07:00:00+0700,1.08489,1.09132,1.08244,1.09102,39882,0.008879999999999999,0.008266073190886887,0.008879999999999999,0.006130000000000191,0.00029999999999996696,0.002449999999999841,0.9662162162162199,0,1,BOS_UP,1,0,0,0,1.0711828541204351,1.0627883278767036,1.0725,1.06557,1.06958,0,0
2023-11-20T07:00:00+0700,1.09073,1.09515,1.08971,1.09375,39575,0.005440000000000111,0.00806421082010926,0.005440000000000111,0.0030200000000000227,0.0014000000000000679,0.0010200000000000209,0.7426470588235222,0,0,BOS_UP,1,0,0,0,1.0733321061089651,1.064002511097225,1.0725,1.06557,1.06958,0,0
2023-11-21T07:00:00+0700,1.09376,1.09647,1.08997,1.09082,42715,0.00649999999999995,0.007952481475815738,0.00649999999999995,0.0029400000000001647,0.00270999999999999,0.0008499999999997954,0.1307692307692003,1,0,,0,0,0,0,1.0749976198128732,1.0650541773287063,1.09515,1.06897,1.09375,1,0
2023-11-22T07:00:00+0700,1.09056,1.09223,1.0852,1.08857,41871,0.007030000000000092,0.007886589941828906,0.007030000000000092,0.0019899999999999363,0.0016700000000000603,0.003370000000000095,0.4793741109530656,0,1,,0,0,0,0,1.0762902274497426,1.0659763664530708,1.09515,1.06897,1.09375,0,0
2023-11-23T07:00:00+0700,1.08849,1.09302,1.0882,1.08998,25328,0.0048200000000000465,0.007667547803126845,0.0048200000000000465,0.0014899999999999913,0.0030400000000001537,0.00028999999999990145,0.36929460580910284,0,0,,0,0,0,0,1.0775940153116719,1.0669176854156954,1.09515,1.06897,1.09375,0,0
2023-11-24T07:00:00+0700,1.08995,1.09481,1.08946,1.09306,31074,0.005349999999999966,0.007502008674332068,0.005349999999999966,0.003109999999999946,0.0017500000000001403,0.0004899999999998794,0.6728971962616539,0,0,,0,0,0,0,1.0790669662343697,1.067942874222923,1.09515,1.06897,1.09375,0,0
2023-11-27T07:00:00+0700,1.09418,1.09587,1.09247,1.0951,38059,0.0033999999999998476,0.00720900805473691,0.0033999999999998476,0.0009200000000000319,0.0007699999999999374,0.0017099999999998783,0.7735294117647141,0,0,,0,0,0,0,1.0805939218310963,1.0690078595475143,1.09515,1.06897,1.09375,1,0
2023-11-28T07:00:00+0700,1.09507,1.10084,1.0934,1.09901,44408,0.007440000000000113,0.007225507479398567,0.007440000000000113,0.003940000000000055,0.0018299999999999983,0.0016700000000000603,0.7540322580645201,0,0,BOS_UP,1,0,0,0,1.0823478340376584,1.070184414075063,1.09647,1.0852,1.0951,0,0
2023-11-29T07:00:00+0700,1.099,1.10168,1.0959699999999999,1.09666,48603,0.005710000000000104,0.00711725694515582,0.005710000000000104,0.0023400000000000087,0.0026800000000000157,0.0006900000000000794,0.12084063047286636,1,0,,0,0,0,0,1.0837108974626435,1.0712226723466292,1.09647,1.0852,1.0951,0,0
2023-11-30T07:00:00+0700,1.09665,1.09835,1.08789,1.0883099999999999,50539,0.010459999999999914,0.007356024306216112,0.010459999999999914,0.008340000000000014,0.0017000000000000348,0.0004199999999998649,0.040152963671115524,0,0,,0,0,0,0,1.0841489072281059,1.0718927636271536,1.09647,1.0852,1.0951,1,0
2023-12-01T07:00:00+0700,1.0882,1.09123,1.08284,1.08765,50639,0.008389999999999898,0.007429879712914954,0.008389999999999898,0.0005500000000000504,0.003029999999999866,0.004809999999999981,0.573301549463652,0,0,,0,0,0,0,1.084482344634953,1.0725106944653044,1.09647,1.0852,1.0951,0,1
2023-12-04T07:00:00+0700,1.08743,1.08944,1.08036,1.08333,50944,0.009079999999999977,0.007547745447706742,0.009079999999999977,0.0040999999999999925,0.0020100000000000673,0.002969999999999917,0.3270925110132076,0,0,CHOCH_DN,0,0,0,1,1.0843725975268623,1.0729349809568611,1.09647,1.0852,1.0951,0,0
2023-12-05T07:00:00+0700,1.08333,1.08469,1.0777700000000001,1.07937,49384,0.006919999999999815,0.007502906487156248,0.006919999999999815,0.0039599999999999635,0.0013600000000000279,0.0015999999999998238,0.23121387283235065,0,0,BOS_DN,0,1,0,0,1.0838961596671612,1.0731873346448275,1.10168,1.08036,1.08333,0,0
2023-12-06T07:00:00+0700,1.07928,1.08041,1.07583,1.07615,43093,0.0045800000000000285,0.007294127452359375,0.0045800000000000285,0.003130000000000077,0.0011300000000000754,0.00031999999999987594,0.06986899563316025,0,0,BOS_DN,0,1,0,0,1.0831584301750508,1.0733035175999324,1.10168,1.08036,1.08333,0,0
2023-12-07T07:00:00+0700,1.07603,1.08171,1.07548,1.0790899999999999,51151,0.006229999999999958,0.007218118348619416,0.006229999999999958,0.0030599999999998406,0.0026200000000000667,0.0005500000000000504,0.5794542536115435,0,0,BOS_DN,0,1,0,0,1.0827709606345697,1.0735304384783664,1.10168,1.08036,1.08333,0,0
2023-12-08T07:00:00+0700,1.07906,1.08001,1.07235,1.07582,53601,0.00766,0.00724968132371803,0.00766,0.0032399999999999096,0.0009500000000000064,0.003470000000000084,0.4530026109660684,0,1,,0,0,0,0,1.0821089643836583,1.073620225204705,1.10168,1.08036,1.08333,0,0
2023-12-11T07:00:00+0700,1.0756000000000001,1.07785,1.07412,1.0762,39487,0.003730000000000011,0.006998275514881028,0.003730000000000011,0.0005999999999999339,0.0016499999999999293,0.0014800000000001479,0.5576407506702615,0,0,,0,0,0,0,1.081546205870929,1.0737213928437361,1.10168,1.08036,1.08333,0,0
2023-12-12T07:00:00+0700,1.07589,1.08274,1.07526,1.07916,43909,0.007479999999999931,0.007032684406675236,0.007479999999999931,0.003269999999999884,0.0035800000000001386,0.0006299999999999084,0.5213903743315279,0,0,,0,0,0,0,1.0813189481689358,1.0739346715557465,1.08469,1.07235,1.0762,0,0
2023-12-13T07:00:00+0700,1.07902,1.0896,1.07727,1.08714,48822,0.012329999999999952,0.007411064091912716,0.012329999999999952,0.008119999999999905,0.0024599999999999067,0.0017500000000001403,0.800486618004873,0,0,,0,0,0,0,1.0818733340576085,1.0744525275731682,1.08469,1.07235,1.0762,0,0
2023-12-14T07:00:00+0700,1.08676,1.10088,1.08676,1.09899,65379,0.014120000000000132,0.007890273799633247,0.014120000000000132,0.012229999999999963,0.0018900000000001693,0.0,0.866147308781859,1,0,,0,0,0,0,1.0835034927187888,1.0754147813938284,1.08469,1.07235,1.0762,0,0
2023-12-15T07:00:00+0700,1.09897,1.10032,1.08885,1.0890900000000001,55016,0.01146999999999987,0.008145968528230864,0.01146999999999987,0.009879999999999889,0.0013499999999999623,0.00024000000000001798,0.020924149956409826,0,0,,0,0,0,0,1.0840355410312852,1.0759510644764232,1.08469,1.07235,1.0762,0,0
2023-12-18T07:00:00+0700,1.08947,1.09306,1.08916,1.09208,41507,0.003969999999999807,0.007847685061928645,0.0039000000000000146,0.002610000000000001,0.0009799999999999809,0.00031000000000003247,0.7487179487179546,0,0,,0,0,0,0,1.0848016799806866,1.0765835717518575,1.08469,1.07235,1.0762,0,0
2023-12-19T07:00:00+0700,1.09113,1.0987,1.0909200000000001,1.09778,45267,0.007779999999999898,0.007842850414648021,0.007779999999999898,0.006650000000000045,0.0009200000000000319,0.00020999999999982144,0.8817480719794288,0,0,,0,0,0,0,1.0860377104587164,1.0774148042321767,1.10088,1.07526,1.09208,0,0
2023-12-20T07:00:00+0700,1.09778,1.09829,1.09293,1.09361,43003,0.005360000000000031,0.007665503956458879,0.005360000000000031,0.004170000000000007,0.0005100000000000104,0.0006800000000000139,0.1268656716417929,0,0,,0,0,0,0,1.0867588808912196,1.078049909948562,1.10088,1.07526,1.09208,0,0
2023-12-21T07:00:00+0700,1.09346,1.10119,1.0933,1.10082,47984,0.007889999999999953,0.007681539388140385,0.007889999999999953,0.007359999999999811,0.00036999999999998145,0.00016000000000016001,0.9531051964512062,0,0,,0,0,0,0,1.088098035092056,1.0789428546564617,1.10088,1.07526,1.09208,1,0
2023-12-22T07:00:00+0700,1.10082,1.10396,1.09887,1.10071,42332,0.005090000000000039,0.007496429431844646,0.005090000000000039,0.00010999999999983245,0.0031400000000001427,0.0018400000000000638,0.36149312377211196,0,0,,0,0,0,0,1.0892991746070981,1.0797964681993457,1.10088,1.07526,1.09208,1,0
2023-12-26T07:00:00+0700,1.10003,1.10446,1.10003,1.10396,20880,0.004429999999999934,0.007277398758141452,0.004429999999999934,0.003929999999999989,0.0004999999999999449,0.0,0.8871331828442546,0,0,CHOCH_UP,0,0,1,0,1.0906954436921363,1.0807440576817244,1.10396,1.0909200000000001,1.10071,0,0
2023-12-27T07:00:00+0700,1.10396,1.11222,1.10281,1.1102400000000001,33852,0.009409999999999918,0.0074297274182742,0.009409999999999918,0.006280000000000063,0.0019799999999998708,0.0011499999999999844,0.7895855472901288,0,0,BOS_UP,1,0,0,0,1.092556830007171,1.081900761302049,1.10396,1.0909200000000001,1.10071,0,0
2023-12-28T07:00:00+0700,1.10998,1.11389,1.10548,1.10585,38465,0.008410000000000029,0.0074997468883974735,0.008410000000000029,0.004129999999999967,0.00391000000000008,0.00036999999999998145,0.043995243757429275,1,0,,0,0,0,0,1.0938228461969643,1.0828399471333414,1.10396,1.0909200000000001,1.10071,0,0
2023-12-29T07:00:00+0700,1.10581,1.10838,1.10325,1.1033,39151,0.005129999999999857,0.007330479253511929,0.005129999999999857,0.0025100000000000122,0.002569999999999961,4.999999999988347e-05,0.009746588693934672,0,0,,0,0,0,0,1.0947254322734439,1.0836423021477202,1.10396,1.0909200000000001,1.10071,1,0
2024-01-02T07:00:00+0700,1.10412,1.10438,1.09379,1.09388,45176,0.010589999999999877,0.007563302163975354,0.010589999999999877,0.010240000000000027,0.00025999999999992696,8.999999999992347e-05,0.008498583569397972,0,0,,0,0,0,0,1.0946449149140682,1.0840437804948684,1.11389,1.10003,1.1033,0,0
2024-01-03T07:00:00+0700,1.09415,1.0965,1.08926,1.09187,49837,0.007240000000000135,0.007540209152262839,0.007240000000000135,0.0022800000000000598,0.0023500000000000743,0.002610000000000001,0.3604972375690542,0,0,,0,0,0,0,1.0943806373032046,1.084350691063697,1.11389,1.10003,1.1033,0,0
2024-01-04T07:00:00+0700,1.09181,1.09718,1.09049,1.09419,43557,0.006690000000000085,0.007479479927101213,0.006690000000000085,0.0023800000000000487,0.002990000000000048,0.0013199999999999878,0.5530642750373677,0,0,,0,0,0,0,1.094362481369566,1.0847365463161012,1.11389,1.10003,1.1033,0,0
2024-01-05T07:00:00+0700,1.09387,1.09979,1.08765,1.09385,52100,0.01214000000000004,0.007812374218022558,0.01214000000000004,1.999999999990898e-05,0.005920000000000147,0.006199999999999983,0.5107084019769327,1,1,,0,0,0,0,1.0943136736200836,1.0850939366566463,1.11389,1.10003,1.1033,0,0
2024-01-08T07:00:00+0700,1.09325,1.09783,1.09222,1.09475,41115,0.005610000000000115,0.007655061773878098,0.005610000000000115,0.0014999999999998348,0.0030800000000001937,0.0010300000000000864,0.45098039215683944,0,0,,0,0,0,0,1.0943552285134088,1.0854726058073663,1.11389,1.10003,1.1033,0,0
2024-01-09T07:00:00+0700,1.09475,1.0966,1.09101,1.09284,43027,0.005589999999999984,0.007507557361458233,0.005589999999999984,0.0019099999999998563,0.0018500000000001293,0.0018299999999999983,0.3273703041144908,0,0,,0,0,0,0,1.0942109210359414,1.0857615232266853,1.10438,1.08765,1.09475,0,0
2024-01-10T07:00:00+0700,1.09284,1.09724,1.09225,1.09698,38833,0.00499000000000005,0.007327731835639791,0.00499000000000005,0.0041400000000000325,0.00025999999999992696,0.0005900000000000905,0.9478957915831815,0,0,,0,0,0,0,1.0944746428420422,1.0862014634923056,1.10438,1.08765,1.09475,0,0
2024-01-11T07:00:00+0700,1.09652,1.09991,1.09299,1.09695,53790,0.006920000000000037,0.007298608133094095,0.006920000000000037,0.0004300000000001525,0.0029599999999998516,0.003530000000000033,0.5722543352601394,1,0,,0,0,0,0,1.0947103911428002,1.0866229747279015,1.10438,1.08765,1.09475,0,0
2024-01-12T07:00:00+0700,1.09695,1.09865,1.09356,1.09463,46404,0.005089999999999817,0.007140850409301646,0.005089999999999817,0.0023200000000000998,0.0016999999999998128,0.0010699999999999044,0.21021611001963514,0,0,,0,0,0,0,1.094702734843486,1.0869369757189644,1.10438,1.08765,1.09475,0,0
2024-01-15T07:00:00+0700,1.09443,1.0967,1.09331,1.09458,28560,0.003390000000000004,0.0068729325229229575,0.003390000000000004,0.0001500000000000945,0.0021199999999998997,0.0011200000000000099,0.3746312684366085,0,0,,0,0,0,0,1.094691045810773,1.087236702161358,1.10438,1.08765,1.09475,0,0
2024-01-16T07:00:00+0700,1.09456,1.09504,1.08617,1.08724,51952,0.008869999999999933,0.007015580199857027,0.008869999999999933,0.007319999999999993,0.00048000000000003595,0.0010699999999999044,0.12063134160089203,0,0,CHOCH_DN,0,0,0,1,1.0939814224002231,1.0872368314883638,1.09991,1.09101,1.09458,0,0
2024-01-17T07:00:00+0700,1.08716,1.0884,1.08441,1.088,47854,0.003989999999999938,0.006799467328438663,0.003989999999999938,0.0008400000000001739,0.00039999999999995595,0.002749999999999808,0.8997493734335934,0,1,,0,0,0,0,1.0934117631240114,1.0872667596652907,1.09991,1.09101,1.09458,0,0
2024-01-18T07:00:00+0700,1.08788,1.09063,1.08463,1.08732,46536,0.006000000000000005,0.006742362519264474,0.006000000000000005,0.0005599999999998939,0.00275000000000003,0.002690000000000081,0.44833333333334646,0,0,,0,0,0,0,1.0928315952074388,1.087268847521554,1.09991,1.09101,1.09458,0,0
2024-01-19T07:00:00+0700,1.08717,1.08973,1.08611,1.08947,40384,0.0036200000000001786,0.00651933662503131,0.0036200000000001786,0.0022999999999999687,0.000260000000000149,0.001060000000000061,0.9281767955800729,0,0,,0,0,0,0,1.0925114432829208,1.087355167226591,1.09991,1.09101,1.09458,0,0
2024-01-22T07:00:00+0700,1.08873,1.09091,1.08793,1.08796,36769,0.0029799999999999827,0.006266526866100501,0.0029799999999999827,0.0007699999999999374,0.0021800000000000708,2.999999999997449e-05,0.01006711409395123,0,0,,0,0,0,0,1.0920779724940712,1.0873788861588816,1.09991,1.09101,1.09458,0,0
2024-01-23T07:00:00+0700,1.08791,1.09156,1.08212,1.08517,39266,0.009440000000000115,0.006493203518521902,0.009440000000000115,0.0027399999999999647,0.003650000000000153,0.003049999999999997,0.3230932203389788,0,1,,0,0,0,0,1.0914200703517787,1.0872922631722588,1.09504,1.08441,1.08796,0,1
2024-01-24T07:00:00+0700,1.084,1.0931899999999999,1.084,1.08818,46114,0.00918999999999981,0.006685831838627467,0.00918999999999981,0.0041799999999998505,0.005009999999999959,0.0,0.4548422198041281,1,0,,0,0,0,0,1.0911114922230378,1.08732707638119,1.09504,1.08441,1.08796,0,1
2024-01-25T07:00:00+0700,1.08818,1.09013,1.08216,1.08433,46434,0.007970000000000033,0.006777558135868365,0.007970000000000033,0.003849999999999909,0.0019500000000001183,0.0021700000000000053,0.2722710163111664,0,0,,0,0,0,0,1.0904656358208438,1.0872095439740845,1.09504,1.08441,1.08796,0,0
2024-01-26T07:00:00+0700,1.08434,1.08852,1.08125,1.08484,40773,0.007269999999999888,0.006812732554734902,0.007269999999999888,0.0004999999999999449,0.0036799999999999056,0.003090000000000037,0.4938101788170616,0,0,,0,0,0,0,1.0899298609807635,1.087116620680983,1.09504,1.08441,1.08796,0,1
2024-01-29T07:00:00+0700,1.084,1.08497,1.07956,1.083,35054,0.005409999999999915,0.006712537372253832,0.005409999999999915,0.001000000000000112,0.0009699999999999154,0.0034399999999998876,0.635859519408492,0,0,,0,0,0,0,1.0892698742206908,1.0869551845758463,1.09504,1.08441,1.08796,0,0
2024-01-30T07:00:00+0700,1.08289,1.08569,1.08115,1.08429,39991,0.0045399999999999885,0.006557356131378558,0.0045399999999999885,0.0014000000000000679,0.0014000000000000679,0.0017399999999998528,0.6916299559471208,0,0,,0,0,0,0,1.088795600485387,1.0868506675336562,1.0931899999999999,1.07956,1.083,0,0
2024-01-31T07:00:00+0700,1.08366,1.0887,1.07944,1.08154,60559,0.009260000000000046,0.006750402121994379,0.009260000000000046,0.002120000000000122,0.005039999999999933,0.0020999999999999908,0.22678185745140175,0,0,BOS_DN,0,1,0,0,1.0881045909153502,1.0866424060617483,1.0931899999999999,1.07956,1.083,0,1
2024-02-01T07:00:00+0700,1.08087,1.08743,1.07795,1.08688,54986,0.009479999999999933,0.006945373398994776,0.009479999999999933,0.006010000000000071,0.0005499999999998284,0.0029200000000000337,0.9419831223628868,0,0,,0,0,0,0,1.0879879632091263,1.0866517234710915,1.0931899999999999,1.07956,1.083,0,1
2024-02-02T07:00:00+0700,1.0869,1.0897000000000001,1.078,1.07834,45718,0.011700000000000044,0.0072849895847808665,0.011700000000000044,0.008559999999999901,0.0028000000000001357,0.00034000000000000696,0.029059829059829546,1,0,BOS_DN,0,1,0,0,1.087069109570162,1.0863257735310488,1.0931899999999999,1.07956,1.083,0,0
2024-02-05T07:00:00+0700,1.07825,1.07856,1.07228,1.07399,43656,0.006280000000000063,0.00721320461443938,0.006280000000000063,0.0042599999999999305,0.00031000000000003247,0.0017100000000001003,0.27229299363058646,0,0,BOS_DN,0,1,0,0,1.0858234800872895,1.0858420177063017,1.0931899999999999,1.07956,1.083,0,0
2024-02-06T07:00:00+0700,1.07378,1.07619,1.07222,1.07519,43249,0.003970000000000029,0.006981547141979427,0.003970000000000029,0.0014100000000001334,0.0009999999999998899,0.0015600000000000058,0.7481108312342866,0,1,,0,0,0,0,1.0848107676980239,1.085424291521741,1.0897000000000001,1.07228,1.07399,0,1
2024-02-07T07:00:00+0700,1.07516,1.07836,1.07469,1.07691,40384,0.003670000000000062,0.006745008060409473,0.003670000000000062,0.0017500000000001403,0.0014499999999999513,0.00046999999999997044,0.6049046321526085,0,0,,0,0,0,0,1.0840583136315454,1.0850903977365747,1.0897000000000001,1.07228,1.07399,0,0
2024-02-08T07:00:00+0700,1.0768,1.07883,1.07412,1.07748,38381,0.004709999999999992,0.006599650341808796,0.004709999999999992,0.0006800000000000139,0.0013499999999999623,0.0026800000000000157,0.7133757961783515,0,0,,0,0,0,0,1.0834318075713982,1.084791950766513,1.0897000000000001,1.07228,1.07399,0,0
2024-02-09T07:00:00+0700,1.07748,1.07943,1.07618,1.07821,38878,0.003249999999999975,0.006360389603108166,0.003249999999999975,0.0007299999999998974,0.0012199999999999989,0.0013000000000000789,0.6246153846153821,0,0,,0,0,0,0,1.0829344925645983,1.0845338350501792,1.0897000000000001,1.07228,1.07399,0,0
2024-02-12T07:00:00+0700,1.07723,1.08051,1.07554,1.07691,30336,0.004970000000000141,0.006261076060029022,0.004970000000000141,0.00031999999999987594,0.0032800000000001717,0.0013700000000000934,0.27565392354125845,1,0,,0,0,0,0,1.08236073136797,1.0842348611266428,1.0897000000000001,1.07228,1.07399,0,0
2024-02-13T07:00:00+0700,1.07683,1.07942,1.07002,1.07062,41710,0.009400000000000075,0.006485284912884097,0.009400000000000075,0.006210000000000049,0.0025900000000000922,0.0005999999999999339,0.06382978723403501,0,0,BOS_DN,0,1,0,0,1.0812425664757823,1.0837009450040296,1.08051,1.07222,1.07691,0,0
2024-02-14T07:00:00+0700,1.0706,1.0734,1.06945,1.0723799999999999,39168,0.003949999999999898,0.006304193133392369,0.003949999999999898,0.0017799999999998928,0.0010200000000000209,0.0011499999999999844,0.7417721518987223,0,1,,0,0,0,0,1.0803985125257078,1.0832569863764205,1.08051,1.07222,1.07691,0,1
2024-02-15T07:00:00+0700,1.07231,1.07843,1.07207,1.07695,38763,0.006359999999999921,0.006308179338150051,0.006359999999999921,0.0046399999999999775,0.0014799999999999258,0.00024000000000001798,0.7672955974842856,0,0,,0,0,0,0,1.0800700827613547,1.0830096535773452,1.08051,1.07222,1.07691,0,1
2024-02-16T07:00:00+0700,1.07635,1.0787,1.0731600000000001,1.07738,39815,0.005539999999999878,0.0062533093854250385,0.005539999999999878,0.0010300000000000864,0.0013199999999999878,0.003189999999999804,0.7617328519855565,0,0,,0,0,0,0,1.0798138844031304,1.082788882848822,1.08051,1.07222,1.07691,0,0
2024-02-19T07:00:00+0700,1.07689,1.07889,1.07616,1.07763,24171,0.002729999999999899,0.006001644429323243,0.002729999999999899,0.000740000000000185,0.0012599999999998168,0.0007299999999998974,0.5384615384615885,0,0,,0,0,0,0,1.079605895412356,1.0825865737174956,1.08051,1.07222,1.07691,0,0
2024-02-20T07:00:00+0700,1.0776,1.08384,1.07611,1.08049,41012,0.007730000000000015,0.006125098398657298,0.007730000000000015,0.002890000000000059,0.003349999999999964,0.0014899999999999913,0.566623544631312,0,0,,0,0,0,0,1.0796900958492746,1.0825043551403388,1.07942,1.06945,1.07763,0,0
2024-02-21T07:00:00+0700,1.08027,1.08238,1.07895,1.0816,39715,0.003429999999999822,0.005932591370181765,0.003429999999999822,0.0013299999999998313,0.0007800000000000029,0.0013199999999999878,0.7725947521865763,0,0,CHOCH_UP,0,0,1,0,1.079871991482677,1.0824688902328745,1.07942,1.06945,1.07763,0,0
2024-02-22T07:00:00+0700,1.08158,1.08878,1.08023,1.082,41531,0.008550000000000058,0.0061195491294545,0.008550000000000058,0.00042000000000008697,0.006780000000000008,0.0013499999999999623,0.20701754385965349,1,0,,0,0,0,0,1.0800746589605175,1.0824505023806048,1.07942,1.06945,1.07763,0,0
2024-02-23T07:00:00+0700,1.08199,1.0839,1.08113,1.08169,35421,0.0027700000000001612,0.005880295620207762,0.0027700000000001612,0.00029999999999996696,0.0019100000000000783,0.000560000000000116,0.20216606498197956,0,0,,0,0,0,0,1.0802285009642776,1.082420678757836,1.07942,1.06945,1.07763,0,0
2024-02-26T07:00:00+0700,1.08284,1.08592,1.08122,1.0848200000000001,31481,0.0046999999999999265,0.0057959887901929165,0.0046999999999999265,0.001980000000000093,0.0010999999999998789,0.0016199999999999548,0.7659574468085327,0,0,,0,0,0,0,1.0806657865867273,1.0825147697869406,1.07942,1.06945,1.07763,0,0
2024-02-27T07:00:00+0700,1.08479,1.08654,1.0832600000000001,1.08414,31000,0.0032799999999999496,0.005616275305179133,0.0032799999999999496,0.0006499999999998174,0.0017500000000001403,0.0008799999999999919,0.2682926829268309,1,0,,0,0,0,0,1.080996664054658,1.0825785043050997,1.08878,1.07611,1.0848200000000001,0,0
2024-02-28T07:00:00+0700,1.084,1.08454,1.07962,1.08353,35509,0.0049200000000000355,0.005566541354809198,0.0049200000000000355,0.00046999999999997044,0.0005399999999999849,0.00391000000000008,0.7947154471544821,0,0,,0,0,0,0,1.0812379341446905,1.0826158178617626,1.08878,1.07611,1.0848200000000001,0,0
2024-02-29T07:00:00+0700,1.08317,1.08554,1.07954,1.08025,45211,0.006000000000000005,0.005597502686608542,0.006000000000000005,0.0029200000000000337,0.0023699999999999832,0.0007099999999999884,0.11833333333333129,0,0,,0,0,0,0,1.0811438451785296,1.0825230406907131,1.08878,1.07611,1.0848200000000001,0,0
2024-03-01T07:00:00+0700,1.07958,1.08427,1.07945,1.08365,38780,0.0048200000000000465,0.005541966780422221,0.0048200000000000465,0.004070000000000018,0.0006200000000000649,0.00012999999999996348,0.8713692946057969,0,1,,0,0,0,0,1.081382526590098,1.0825672351734303,1.08878,1.07611,1.0848200000000001,0,0
2024-03-04T07:00:00+0700,1.0839,1.08663,1.08324,1.0853,31630,0.003390000000000004,0.00538825486753492,0.003390000000000004,0.0013999999999998458,0.0013300000000000534,0.000660000000000105,0.6076696165191587,0,0,,0,0,0,0,1.0817556192958029,1.0826744024215311,1.08878,1.07611,1.0848200000000001,0,0
2024-03-05T07:00:00+0700,1.08529,1.08756,1.08398,1.08538,33309,0.0035800000000001386,0.005259093805568151,0.0035800000000001386,8.999999999992347e-05,0.0021800000000000708,0.0013100000000001444,0.3910614525139703,0,0,,0,0,0,0,1.0821007984104885,1.0827805042873535,1.08663,1.07945,1.0853,1,0
2024-03-06T07:00:00+0700,1.08538,1.09149,1.08417,1.08959,35706,0.007319999999999993,0.005406301390884711,0.007319999999999993,0.004210000000000047,0.0019000000000000128,0.0012099999999999334,0.7404371584699434,0,0,BOS_UP,1,0,0,0,1.0828140557047277,1.0830475433349083,1.08663,1.07945,1.0853,0,0
2024-03-07T07:00:00+0700,1.08959,1.09487,1.08674,1.09453,37162,0.00812999999999997,0.005600851291535801,0.00812999999999997,0.0049399999999999444,0.00034000000000000696,0.002850000000000019,0.958179581795817,0,0,BOS_UP,1,0,0,0,1.0839298599233251,1.083497835753147,1.08663,1.07945,1.0853,0,0
2024-03-08T07:00:00+0700,1.09451,1.09807,1.09188,1.09349,42050,0.00619000000000014,0.005642933342140397,0.00619000000000014,0.0010200000000000209,0.0035600000000000076,0.0016100000000001113,0.26009693053313004,1,0,,0,0,0,0,1.0848403494544372,1.0838896853314552,1.08663,1.07945,1.0853,0,0
2024-03-11T07:00:00+0700,1.09413,1.09476,1.09142,1.0924800000000001,30354,0.0033399999999998986,0.005478438103416076,0.0033399999999998986,0.0016499999999999293,0.0006299999999999084,0.001060000000000061,0.3173652694611057,0,0,,0,0,0,0,1.0855679352206813,1.0842265604164962,1.08663,1.07945,1.0853,0,0
2024-03-12T07:00:00+0700,1.0924800000000001,1.09434,1.09018,1.09257,36887,0.004160000000000164,0.005384263953172082,0.004160000000000164,8.999999999992347e-05,0.0017700000000000493,0.0023000000000001908,0.5745192307692356,0,0,,0,0,0,0,1.0862347985329974,1.0845537541256534,1.09807,1.08398,1.0924800000000001,0,0
2024-03-13T07:00:00+0700,1.09217,1.09633,1.0919699999999999,1.09468,32322,0.0043600000000001415,0.00531110224223123,0.0043600000000001415,0.0025100000000000122,0.0016499999999999293,0.00020000000000020002,0.6215596330275515,1,0,,0,0,0,0,1.0870391034346167,1.0849508618070003,1.09807,1.08398,1.0924800000000001,0,0
2024-03-14T07:00:00+0700,1.09468,1.09542,1.08802,1.08822,37026,0.007400000000000073,0.005460309224929004,0.007400000000000073,0.006460000000000132,0.0007399999999999629,0.00019999999999997797,0.027027027027023785,0,0,,0,0,0,0,1.0871515697741772,1.0850790633047651,1.09807,1.08398,1.0924800000000001,0,0
2024-03-15T07:00:00+0700,1.08822,1.08991,1.08725,1.08878,32912,0.0026599999999998847,0.0052602871374340665,0.0026599999999998847,0.000560000000000116,0.0011299999999998533,0.0009699999999999154,0.5751879699248488,0,0,,0,0,0,0,1.0873066583671127,1.0852241980771273,1.09807,1.08398,1.0924800000000001,0,0
2024-03-18T07:00:00+0700,1.08896,1.09056,1.08656,1.08695,25633,0.0040000000000000036,0.005170266627617348,0.0040000000000000036,0.0020099999999998452,0.0016000000000000458,0.0003900000000001125,0.09750000000002804,0,0,,0,0,0,0,1.0872726909035781,1.0852918765839068,1.09807,1.08398,1.0924800000000001,0,0
2024-03-19T07:00:00+0700,1.08695,1.08761,1.08343,1.08627,34788,0.0041800000000000725,0.0050995332970732565,0.0041800000000000725,0.0006800000000000139,0.0006599999999998829,0.0028400000000001757,0.6794258373206044,0,1,,0,0,0,0,1.0871771965318087,1.08533023436493,1.09633,1.08656,1.08695,0,0
2024-03-20T07:00:00+0700,1.0861,1.09223,1.08359,1.09191,34854,0.008639999999999981,0.005352423775853737,0.008639999999999981,0.005809999999999871,0.000320000000000098,0.0025100000000000122,0.9629629629629516,0,0,,0,0,0,0,1.0876279397192554,1.085588264389835,1.09633,1.08656,1.08695,0,1
2024-03-21T07:00:00+0700,1.09166,1.0942,1.0855,1.08571,39578,0.008700000000000152,0.005591536363292767,0.008700000000000152,0.005950000000000122,0.0025399999999999867,0.00021000000000004349,0.024137931034487334,1,0,,0,0,0,0,1.087445278793612,1.0855930383353316,1.09633,1.08656,1.08695,0,0
2024-03-22T07:00:00+0700,1.08568,1.08677,1.08013,1.08051,32750,0.006639999999999979,0.005666426623057568,0.006639999999999979,0.005169999999999897,0.0010900000000000354,0.00038000000000004697,0.05722891566265786,0,1,,0,0,0,0,1.0867847760513631,1.085393703498652,1.09633,1.08656,1.08695,0,0
2024-03-25T07:00:00+0700,1.08047,1.0842,1.08017,1.08346,27280,0.004029999999999978,0.005549539007124882,0.004029999999999978,0.002990000000000048,0.0007399999999999629,0.00029999999999996696,0.816377171215889,0,0,,0,0,0,0,1.086468130713138,1.085317871988901,1.09633,1.08656,1.08695,0,0
2024-03-26T07:00:00+0700,1.08346,1.08639,1.08238,1.08284,30642,0.004010000000000069,0.005439571935187396,0.004010000000000069,0.0006200000000000649,0.002929999999999877,0.000460000000000127,0.11471321695763567,0,0,,0,0,0,0,1.086122594454744,1.0852207005383558,1.0942,1.08013,1.08346,0,0
2024-03-27T07:00:00+0700,1.08285,1.08385,1.08103,1.0825,30228,0.0028200000000000447,0.005252459654102586,0.0028200000000000447,0.0003500000000000725,0.0009999999999998899,0.0014700000000000824,0.5212765957447018,0,0,,0,0,0,0,1.085777585459054,1.0851140063995968,1.0942,1.08013,1.08346,0,0
2024-03-28T07:00:00+0700,1.0825,1.08262,1.07746,1.07857,34050,0.005159999999999831,0.005245855393095246,0.005159999999999831,0.003929999999999989,0.00011999999999989797,0.0011099999999999444,0.2151162790697637,0,0,CHOCH_DN,0,0,0,1,1.0850911487486679,1.0848573786976519,1.0942,1.08013,1.08346,0,0
2024-03-29T07:00:00+0700,1.07837,1.08045,1.07675,1.07898,25614,0.0036999999999998145,0.005135437150731287,0.0036999999999998145,0.0006099999999999994,0.0014699999999998603,0.0016199999999999548,0.6027027027027205,0,0,BOS_DN,0,1,0,0,1.084509134582128,1.0846268932585283,1.0942,1.08013,1.08346,0,0
2024-04-01T07:00:00+0700,1.07825,1.07984,1.07304,1.07404,29401,0.006799999999999917,0.0052543344971076175,0.006799999999999917,0.004209999999999825,0.0015899999999999803,0.001000000000000112,0.14705882352943,0,0,BOS_DN,0,1,0,0,1.083512074145735,1.0842117209738802,1.0942,1.08013,1.08346,0,0
2024-04-02T07:00:00+0700,1.07403,1.07785,1.07242,1.0766499999999999,32810,0.005430000000000046,0.005266882033028506,0.005430000000000046,0.0026199999999998447,0.0012000000000000899,0.0016100000000001113,0.7790055248618638,0,1,,0,0,0,0,1.0828585432747126,1.083915182896473,1.08639,1.07304,1.07404,0,1
2024-04-03T07:00:00+0700,1.07667,1.08364,1.07635,1.08332,33783,0.007290000000000019,0.005411390459240757,0.007290000000000019,0.006650000000000045,0.00031999999999987594,0.000320000000000098,0.9561042524005658,0,0,,0,0,0,0,1.0829024915342638,1.083891842390729,1.08639,1.07304,1.07404,0,0
2024-04-04T07:00:00+0700,1.08332,1.08761,1.08304,1.08341,29564,0.004569999999999963,0.005351291140723557,0.004569999999999963,8.999999999992347e-05,0.0041999999999999815,0.000280000000000058,0.08096280087527012,1,0,,0,0,0,0,1.0829508256738576,1.0838729466107004,1.08639,1.07304,1.07404,1,0
2024-04-05T07:00:00+0700,1.08312,1.08474,1.0791,1.08336,37644,0.005640000000000089,0.0053719132021004526,0.005640000000000089,0.00024000000000001798,0.0013799999999999368,0.004020000000000135,0.7553191489361852,0,0,,0,0,0,0,1.0829897946572997,1.0838528310573396,1.08639,1.07304,1.07404,0,0
2024-04-08T07:00:00+0700,1.0833,1.08616,1.08205,1.08565,30196,0.004110000000000058,0.005281776544807567,0.004110000000000058,0.0023500000000000743,0.0005100000000000104,0.0012499999999999734,0.8759124087591234,0,0,,0,0,0,0,1.0832431475470807,1.0839233082707773,1.08639,1.07304,1.07404,0,0
2024-04-09T07:00:00+0700,1.08512,1.08846,1.08472,1.0854300000000001,28975,0.0037400000000000766,0.005171649648749889,0.0037400000000000766,0.00031000000000003247,0.003029999999999866,0.000400000000000178,0.18983957219256575,1,0,,0,0,0,0,1.0834514192092635,1.0839823942209428,1.08761,1.07242,1.08565,1,0
2024-04-10T07:00:00+0700,1.08538,1.0866,1.07283,1.07396,41973,0.01377000000000006,0.005785817530982044,0.01377000000000006,0.011419999999999986,0.0012199999999999989,0.0011300000000000754,0.08206245461147933,0,0,,0,0,0,0,1.0825474745226669,1.083589359153455,1.08761,1.07242,1.08565,0,0
2024-04-11T07:00:00+0700,1.07393,1.07561,1.06988,1.0723,43432,0.005730000000000013,0.005781830564483328,0.005730000000000013,0.0016300000000000203,0.0016799999999999038,0.0024200000000000887,0.42233856893544214,0,0,BOS_DN,0,1,0,0,1.0815715245681272,1.0831466391866529,1.08761,1.07242,1.08565,0,0
2024-04-12T07:00:00+0700,1.0723,1.07289,1.06221,1.06375,39575,0.0106799999999998,0.006131699809877362,0.0106799999999998,0.008550000000000058,0.0005899999999998684,0.0015399999999998748,0.1441947565542981,0,0,BOS_DN,0,1,0,0,1.07987423651402,1.0823859866695293,1.08761,1.07242,1.08565,0,0
2024-04-15T07:00:00+0700,1.063,1.06647,1.06198,1.06216,43940,0.004490000000000105,0.006014435537743273,0.004490000000000105,0.0008399999999999519,0.003470000000000084,0.000180000000000069,0.040089086859702625,0,0,BOS_DN,0,1,0,0,1.0781871663698275,1.0815928107217048,1.08761,1.07242,1.08565,0,0
2024-04-16T07:00:00+0700,1.06212,1.06532,1.06007,1.06159,50876,0.005249999999999977,0.005959832999333038,0.005249999999999977,0.0005299999999999194,0.0032000000000000917,0.0015199999999999658,0.2895238095238043,0,1,,0,0,0,0,1.0766064838584153,1.080808386771834,1.08846,1.06198,1.06216,0,0
2024-04-17T07:00:00+0700,1.06121,1.06791,1.06058,1.067,45293,0.007329999999999837,0.006057702070809238,0.007329999999999837,0.005789999999999962,0.0009099999999999664,0.0006299999999999084,0.8758526603001382,0,0,,0,0,0,0,1.0756915806338043,1.0802668814082328,1.08846,1.06198,1.06216,0,1
2024-04-18T07:00:00+0700,1.06692,1.06895,1.06389,1.06405,38263,0.0050600000000000644,0.005986437637180011,0.0050600000000000644,0.00287000000000015,0.0020299999999999763,0.00015999999999993797,0.031620553359671136,1,0,,0,0,0,0,1.07458285866868,1.0796309252745766,1.08846,1.06198,1.06216,0,0
2024-04-19T07:00:00+0700,1.06415,1.0677,1.06101,1.06519,55219,0.006690000000000085,0.006036692091667159,0.006690000000000085,0.001040000000000152,0.0025100000000000122,0.0031399999999999206,0.6248131539611389,0,0,,0,0,0,0,1.0736883007002342,1.0790646144794953,1.08846,1.06198,1.06216,0,1
2024-04-22T07:00:00+0700,1.06474,1.06702,1.06235,1.0653,34354,0.004670000000000174,0.00593907122797666,0.004670000000000174,0.0005599999999998939,0.0017200000000001658,0.0023900000000001143,0.631691648822248,0,0,,0,0,0,0,1.0728894149192596,1.078524825676378,1.08846,1.06198,1.06216,0,0
2024-04-23T07:00:00+0700,1.06535,1.07109,1.06381,1.06999,38761,0.007280000000000175,0.0060348518545497686,0.007280000000000175,0.0046399999999999775,0.001100000000000101,0.0015400000000000968,0.8489010989010887,0,0,CHOCH_UP,0,0,1,0,1.0726132801650445,1.0781901266302456,1.06895,1.06007,1.0653,0,0
2024-04-24T07:00:00+0700,1.07004,1.07138,1.06775,1.06973,34267,0.003630000000000022,0.00586307672208193,0.003630000000000022,0.00031000000000003247,0.0013399999999998968,0.001980000000000093,0.5454545454545677,0,0,BOS_UP,1,0,0,0,1.0723386820540879,1.0778583569584714,1.06895,1.06007,1.0653,0,0
2024-04-25T07:00:00+0700,1.06934,1.07396,1.06778,1.07283,38835,0.006180000000000074,0.0058857140990760835,0.006180000000000074,0.003489999999999993,0.0011300000000000754,0.0015600000000000058,0.8171521035598606,0,0,BOS_UP,1,0,0,0,1.0723854742394128,1.0776611664895117,1.06895,1.06007,1.0653,0,0
2024-04-26T07:00:00+0700,1.07254,1.07524,1.06736,1.06918,38848,0.007879999999999887,0.0060281630919992125,0.007879999999999887,0.0033600000000000296,0.0026999999999999247,0.0018199999999999328,0.23096446700507092,1,0,,0,0,0,0,1.0720801909785163,1.0773285717252172,1.06895,1.06007,1.0653,0,0
2024-04-29T07:00:00+0700,1.06873,1.07332,1.06852,1.07191,41432,0.0048000000000001375,0.005940437156856422,0.0048000000000001375,0.0031799999999999606,0.0014100000000001334,0.00021000000000004349,0.7062499999999806,0,0,,0,0,0,0,1.0720639823138955,1.0771160787163852,1.06895,1.06007,1.0653,0,0
2024-04-30T07:00:00+0700,1.0719400000000001,1.07349,1.06637,1.06646,40439,0.007120000000000015,0.006024691645652393,0.007120000000000015,0.005480000000000151,0.0015499999999999403,8.999999999992347e-05,0.012640449438191472,0,0,,0,0,0,0,1.0715302697125721,1.076698193276527,1.07524,1.06381,1.07191,0,0
2024-05-01T07:00:00+0700,1.06641,1.07323,1.0648900000000001,1.0708,40805,0.008339999999999792,0.006190070813820064,0.008339999999999792,0.004389999999999894,0.002429999999999932,0.0015199999999999658,0.7086330935251807,0,1,,0,0,0,0,1.0714607202161366,1.0764668915794082,1.07524,1.06381,1.07191,0,0
2024-05-02T07:00:00+0700,1.07089,1.07297,1.06738,1.07237,43888,0.005589999999999984,0.006147208612832916,0.005589999999999984,0.0014800000000001479,0.0005999999999999339,0.003509999999999902,0.8926654740608344,0,0,,0,0,0,0,1.0715473182907902,1.0763062291645296,1.07524,1.06381,1.07191,0,0
2024-05-03T07:00:00+0700,1.07219,1.08115,1.07191,1.07596,44102,0.009240000000000137,0.00636812228334486,0.009240000000000137,0.003770000000000051,0.005190000000000028,0.000280000000000058,0.4383116883116936,1,0,,0,0,0,0,1.0719675736916674,1.0762926515502342,1.07524,1.06381,1.07191,0,0
2024-05-06T07:00:00+0700,1.07582,1.07903,1.07548,1.07673,26822,0.003549999999999942,0.006166827834534509,0.003549999999999942,0.0009099999999999664,0.0022999999999999687,0.00034000000000000696,0.3521126760563363,0,0,,0,0,0,0,1.0724211381019848,1.076309802469833,1.07524,1.06381,1.07191,0,0
2024-05-07T07:00:00+0700,1.07673,1.0787,1.07475,1.07531,30058,0.003949999999999898,0.006008482989210608,0.003949999999999898,0.0014199999999999768,0.0019700000000000273,0.0005599999999998939,0.14177215189871098,0,0,,0,0,0,0,1.0726962678065577,1.0762705945298396,1.08115,1.0648900000000001,1.07673,0,0
2024-05-08T07:00:00+0700,1.07531,1.07571,1.07345,1.07467,26511,0.0022599999999999287,0.005740734204266989,0.0022599999999999287,0.0006399999999999739,0.00039999999999995595,0.0012199999999999989,0.539823008849574,0,0,,0,0,0,0,1.0728842423011713,1.0762078261169048,1.08115,1.0648900000000001,1.07673,0,0
2024-05-09T07:00:00+0700,1.07437,1.0784,1.07235,1.07807,28862,0.006050000000000111,0.0057628246182479265,0.006050000000000111,0.0037000000000000366,0.00032999999999994145,0.002020000000000133,0.9454545454545561,0,1,,0,0,0,0,1.0733781239867741,1.0762808525436929,1.08115,1.0648900000000001,1.07673,0,0
2024-05-10T07:00:00+0700,1.07789,1.07895,1.07598,1.07681,28477,0.002970000000000139,0.005563337145515942,0.002970000000000139,0.0010799999999999699,0.001060000000000061,0.0008300000000001084,0.2794612794613029,0,0,,0,0,0,0,1.0737049693213672,1.0763016034243325,1.08115,1.0648900000000001,1.07673,0,0
2024-05-13T07:00:00+0700,1.07672,1.08064,1.07653,1.07883,28007,0.004110000000000058,0.005459527349407665,0.004110000000000058,0.0021100000000000563,0.0018100000000000893,0.00018999999999991246,0.5596107055960915,0,0,,0,0,0,0,1.074193067481237,1.0764007562312214,1.08115,1.0648900000000001,1.07673,0,0
2024-05-14T07:00:00+0700,1.07863,1.08252,1.07667,1.08175,28343,0.005849999999999911,0.005487418253021396,0.005849999999999911,0.0031200000000000117,0.0007699999999999374,0.0019599999999999618,0.8683760683760771,0,0,BOS_UP,1,0,0,0,1.0749127753401668,1.0766105304966638,1.08064,1.07235,1.07883,0,0
2024-05-15T07:00:00+0700,1.08171,1.08856,1.0812599999999999,1.08828,34816,0.007300000000000084,0.0056168883778055885,0.007300000000000084,0.006569999999999965,0.000280000000000058,0.00045000000000006146,0.9616438356164309,0,0,BOS_UP,1,0,0,0,1.076185844355389,1.0770681567516966,1.08064,1.07235,1.07883,0,0
2024-05-16T07:00:00+0700,1.08828,1.08945,1.0854,1.08654,31056,0.004050000000000109,0.0055049677793909116,0.004050000000000109,0.0017399999999998528,0.0011700000000001154,0.001140000000000141,0.2814814814815087,1,0,,0,0,0,0,1.0771719544167806,1.0774396015849634,1.08064,1.07235,1.07883,0,0
2024-05-17T07:00:00+0700,1.08656,1.08781,1.08352,1.08663,26062,0.004289999999999905,0.005418184366577268,0.004289999999999905,7.00000000000145e-05,0.0011799999999999589,0.0030399999999999316,0.7249417249417285,0,0,,0,0,0,0,1.0780727206628016,1.0778000093659454,1.08064,1.07235,1.07883,0,0
2024-05-20T07:00:00+0700,1.08649,1.0884,1.0854,1.0855299999999999,25753,0.0030000000000001137,0.005245456911821757,0.0030000000000001137,0.0009600000000000719,0.0019100000000000783,0.00012999999999996348,0.04333333333331952,0,0,,0,0,0,0,1.0787829377425346,1.0781031462535555,1.08064,1.07235,1.07883,0,0
2024-05-21T07:00:00+0700,1.08555,1.08743,1.08422,1.08523,29225,0.003209999999999935,0.005100067132405912,0.003209999999999935,0.000320000000000098,0.0018799999999998818,0.0010099999999999554,0.3146417445482791,0,0,,0,0,0,0,1.0793969436718172,1.0783826307142006,1.08945,1.07667,1.0855299999999999,0,0
2024-05-22T07:00:00+0700,1.08527,1.08631,1.0817,1.08213,31887,0.004610000000000003,0.005065062337234061,0.004610000000000003,0.0031399999999999206,0.001040000000000152,0.00042999999999993044,0.09327548806939917,0,0,,0,0,0,0,1.0796572347506916,1.078529586372467,1.08945,1.07667,1.0855299999999999,0,0
2024-05-23T07:00:00+0700,1.08213,1.08606,1.08044,1.08136,37389,0.005619999999999958,0.00510470074171734,0.005619999999999958,0.0007699999999999374,0.003929999999999989,0.0009200000000000319,0.16370106761566525,0,1,,0,0,0,0,1.0798194028696733,1.0786405829853116,1.08945,1.07667,1.0855299999999999,0,0
2024-05-24T07:00:00+0700,1.08102,1.08573,1.08051,1.08455,28333,0.005220000000000002,0.005112936403023244,0.005220000000000002,0.003529999999999811,0.001180000000000181,0.0005100000000000104,0.7739463601532222,0,0,,0,0,0,0,1.0802699359297043,1.0788723248290248,1.08945,1.07667,1.0855299999999999,0,0
2024-05-27T07:00:00+0700,1.08429,1.0867,1.08402,1.08572,18533,0.0026800000000000157,0.0049391552313787284,0.0026800000000000157,0.0014300000000000423,0.0009799999999999809,0.00026999999999999247,0.6343283582089645,0,0,,0,0,0,0,1.0807889896506848,1.0791408611102395,1.08945,1.07667,1.0855299999999999,0,0
2024-05-28T07:00:00+0700,1.08557,1.08885,1.08498,1.0855299999999999,32610,0.00387000000000004,0.004862787000565965,0.00387000000000004,4.0000000000040004e-05,0.0032800000000001717,0.0005499999999998284,0.1421188630490498,1,0,,0,0,0,0,1.0812405144458577,1.0793914155765048,1.08743,1.08044,1.08572,1,0
2024-05-29T07:00:00+0700,1.08552,1.08592,1.07992,1.07994,35288,0.006000000000000005,0.00494401650052554,0.006000000000000005,0.00558000000000014,0.00039999999999995595,1.999999999990898e-05,0.0033333333333181604,0,0,CHOCH_DN,0,0,0,1,1.0811166559272045,1.0794129286911516,1.08743,1.08044,1.08572,0,0
2024-05-30T07:00:00+0700,1.07992,1.08446,1.07878,1.08303,34485,0.005679999999999907,0.0049965867504879954,0.005679999999999907,0.003109999999999946,0.0014300000000000423,0.0011399999999999189,0.7482394366197067,0,1,,0,0,0,0,1.0812988791722327,1.079554774624832,1.08743,1.08044,1.08572,0,1
2024-05-31T07:00:00+0700,1.08269,1.08819,1.08108,1.08449,38272,0.00710999999999995,0.005147544839738849,0.00710999999999995,0.0018000000000000238,0.0037000000000000366,0.0016099999999998893,0.47960618846693914,0,0,,0,0,0,0,1.081602795441544,1.0797483128748386,1.08743,1.08044,1.08572,1,0
2024-06-03T07:00:00+0700,1.08437,1.09033,1.08274,1.0903,37608,0.007589999999999986,0.005322005922614646,0.007589999999999986,0.005929999999999991,2.999999999997449e-05,0.0016300000000000203,0.9960474308300429,0,0,CHOCH_UP,0,0,1,0,1.0824311006375873,1.0801621045268057,1.08743,1.08044,1.08572,0,0
2024-06-04T07:00:00+0700,1.09005,1.09155,1.08585,1.08777,41111,0.005700000000000038,0.0053490054995707454,0.005700000000000038,0.0022800000000000598,0.0015000000000000568,0.0019199999999999218,0.3368421052631419,1,0,,0,0,0,0,1.0829395672435314,1.080460453368892,1.09033,1.07878,1.0903,1,0
2024-06-05T07:00:00+0700,1.08776,1.08915,1.0854,1.0867,33117,0.003750000000000142,0.005234790821029988,0.003750000000000142,0.001060000000000061,0.0013900000000000023,0.0013000000000000789,0.34666666666667456,0,0,,0,0,0,0,1.0832977036965283,1.0807051414720725,1.09033,1.07878,1.0903,0,0
2024-06-06T07:00:00+0700,1.0867,1.0901399999999999,1.08615,1.08866,32657,0.003989999999999938,0.005145877190956413,0.003989999999999938,0.0019599999999999618,0.0014799999999999258,0.0005500000000000504,0.6290726817042734,0,0,,0,0,0,0,1.0838083985825733,1.0810170967084618,1.09033,1.07878,1.0903,0,0
2024-06-07T07:00:00+0700,1.08864,1.09013,1.07992,1.08001,39264,0.010210000000000052,0.0055076002487452445,0.010210000000000052,0.008630000000000138,0.0014899999999999913,8.999999999992347e-05,0.00881488736532057,0,0,,0,0,0,0,1.083446646336614,1.0809776027198945,1.09033,1.07878,1.0903,0,0
2024-06-10T07:00:00+0700,1.07713,1.07811,1.07324,1.07637,34595,0.006769999999999943,0.005597771659549152,0.00486999999999993,0.0007599999999998719,0.0009799999999999809,0.003130000000000077,0.6427104722792859,0,0,CHOCH_DN,0,0,0,1,1.082772680018841,1.0807969124171535,1.09033,1.07878,1.0903,0,0
2024-06-11T07:00:00+0700,1.07637,1.0773,1.0719,1.07389,34639,0.005399999999999849,0.005583645112438487,0.005399999999999849,0.0024800000000000377,0.0009299999999998754,0.0019899999999999363,0.36851851851851697,0,1,,0,0,0,0,1.0819267104932373,1.0805260531066767,1.09155,1.07324,1.07637,0,1
2024-06-12T07:00:00+0700,1.07329,1.08518,1.07329,1.08073,44598,0.011889999999999956,0.006034099032978592,0.011889999999999956,0.007439999999999891,0.004450000000000065,0.0,0.6257359125315323,1,0,,0,0,0,0,1.08181273806531,1.080534051024062,1.09155,1.07324,1.07637,0,0
2024-06-13T07:00:00+0700,1.08075,1.0816,1.07324,1.07355,39498,0.008359999999999923,0.006200234816337259,0.008359999999999923,0.007200000000000095,0.0008499999999997954,0.00031000000000003247,0.037081339712922885,0,0,,0,0,0,0,1.0810258106305186,1.0802601666701772,1.09155,1.07324,1.07637,0,0
2024-06-14T07:00:00+0700,1.07348,1.07444,1.06671,1.07013,45784,0.007730000000000015,0.006309503758027455,0.007730000000000015,0.003349999999999964,0.0009600000000000719,0.0034199999999999786,0.4424320827943043,0,1,,0,0,0,0,1.079988114379993,1.0798629052321311,1.09155,1.07324,1.07637,0,0
2024-06-17T07:00:00+0700,1.07022,1.07374,1.06859,1.07328,37331,0.005149999999999988,0.0062266820610254936,0.005149999999999988,0.0030600000000000627,0.00045999999999990493,0.0016300000000000203,0.9106796116505037,0,0,,0,0,0,0,1.0793492463438032,1.0796047520857732,1.09155,1.07324,1.07637,0,1
2024-06-18T07:00:00+0700,1.07327,1.0761,1.07096,1.07384,36433,0.0051400000000001445,0.006149061913809397,0.0051400000000001445,0.0005699999999999594,0.0022600000000001508,0.0023100000000000342,0.5603112840466756,1,0,,0,0,0,0,1.078824556215822,1.0793786833765273,1.08518,1.06671,1.07328,0,0
2024-06-19T07:00:00+0700,1.07379,1.0753,1.07244,1.07409,23397,0.0028599999999998627,0.005914128919965859,0.0028599999999998627,0.00029999999999996696,0.0012099999999999334,0.0013499999999999623,0.5769230769230799,0,0,,0,0,0,0,1.0783736461000295,1.0791712840284282,1.08518,1.06671,1.07328,0,0
2024-06-20T07:00:00+0700,1.07384,1.07483,1.07003,1.07004,33879,0.0047999999999999154,0.005834548282825435,0.0047999999999999154,0.0037999999999998035,0.0009900000000000464,1.0000000000065512e-05,0.0020833333333470185,0,0,,0,0,0,0,1.0775799655190743,1.078813194458686,1.08518,1.06671,1.07328,0,0
2024-06-21T07:00:00+0700,1.07005,1.07201,1.06706,1.06911,36588,0.00495000000000001,0.00577136626262362,0.00495000000000001,0.0009399999999999409,0.0019599999999999618,0.0020500000000001073,0.41414141414143496,0,1,,0,0,0,0,1.0767733021363053,1.0784326770289336,1.08518,1.06671,1.07328,0,0
2024-06-24T07:00:00+0700,1.06799,1.07459,1.06799,1.07306,33213,0.006599999999999939,0.005830554386721929,0.006599999999999939,0.005069999999999908,0.0015300000000000313,0.0,0.7681818181818113,0,0,,0,0,0,0,1.0764196543138,1.0782219838121128,1.08518,1.06671,1.07328,0,0
2024-06-25T07:00:00+0700,1.0729899999999999,1.07437,1.06903,1.07127,31264,0.005340000000000122,0.0057955147876703715,0.005340000000000122,0.0017199999999999438,0.0013800000000001589,0.0022400000000000198,0.4194756554307057,0,0,,0,0,0,0,1.075929211045819,1.0779493569959515,1.0761,1.06706,1.07306,0,0
2024-06-26T07:00:00+0700,1.07116,1.07175,1.06656,1.06791,35681,0.005190000000000028,0.0057522637314082045,0.005190000000000028,0.003249999999999975,0.0005900000000000905,0.0013499999999999623,0.2601156069364075,0,1,,0,0,0,0,1.0751654766605028,1.0775556567216007,1.0761,1.06706,1.07306,0,1
2024-06-27T07:00:00+0700,1.06791,1.0726,1.06766,1.07024,35603,0.0049399999999999444,0.005694244893450472,0.0049399999999999444,0.0023300000000001653,0.0023599999999999177,0.00024999999999986144,0.522267206477744,0,0,,0,0,0,0,1.0746963836452168,1.0772687682227144,1.0761,1.06706,1.07306,0,0
2024-06-28T07:00:00+0700,1.07024,1.07243,1.0685,1.07104,40497,0.003929999999999989,0.005568227401061152,0.003929999999999989,0.0007999999999999119,0.0013900000000000023,0.0017400000000000748,0.646310432569973,0,0,,0,0,0,0,1.0743481566313866,1.077024502802216,1.0761,1.06706,1.07306,0,0
2024-07-01T07:00:00+0700,1.07426,1.07759,1.0719400000000001,1.07389,39014,0.006550000000000056,0.005638354015271074,0.005649999999999933,0.00036999999999998145,0.003330000000000055,0.0019499999999998963,0.3451327433628176,0,0,,0,0,0,0,1.0743045226664927,1.076901581123698,1.0761,1.06706,1.07306,1,0
2024-07-02T07:00:00+0700,1.07389,1.07467,1.07095,1.07439,34676,0.0037199999999999456,0.005501328728465993,0.0037199999999999456,0.0004999999999999449,0.000280000000000058,0.0029399999999999427,0.9247311827956822,0,0,,0,0,0,0,1.0743126633649218,1.076803087746298,1.07759,1.06656,1.07389,0,0
2024-07-03T07:00:00+0700,1.07437,1.08163,1.07358,1.07837,31157,0.008050000000000113,0.005683376676432716,0.008050000000000113,0.0040000000000000036,0.0032600000000000406,0.0007900000000000684,0.5950310559006218,0,0,CHOCH_UP,0,0,1,0,1.0746990763777864,1.076864535285659,1.07759,1.06656,1.07389,0,0
2024-07-04T07:00:00+0700,1.07837,1.08134,1.07809,1.08093,21263,0.003249999999999975,0.00550956405668752,0.003249999999999975,0.0025599999999998957,0.00041000000000002146,0.000280000000000058,0.8738461538461463,0,0,BOS_UP,1,0,0,0,1.0752924976751401,1.0770239652744567,1.07759,1.06656,1.07389,0,0
2024-07-05T07:00:00+0700,1.08093,1.08421,1.07985,1.08349,34574,0.0043599999999999195,0.0054274523383526915,0.0043599999999999195,0.0025600000000001177,0.0007199999999998319,0.0010799999999999699,0.8348623853211364,0,0,BOS_UP,1,0,0,0,1.0760732121822696,1.0772775352636936,1.07759,1.06656,1.07389,0,0
2024-07-08T07:00:00+0700,1.07999,1.08446,1.07999,1.08225,33623,0.004469999999999974,0.005359062885613212,0.004469999999999974,0.0022599999999999287,0.0022100000000000453,0.0,0.505592841163298,1,0,,0,0,0,0,1.07666147768872,1.0774725338808038,1.07759,1.06656,1.07389,0,0
2024-07-09T07:00:00+0700,1.08227,1.08329,1.0805,1.08123,32239,0.00279000000000007,0.005175558393783702,0.00279000000000007,0.001040000000000152,0.0010200000000000209,0.0007299999999998974,0.2616487455196699,0,0,,0,0,0,0,1.077096575051699,1.0776198854933214,1.08446,1.07095,1.08225,0,0
2024-07-10T07:00:00+0700,1.08116,1.08293,1.08105,1.08288,28357,0.0018799999999998818,0.004940161365656287,0.0018799999999998818,0.0017200000000001658,4.999999999988347e-05,0.00010999999999983245,0.9734042553192093,0,0,,0,0,0,0,1.0776473774277278,1.0778261644935834,1.08446,1.07095,1.08225,0,0
2024-07-11T07:00:00+0700,1.08288,1.08995,1.0825,1.08667,40801,0.007449999999999957,0.005119435553823692,0.007449999999999957,0.00378999999999996,0.0032799999999999496,0.00038000000000004697,0.5597315436241653,0,0,BOS_UP,1,0,0,0,1.0785066748155632,1.0781729815722665,1.08446,1.07095,1.08225,0,0
2024-07-12T07:00:00+0700,1.08643,1.09109,1.08613,1.09049,39032,0.004959999999999853,0.005108047299979132,0.004959999999999853,0.0040599999999999525,0.0005999999999999339,0.00029999999999996696,0.8790322580645259,0,0,BOS_UP,1,0,0,0,1.0796479438807476,1.078656001902766,1.08446,1.07095,1.08225,0,0
2024-07-15T07:00:00+0700,1.08832,1.09219,1.08812,1.08928,36529,0.004070000000000018,0.005033901064266338,0.004070000000000018,0.0009600000000000719,0.002909999999999968,0.00019999999999997797,0.28501228501229603,0,0,BOS_UP,1,0,0,0,1.0805652825587715,1.0790726292791282,1.08446,1.07095,1.08225,0,0
2024-07-16T07:00:00+0700,1.08928,1.0905,1.08711,1.08979,32541,0.003390000000000004,0.004916479559675886,0.003390000000000004,0.0005100000000000104,0.0007099999999999884,0.0021700000000000053,0.7905604719764049,0,0,BOS_UP,1,0,0,0,1.0814438270769837,1.0794929183270057,1.09219,1.0805,1.08928,0,0
2024-07-17T07:00:00+0700,1.08975,1.09476,1.08947,1.0937999999999999,38127,0.005290000000000017,0.00494315959112761,0.005290000000000017,0.004049999999999887,0.0009600000000000719,0.000280000000000058,0.8185255198487582,1,0,,0,0,0,0,1.0826206054506042,1.0800539803533975,1.09219,1.0805,1.08928,0,0
2024-07-18T07:00:00+0700,1.09374,1.09406,1.08931,1.08952,37489,0.004750000000000032,0.00492936247747564,0.004750000000000032,0.0042199999999998905,0.000320000000000098,0.00021000000000004349,0.04421052631579833,0,0,,0,0,0,0,1.0832776906457848,1.0804251968101268,1.09219,1.0805,1.08928,1,0
2024-07-19T07:00:00+0700,1.0895,1.09013,1.08753,1.08794,31975,0.0025999999999999357,0.004762979443370233,0.0025999999999999357,0.0015600000000000058,0.0006300000000001305,0.0004099999999997994,0.15769230769223444,0,0,,0,0,0,0,1.083721720108091,1.0807198949744357,1.09219,1.0805,1.08928,0,0
2024-07-22T07:00:00+0700,1.08835,1.09022,1.0872600000000001,1.08893,31044,0.0029599999999998516,0.004634195197415206,0.0029599999999998516,0.0005800000000000249,0.0012900000000000134,0.0010899999999998133,0.5641891891891628,0,0,,0,0,0,0,1.0842177467644634,1.081041859877399,1.09219,1.0805,1.08928,0,0
2024-07-23T07:00:00+0700,1.08894,1.08962,1.08434,1.08525,30575,0.005279999999999951,0.0046803241118855456,0.005279999999999951,0.003689999999999971,0.0006800000000000139,0.0009099999999999664,0.17234848484848006,0,0,,0,0,0,0,1.0843160565964192,1.0812068849802463,1.09476,1.08711,1.08893,0,0
2024-07-24T07:00:00+0700,1.08525,1.0866,1.08252,1.08383,35285,0.0040800000000000836,0.004637443818179441,0.0040800000000000836,0.0014199999999999768,0.0013499999999999623,0.0013100000000001444,0.32107843137257785,0,1,,0,0,0,0,1.0842697654919984,1.081309752235923,1.09476,1.08711,1.08893,0,0
2024-07-25T07:00:00+0700,1.08384,1.08696,1.08279,1.08443,45047,0.004170000000000007,0.004604054974023767,0.004170000000000007,0.0005900000000000905,0.002529999999999921,0.0010499999999999954,0.3932853717026578,0,0,,0,0,0,0,1.084285025921332,1.0814321148933377,1.09476,1.08711,1.08893,0,0
2024-07-26T07:00:00+0700,1.08441,1.08677,1.08416,1.08536,32707,0.002610000000000001,0.004461622475879213,0.002610000000000001,0.0009500000000000064,0.0014099999999999113,0.0002500000000000835,0.459770114942563,0,0,,0,0,0,0,1.0843874044050146,1.081586149603403,1.09476,1.08711,1.08893,0,0
2024-07-29T07:00:00+0700,1.08528,1.08694,1.08024,1.08199,30481,0.006699999999999928,0.004621506584744979,0.006699999999999928,0.003290000000000015,0.0016599999999999948,0.0017499999999999183,0.26119402985073686,0,0,CHOCH_DN,0,0,0,1,1.0841590801759655,1.0816019868738576,1.09476,1.08711,1.08893,0,0
2024-07-30T07:00:00+0700,1.08155,1.08353,1.07978,1.08139,32703,0.003750000000000142,0.004559256114406062,0.003750000000000142,0.00015999999999993797,0.001980000000000093,0.0016100000000001113,0.4293333333333468,0,0,BOS_DN,0,1,0,0,1.083895358254445,1.0815936736631182,1.08962,1.08024,1.08199,0,1
2024-07-31T07:00:00+0700,1.08136,1.0849,1.08014,1.08242,49150,0.0047599999999998754,0.004573594963377049,0.0047599999999998754,0.0010599999999998388,0.0024800000000000377,0.0012199999999999989,0.4789915966386339,0,0,BOS_DN,0,1,0,0,1.0837548479444978,1.0816260786175056,1.08962,1.08024,1.08199,0,1
2024-08-01T07:00:00+0700,1.08241,1.08349,1.07771,1.07901,46127,0.005780000000000118,0.0046597667517072686,0.005780000000000118,0.0034000000000000696,0.0010799999999999699,0.0013000000000000789,0.22491349480969763,0,1,,0,0,0,0,1.0833029576640694,1.081523487299172,1.08962,1.08024,1.08199,0,0
2024-08-02T07:00:00+0700,1.07901,1.09262,1.07813,1.09085,55014,0.014489999999999892,0.0053619262694424566,0.014489999999999892,0.011840000000000073,0.0017699999999998273,0.0008799999999999919,0.8778467908902802,0,0,,0,0,0,0,1.0840217236008247,1.081889232895283,1.08962,1.08024,1.08199,0,1
2024-08-05T07:00:00+0700,1.09222,1.10082,1.08923,1.09505,88438,0.01158999999999999,0.005806788678767995,0.01158999999999999,0.00283000000000011,0.005769999999999831,0.002990000000000048,0.5021570319240866,1,0,,0,0,0,0,1.0850720356388415,1.0824053414091936,1.08962,1.08024,1.08199,0,0
2024-08-06T07:00:00+0700,1.09505,1.09626,1.09032,1.09289,63318,0.005940000000000056,0.005816303773141714,0.005940000000000056,0.002160000000000162,0.0012099999999999334,0.002569999999999961,0.43265993265992203,0,0,,0,0,0,0,1.0858166036732375,1.0828165044911862,1.10082,1.07771,1.09505,0,0
2024-08-07T07:00:00+0700,1.09253,1.09361,1.0905,1.09206,48997,0.003109999999999946,0.005622996360774445,0.003109999999999946,0.00046999999999997044,0.0010799999999999699,0.0015600000000000058,0.5016077170418112,0,0,,0,0,0,0,1.086411212847215,1.0831789945111399,1.10082,1.07771,1.09505,0,0
2024-08-08T07:00:00+0700,1.09205,1.09446,1.08812,1.09174,44665,0.006340000000000012,0.005674210906433414,0.006340000000000012,0.00031000000000003247,0.0024100000000000232,0.0036199999999999566,0.5709779179810646,0,1,,0,0,0,0,1.0869187163855754,1.0835147202165853,1.10082,1.07771,1.09505,0,0
2024-08-09T07:00:00+0700,1.09173,1.0930900000000001,1.09086,1.09111,31962,0.0022300000000001763,0.005428195841688184,0.0022300000000001763,0.0006200000000000649,0.0013600000000000279,0.0002500000000000835,0.11210762331841423,0,0,,0,0,0,0,1.087317886253616,1.0838125743257387,1.10082,1.07771,1.09505,0,0
2024-08-12T07:00:00+0700,1.09132,1.09389,1.09096,1.09301,27283,0.002930000000000099,0.005249753281567607,0.002930000000000099,0.0016899999999999693,0.0008799999999999919,0.000360000000000138,0.6996587030716853,0,0,,0,0,0,0,1.0878599923247,1.0841732576855136,1.10082,1.07771,1.09505,0,0
2024-08-13T07:00:00+0700,1.093,1.09991,1.09134,1.09916,31676,0.008569999999999967,0.0054869137614556324,0.008569999999999967,0.006159999999999943,0.0007500000000000284,0.0016599999999999948,0.9124854142357023,0,0,,0,0,0,0,1.0889361835318714,1.0847609730703955,1.09626,1.08812,1.09301,0,0
2024-08-14T07:00:00+0700,1.09916,1.10469,1.09823,1.10109,33644,0.00645999999999991,0.005556419921351652,0.00645999999999991,0.0019299999999999873,0.0036000000000000476,0.0009299999999998754,0.44272445820431927,1,0,,0,0,0,0,1.0900936898621694,1.085401327067635,1.09626,1.08812,1.09301,0,0
2024-08-15T07:00:00+0700,1.10099,1.10154,1.09491,1.09706,29383,0.006629999999999914,0.005633104212683671,0.006629999999999914,0.003929999999999989,0.0005500000000000504,0.0021499999999998742,0.3242835595776625,0,0,,0,0,0,0,1.0907571479705342,1.0858585299277277,1.09626,1.08812,1.09301,0,0
2024-08-16T07:00:00+0700,1.09712,1.1029,1.09671,1.10176,25740,0.006189999999999918,0.0056728824832062595,0.006189999999999918,0.0046399999999999775,0.0011399999999999189,0.00041000000000002146,0.8158319870759396,0,0,,0,0,0,0,1.091805038640007,1.0864821169893855,1.09626,1.08812,1.09301,0,0
2024-08-19T07:00:00+0700,1.10264,1.10859,1.1022,1.10837,30525,0.006829999999999892,0.0057555337344058054,0.006389999999999896,0.005730000000000013,0.00021999999999988695,0.00043999999999999595,0.9655712050078419,0,0,CHOCH_UP,0,0,1,0,1.0933826540076255,1.087340465342743,1.09626,1.08812,1.09301,0,0
2024-08-20T07:00:00+0700,1.10835,1.11294,1.10715,1.11281,34928,0.005789999999999962,0.005757995610519673,0.005789999999999962,0.0044600000000001305,0.00012999999999996348,0.0011999999999998678,0.9775474956822169,0,0,BOS_UP,1,0,0,0,1.0952328774354707,1.0883392706234198,1.10859,1.09134,1.10837,0,0
2024-08-21T07:00:00+0700,1.11282,1.11735,1.10986,1.11481,38289,0.007489999999999997,0.005881710209768268,0.007489999999999997,0.0019900000000001583,0.0025399999999999867,0.0029599999999998516,0.6608811748998681,0,0,BOS_UP,1,0,0,0,1.0970973652987592,1.0893773384421093,1.10859,1.09134,1.10837,0,0
2024-08-22T07:00:00+0700,1.1148,1.11635,1.10976,1.11106,35247,0.006589999999999874,0.005932302337641954,0.006589999999999874,0.0037400000000000766,0.0015499999999999403,0.0012999999999998568,0.197268588770847,0,0,BOS_UP,1,0,0,0,1.0984271400322108,1.09022763889536,1.10859,1.09134,1.10837,0,0
2024-08-23T07:00:00+0700,1.11106,1.12003,1.11031,1.11876,38041,0.009720000000000173,0.006202852170667541,0.009720000000000173,0.00770000000000004,0.0012700000000001044,0.0007500000000000284,0.8693415637859998,0,0,BOS_UP,1,0,0,0,1.100363602886286,1.0913465550171106,1.10859,1.09134,1.10837,0,0
2024-08-26T07:00:00+0700,1.11839,1.12012,1.11496,1.11596,34681,0.005160000000000053,0.006128362729905578,0.005160000000000053,0.002429999999999932,0.0017300000000000093,0.001000000000000112,0.1937984496124228,1,0,,0,0,0,0,1.101848974039973,1.0923117881536946,1.10859,1.09134,1.10837,0,0
2024-08-27T07:00:00+0700,1.11574,1.11901,1.115,1.11824,31877,0.004010000000000069,0.0059770511063408985,0.004010000000000069,0.0024999999999999467,0.0007700000000001594,0.0007399999999999629,0.8079800498752753,0,0,,0,0,0,0,1.1034100241314042,1.0933285807751183,1.12012,1.10715,1.11596,0,0
2024-08-28T07:00:00+0700,1.11824,1.11845,1.11045,1.11182,35004,0.008000000000000007,0.006121547455887977,0.008000000000000007,0.00641999999999987,0.00021000000000004349,0.0013700000000000934,0.17125000000001153,0,0,,0,0,0,0,1.1042109742141277,1.094053734470212,1.12012,1.10715,1.11596,0,0
2024-08-29T07:00:00+0700,1.11182,1.11395,1.10551,1.1076,39151,0.008440000000000003,0.006287151209038836,0.008440000000000003,0.0042200000000001125,0.0021299999999999653,0.0020899999999999253,0.24763033175354557,0,0,,0,0,0,0,1.104533738574687,1.0945849605694193,1.12012,1.10715,1.11596,0,1
2024-08-30T07:00:00+0700,1.10759,1.10946,1.10431,1.10436,37828,0.005149999999999988,0.006205926122678919,0.005149999999999988,0.003230000000000066,0.0018699999999998163,5.0000000000105516e-05,0.00970873786409818,0,0,,0,0,0,0,1.1045171920437644,1.09496829544905,1.12012,1.10715,1.11596,0,0
2024-09-02T07:00:00+0700,1.10445,1.1077,1.10415,1.10699,22039,0.003549999999999942,0.006016217113916134,0.003549999999999942,0.0025399999999999867,0.0007099999999999884,0.00029999999999996696,0.8,0,0,,0,0,0,0,1.1047526975634059,1.0954397348432048,1.12012,1.10715,1.11596,0,0
2024-09-03T07:00:00+0700,1.10699,1.10724,1.10259,1.10419,37789,0.004650000000000043,0.0059186301772078415,0.004650000000000043,0.0027999999999999137,0.0002500000000000835,0.0016000000000000458,0.34408602150538303,0,1,,0,0,0,0,1.104699107319272,1.0957828824964124,1.11901,1.10415,1.10699,0,1
2024-09-04T07:00:00+0700,1.10419,1.10947,1.10346,1.10807,35928,0.006009999999999849,0.005925156593121556,0.006009999999999849,0.0038800000000001056,0.0013999999999998458,0.0007299999999998974,0.7670549084858767,0,0,,0,0,0,0,1.1050201447174366,1.0962647302416513,1.11901,1.10415,1.10699,0,1
2024-09-05T07:00:00+0700,1.10807,1.11191,1.10742,1.1109,37435,0.004489999999999883,0.00582264540789858,0.004489999999999883,0.002829999999999888,0.0010099999999999554,0.0006500000000000394,0.7750556792873092,0,0,,0,0,0,0,1.1055801309348234,1.0968386623890376,1.11901,1.10415,1.10699,0,0
2024-09-06T07:00:00+0700,1.11071,1.11549,1.10652,1.10818,46451,0.008970000000000145,0.006047456450191549,0.008970000000000145,0.0025300000000001432,0.0047800000000000065,0.0016599999999999948,0.18506131549609456,1,0,,0,0,0,0,1.1058277375124592,1.0972834207267224,1.11901,1.10415,1.10699,0,0
2024-09-09T07:00:00+0700,1.10757,1.10906,1.10325,1.1033,32386,0.005809999999999871,0.006030495275177857,0.005809999999999871,0.004269999999999996,0.0014899999999999913,4.999999999988347e-05,0.00860585197932609,0,0,,0,0,0,0,1.1055870006065107,1.0975193650119488,1.11901,1.10415,1.10699,0,0
2024-09-10T07:00:00+0700,1.10331,1.10492,1.10147,1.10181,28765,0.003449999999999953,0.005846174184093722,0.003449999999999953,0.0015000000000000568,0.0016099999999998893,0.00034000000000000696,0.09855072463768452,0,0,CHOCH_DN,0,0,0,1,1.1052272862630335,1.0976876252075587,1.11549,1.10259,1.1033,0,0
2024-09-11T07:00:00+0700,1.10181,1.10544,1.10016,1.10105,40874,0.005279999999999951,0.005805733170944167,0.005279999999999951,0.0007599999999998719,0.003630000000000022,0.0008900000000000574,0.16856060606061848,0,1,,0,0,0,0,1.104829449476078,1.0978194830425563,1.11549,1.10259,1.1033,0,0
2024-09-12T07:00:00+0700,1.10104,1.10746,1.1005,1.1072899999999999,36593,0.006960000000000077,0.005888180801591018,0.006960000000000077,0.006249999999999867,0.00017000000000022553,0.0005399999999999849,0.975574712643646,0,0,,0,0,0,0,1.1050637876212133,1.0981908758644168,1.11549,1.10259,1.1033,0,1
2024-09-13T07:00:00+0700,1.1072899999999999,1.11013,1.10671,1.10697,36468,0.0034199999999999786,0.005711882172905944,0.0034199999999999786,0.00031999999999987594,0.0028400000000001757,0.00025999999999992696,0.07602339181284462,0,0,,0,0,0,0,1.105245331657288,1.0985351552422828,1.11549,1.10259,1.1033,0,0
2024-09-16T07:00:00+0700,1.10742,1.11371,1.10735,1.11311,31986,0.006739999999999968,0.005785319160555517,0.006359999999999921,0.005689999999999973,0.0005999999999999339,7.00000000000145e-05,0.9056603773584998,0,0,,0,0,0,0,1.1059943476899272,1.099106717781801,1.11549,1.10259,1.1033,0,0
2024-09-17T07:00:00+0700,1.1131199999999999,1.11457,1.11104,1.11121,37334,0.003530000000000033,0.0056242249348015545,0.003530000000000033,0.0019099999999998563,0.0014500000000001734,0.00017000000000000348,0.04815864022662943,0,0,,0,0,0,0,1.1064910764813627,1.0995813563001617,1.11371,1.10016,1.11311,1,0
2024-09-18T07:00:00+0700,1.11122,1.11885,1.10962,1.11173,42735,0.00922999999999985,0.005881780296601432,0.00922999999999985,0.0005100000000000104,0.007119999999999793,0.0016000000000000458,0.22860238353197082,1,0,,0,0,0,0,1.106990021578376,1.1000577737001553,1.11371,1.10016,1.11311,1,0
2024-09-19T07:00:00+0700,1.11164,1.11784,1.10681,1.116,52991,0.011029999999999873,0.006249510275415607,0.011029999999999873,0.0043600000000001415,0.0018399999999998418,0.00482999999999989,0.8331822302810641,0,1,,0,0,0,0,1.1078481147613877,1.1006829590452474,1.11371,1.10016,1.11311,0,0
2024-09-20T07:00:00+0700,1.11599,1.11815,1.11356,1.1162,44143,0.004589999999999872,0.006130973827171626,0.004589999999999872,0.00021000000000004349,0.0019499999999998963,0.002429999999999932,0.5751633986928212,0,0,,0,0,0,0,1.1086435324031603,1.1012914704552377,1.11371,1.10016,1.11311,0,0
2024-09-23T07:00:00+0700,1.11569,1.1166800000000001,1.10827,1.11098,39572,0.008410000000000029,0.006293761410945084,0.008410000000000029,0.004709999999999992,0.0009900000000000464,0.00270999999999999,0.3222354340071321,0,0,,0,0,0,0,1.108866053126669,1.1016714127903264,1.11371,1.10016,1.11311,1,0
2024-09-24T07:00:00+0700,1.11103,1.1179999999999999,1.1103,1.11781,38848,0.007699999999999818,0.006394207024448994,0.007699999999999818,0.006780000000000008,0.00018999999999991246,0.0007299999999998974,0.9753246753246861,0,0,,0,0,0,0,1.1097178575907956,1.1023042985632547,1.11885,1.10681,1.11098,0,0
2024-09-25T07:00:00+0700,1.11776,1.12134,1.11211,1.11315,39226,0.009230000000000071,0.006596763665559785,0.009230000000000071,0.004610000000000003,0.0035799999999999166,0.001040000000000152,0.11267605633804376,1,0,,0,0,0,0,1.110044728296434,1.102729620188225,1.11885,1.10681,1.11098,1,0
2024-09-26T07:00:00+0700,1.11316,1.11888,1.11253,1.11754,44944,0.006350000000000078,0.006579137689448377,0.006350000000000078,0.0043800000000000505,0.0013400000000001189,0.0006299999999999084,0.7889763779527398,0,0,,0,0,0,0,1.1107585636967738,1.10331041939653,1.11885,1.10681,1.11098,1,0
2024-09-27T07:00:00+0700,1.11749,1.12024,1.11245,1.11606,50437,0.007789999999999964,0.006665627854487777,0.007789999999999964,0.0014300000000000423,0.002749999999999808,0.003610000000000113,0.46341463414635814,0,0,,0,0,0,0,1.1112634623923192,1.1038104029496074,1.11885,1.10681,1.11098,1,0
2024-09-30T07:00:00+0700,1.11539,1.12084,1.11132,1.11333,45557,0.009519999999999973,0.00686951157916722,0.009519999999999973,0.002060000000000173,0.005449999999999955,0.0020099999999998452,0.21113445378149695,1,0,,0,0,0,0,1.1114602754978127,1.1041837204809954,1.11885,1.10681,1.11098,1,0
2024-10-01T07:00:00+0700,1.11333,1.11436,1.10453,1.10663,48948,0.009830000000000005,0.007080975037798134,0.009830000000000005,0.006699999999999928,0.0010300000000000864,0.0020999999999999908,0.21363173957273546,0,0,BOS_DN,0,1,0,0,1.1110002492599256,1.1042796530111525,1.12134,1.1103,1.11333,0,0
2024-10-02T07:00:00+0700,1.10651,1.10824,1.10322,1.10432,39413,0.005019999999999802,0.0069337625350982535,0.005019999999999802,0.0021900000000001363,0.0017299999999997873,0.0010999999999998789,0.2191235059760801,0,0,BOS_DN,0,1,0,0,1.1103640350446946,1.1042812352460092,1.12134,1.1103,1.11333,0,0
2024-10-03T07:00:00+0700,1.1042399999999999,1.1049,1.10078,1.10292,44041,0.0041199999999999015,0.006732779496876943,0.0041199999999999015,0.0013199999999999878,0.000660000000000105,0.0021399999999998087,0.5194174757281214,0,0,BOS_DN,0,1,0,0,1.1096550793261524,1.1042278534716559,1.12134,1.1103,1.11333,0,0
2024-10-04T07:00:00+0700,1.10292,1.10391,1.09508,1.09646,42937,0.008829999999999893,0.006882580961385725,0.008829999999999893,0.00645999999999991,0.0009900000000000464,0.0013799999999999368,0.15628539071347153,0,1,,0,0,0,0,1.1083984051046138,1.1039232317668852,1.12134,1.1103,1.11333,0,0
2024-10-07T07:00:00+0700,1.0959,1.09864,1.09538,1.09697,42049,0.0032600000000000406,0.006623825178429604,0.0032600000000000406,0.0010699999999999044,0.0016700000000000603,0.000520000000000076,0.4877300613496811,0,0,,0,0,0,0,1.1073099855708413,1.1036505560113212,1.12134,1.1103,1.11333,0,0
2024-10-08T07:00:00+0700,1.09703,1.09967,1.09605,1.09731,39753,0.0036199999999999566,0.006409266237113202,0.0036199999999999566,0.000280000000000058,0.0023599999999999177,0.0009799999999999809,0.34806629834255637,0,0,,0,0,0,0,1.1063576059926659,1.1034019067559755,1.11436,1.09508,1.09697,0,0
2024-10-09T07:00:00+0700,1.09734,1.09806,1.09357,1.09375,35929,0.004490000000000105,0.006272175791605123,0.004490000000000105,0.003589999999999982,0.0007200000000000539,0.000180000000000069,0.040089086859702625,0,0,BOS_DN,0,1,0,0,1.105156881612412,1.1030234006086825,1.11436,1.09508,1.09697,0,0
2024-10-10T07:00:00+0700,1.09375,1.09544,1.08998,1.0924,42390,0.00546000000000002,0.006214163235061901,0.00546000000000002,0.0013499999999999623,0.0016899999999999693,0.0024200000000000887,0.4432234432234578,0,0,BOS_DN,0,1,0,0,1.1039419405064679,1.102606796663244,1.11436,1.09508,1.09697,0,0
2024-10-11T07:00:00+0700,1.0924,1.09533,1.09229,1.09299,29455,0.0030399999999999316,0.005987437289700332,0.0030399999999999316,0.0005899999999998684,0.0023400000000000087,0.0001100000000000545,0.23026315789471666,0,0,BOS_DN,0,1,0,0,1.102898898553471,1.1022296673823324,1.11436,1.09508,1.09697,0,0
2024-10-14T07:00:00+0700,1.09312,1.09362,1.08877,1.09074,27728,0.004850000000000021,0.005906191769007453,0.004850000000000021,0.0023800000000000487,0.0004999999999999449,0.0019700000000000273,0.40618556701031316,0,0,BOS_DN,0,1,0,0,1.1017409082150451,1.1017790921908686,1.11436,1.09508,1.09697,0,0
2024-10-15T07:00:00+0700,1.09074,1.09162,1.08815,1.08872,33221,0.003470000000000084,0.005732178071221212,0.003470000000000084,0.002020000000000133,0.0008799999999999919,0.0005699999999999594,0.16426512968298143,0,0,BOS_DN,0,1,0,0,1.100500821718374,1.1012669709284815,1.09967,1.08877,1.09074,0,0
2024-10-16T07:00:00+0700,1.08866,1.09009,1.08528,1.08605,31823,0.004809999999999981,0.005666308208991125,0.004809999999999981,0.002610000000000001,0.0014300000000000423,0.0007699999999999374,0.1600831600831477,0,0,BOS_DN,0,1,0,0,1.0991245529832907,1.1006702269705018,1.09967,1.08877,1.09074,0,0
2024-10-17T07:00:00+0700,1.08599,1.08731,1.08106,1.08299,35917,0.006250000000000089,0.005708000479777479,0.006250000000000089,0.0030000000000001137,0.0013199999999999878,0.0019299999999999873,0.3087999999999936,0,1,,0,0,0,0,1.097587928889644,1.0999768847363645,1.09967,1.08877,1.09074,0,0
2024-10-18T07:00:00+0700,1.08299,1.08691,1.08237,1.08652,28445,0.0045399999999999885,0.005624571874079088,0.0045399999999999885,0.003530000000000033,0.0003900000000001125,0.0006199999999998429,0.9140969162995345,0,0,,0,0,0,0,1.0965338404239635,1.099449163766311,1.09967,1.08877,1.09074,0,0
2024-10-21T07:00:00+0700,1.08601,1.0871,1.08107,1.08138,27347,0.00602999999999998,0.00565353102593058,0.00602999999999998,0.004629999999999912,0.0010900000000000354,0.00031000000000003247,0.05140961857380324,0,0,,0,0,0,0,1.0950906175264432,1.0987405691088088,1.09967,1.08877,1.09074,0,0
2024-10-22T07:00:00+0700,1.08139,1.08376,1.07921,1.0796999999999999,30203,0.004550000000000054,0.005574707381221258,0.004550000000000054,0.0016900000000001913,0.0023699999999999832,0.0004899999999998794,0.10769230769227991,0,0,BOS_DN,0,1,0,0,1.0936248444286867,1.0979938801241498,1.09162,1.08106,1.08138,0,0
2024-10-23T07:00:00+0700,1.07973,1.08062,1.07608,1.07804,32886,0.0045399999999999885,0.005500799711134025,0.0045399999999999885,0.0016899999999999693,0.0008899999999998354,0.001960000000000184,0.4317180616740504,0,1,,0,0,0,0,1.0921405735307166,1.097211375021242,1.09162,1.08106,1.08138,0,0
2024-10-24T07:00:00+0700,1.07801,1.08294,1.07701,1.08264,35202,0.005929999999999991,0.005531456874624451,0.005929999999999991,0.004630000000000134,0.00029999999999996696,0.0009999999999998899,0.9494097807757221,0,0,,0,0,0,0,1.0912357570039817,1.0966399485498208,1.09162,1.08106,1.08138,0,1
2024-10-25T07:00:00+0700,1.08262,1.08389,1.07925,1.07937,30043,0.0046399999999999775,0.005467781383579846,0.0046399999999999775,0.003249999999999975,0.0012700000000001044,0.00011999999999989797,0.025862068965495377,1,0,,0,0,0,0,1.0901056849083643,1.0959626956655142,1.09162,1.08106,1.08138,0,0
2024-10-28T07:00:00+0700,1.07961,1.08271,1.07816,1.08107,32805,0.004550000000000054,0.0054022255704670044,0.004550000000000054,0.0014600000000000168,0.0016400000000000858,0.0014499999999999513,0.639560439560425,0,0,,0,0,0,0,1.0892451434885202,1.0953786683845137,1.09162,1.08106,1.08138,0,1
2024-10-29T07:00:00+0700,1.08107,1.08259,1.07684,1.08169,38625,0.005749999999999922,0.005427066601147927,0.005749999999999922,0.0006200000000000649,0.0008999999999999009,0.004229999999999956,0.8434782608695803,0,1,,0,0,0,0,1.0885256060134232,1.0948418578596308,1.08389,1.07608,1.08107,0,0
2024-10-30T07:00:00+0700,1.08169,1.08709,1.08078,1.08542,40786,0.006309999999999816,0.00549013327249449,0.006309999999999816,0.003730000000000011,0.0016699999999998383,0.0009099999999999664,0.7353407290016026,0,0,CHOCH_UP,0,0,1,0,1.0882298340121448,1.0944723732376844,1.08389,1.07608,1.08107,0,0
2024-10-31T07:00:00+0700,1.08545,1.08877,1.08435,1.08822,44040,0.0044200000000000905,0.005413695181602033,0.0044200000000000905,0.002769999999999939,0.0005500000000000504,0.001100000000000101,0.8755656108597196,0,0,BOS_UP,1,0,0,0,1.0882288974395595,1.0942271821303244,1.08389,1.07608,1.08107,0,0
2024-11-01T07:00:00+0700,1.08822,1.09053,1.08314,1.08325,39583,0.007390000000000008,0.005554859811487603,0.007390000000000008,0.004969999999999919,0.0023100000000000342,0.0001100000000000545,0.014884979702307765,0,0,,0,0,0,0,1.08775471673103,1.0937967043997237,1.08389,1.07608,1.08107,1,0
2024-11-04T07:00:00+0700,1.0876,1.09143,1.08693,1.08756,41038,0.008179999999999854,0.005742369824952764,0.0044999999999999485,3.999999999981796e-05,0.00383,0.0006300000000001305,0.1400000000000306,0,0,BOS_UP,1,0,0,0,1.0877361722804557,1.0935521277565972,1.08389,1.07608,1.08107,0,0
2024-11-05T07:00:00+0700,1.08756,1.09361,1.08715,1.09268,31028,0.00645999999999991,0.005793629123170417,0.00645999999999991,0.005120000000000013,0.0009299999999998754,0.00041000000000002146,0.8560371517028037,0,0,BOS_UP,1,0,0,0,1.0882070130156505,1.0935179266681032,1.09143,1.07684,1.08756,0,0
2024-11-06T07:00:00+0700,1.09266,1.09366,1.0682,1.07244,96654,0.025460000000000038,0.007198369900086819,0.025460000000000038,0.020219999999999905,0.001000000000000112,0.0042400000000000215,0.16653574234092755,1,1,,0,0,0,0,1.0867053927284458,1.09269134130857,1.09143,1.07684,1.08756,1,0
2024-11-07T07:00:00+0700,1.07244,1.08243,1.07123,1.08033,59068,0.011200000000000099,0.007484200621509196,0.011200000000000099,0.007889999999999953,0.0020999999999999908,0.0012100000000001554,0.8125000000000024,0,0,,0,0,0,0,1.0860982124685938,1.092206582825881,1.09143,1.07684,1.08756,0,1
2024-11-08T07:00:00+0700,1.08042,1.08047,1.06864,1.07144,51361,0.011830000000000007,0.007794614862829969,0.011830000000000007,0.008979999999999988,5.0000000000105516e-05,0.0027999999999999137,0.23668639053253693,0,0,,0,0,0,0,1.0847021922334896,1.0913922070287876,1.09143,1.07684,1.08756,0,0
2024-11-11T07:00:00+0700,1.07035,1.07274,1.06282,1.06507,38453,0.009919999999999929,0.007946428086913537,0.009919999999999929,0.005279999999999951,0.0023900000000001143,0.0022499999999998632,0.2268145161290201,0,0,CHOCH_DN,0,0,0,1,1.082832459639824,1.090359963615894,1.09143,1.07684,1.08756,0,0
2024-11-12T07:00:00+0700,1.06491,1.06626,1.05946,1.06194,46182,0.006799999999999917,0.007864540366419707,0.006799999999999917,0.002969999999999917,0.0013499999999999623,0.0024800000000000377,0.36470588235295115,0,0,BOS_DN,0,1,0,0,1.0808427015788884,1.0892454552388002,1.09366,1.06282,1.06507,0,0
2024-11-13T07:00:00+0700,1.06201,1.06535,1.05553,1.0562,50781,0.00981999999999994,0.008004216054532581,0.00981999999999994,0.005809999999999871,0.0033400000000001207,0.0006699999999999484,0.06822810590630882,0,0,BOS_DN,0,1,0,0,1.0784957776189943,1.087949555033357,1.09366,1.06282,1.06507,0,0
2024-11-14T07:00:00+0700,1.05614,1.0582,1.0496,1.05288,54020,0.008599999999999941,0.008046772050637392,0.008599999999999941,0.0032600000000000406,0.0020599999999999508,0.0032799999999999496,0.38139534883720605,0,1,,0,0,0,0,1.0760561797505186,1.0865742783653822,1.09366,1.06282,1.06507,0,0
2024-11-15T07:00:00+0700,1.05289,1.05926,1.05159,1.05396,51780,0.007670000000000066,0.008019859761306154,0.007670000000000066,0.0010699999999999044,0.005300000000000082,0.0013000000000000789,0.30899608865710076,0,0,,0,0,0,0,1.0739517816790407,1.085295287056936,1.09366,1.06282,1.06507,0,0
2024-11-18T07:00:00+0700,1.05288,1.06067,1.05287,1.05969,42819,0.007800000000000029,0.008004155492641432,0.007800000000000029,0.006809999999999983,0.0009799999999999809,1.0000000000065512e-05,0.8743589743589772,0,0,,0,0,0,0,1.0725935167572274,1.0842911581527424,1.09366,1.06282,1.06507,0,0
2024-11-19T07:00:00+0700,1.05969,1.06005,1.05235,1.05929,50215,0.00770000000000004,0.007982430100309905,0.00770000000000004,0.00039999999999995595,0.00035999999999991594,0.006940000000000168,0.9012987012987185,0,0,,0,0,0,0,1.071326515161301,1.083310720578125,1.06626,1.0496,1.05969,0,0
2024-11-20T07:00:00+0700,1.05928,1.06093,1.05063,1.05422,41168,0.010299999999999976,0.008147970807430623,0.010299999999999976,0.0050600000000000644,0.0016499999999999293,0.003589999999999982,0.34854368932038743,1,0,,0,0,0,0,1.069697323241177,1.0821699080064338,1.06626,1.0496,1.05969,0,0
2024-11-21T07:00:00+0700,1.05422,1.05544,1.04617,1.0473,47528,0.00926999999999989,0.008228115749757,0.00926999999999989,0.006920000000000037,0.0012199999999999989,0.0011299999999998533,0.1218985976267386,0,0,BOS_DN,0,1,0,0,1.0675642448372553,1.0808024606336326,1.06626,1.0496,1.05969,0,0
2024-11-22T07:00:00+0700,1.04729,1.04974,1.03333,1.04141,54028,0.016409999999999814,0.008812536053345773,0.016409999999999814,0.005880000000000107,0.002449999999999841,0.008079999999999865,0.49238269347958297,0,1,,0,0,0,0,1.0650733643765644,1.079257658255843,1.06626,1.0496,1.05969,0,0
2024-11-25T07:00:00+0700,1.04795,1.05297,1.04486,1.0492,55672,0.011560000000000015,0.009008783478106791,0.008110000000000062,0.0012499999999999734,0.003770000000000051,0.003090000000000037,0.5351418002466064,0,0,,0,0,0,0,1.06356161538832,1.0780789265595354,1.06626,1.0496,1.05969,0,0
2024-11-26T07:00:00+0700,1.0492,1.05443,1.04245,1.04808,61593,0.01197999999999988,0.009221013229670585,0.01197999999999988,0.0011200000000000099,0.005230000000000068,0.005629999999999802,0.4699499165275341,0,0,,0,0,0,0,1.0620871758275277,1.0769024980670046,1.06093,1.03333,1.0492,0,0
2024-11-27T07:00:00+0700,1.04808,1.05872,1.04739,1.05643,55150,0.011330000000000062,0.009371655141836976,0.011330000000000062,0.00835000000000008,0.0022900000000001253,0.0006899999999998574,0.797881729920555,0,0,,0,0,0,0,1.061548397177287,1.0760996550055533,1.06093,1.03333,1.0492,0,0
2024-11-28T07:00:00+0700,1.05643,1.05691,1.05271,1.05464,35565,0.0041999999999999815,0.009002251203134333,0.0041999999999999815,0.0017899999999999583,0.00048000000000003595,0.0019299999999999873,0.4595238095238085,0,0,,0,0,0,0,1.060890454588974,1.0752580999072963,1.06093,1.03333,1.0492,0,0
2024-11-29T07:00:00+0700,1.05464,1.05968,1.0541,1.0574,55088,0.005579999999999918,0.008757804688624733,0.005579999999999918,0.0027599999999998737,0.0022800000000000598,0.0005399999999999849,0.5913978494623489,1,0,,0,0,0,0,1.060558030342405,1.074557782263873,1.06093,1.03333,1.0492,0,0
2024-12-02T07:00:00+0700,1.05652,1.05691,1.04601,1.04962,60942,0.01138999999999979,0.008945818639437237,0.01089999999999991,0.006899999999999906,0.0003900000000001125,0.003609999999999891,0.3311926605504515,0,1,,0,0,0,0,1.0595163131669378,1.0735798300182309,1.06093,1.03333,1.0492,0,0
2024-12-03T07:00:00+0700,1.04962,1.05346,1.04803,1.05049,51445,0.005430000000000046,0.008694688736620295,0.005430000000000046,0.0008699999999999264,0.002970000000000139,0.0015899999999999803,0.45303867403312814,0,0,,0,0,0,0,1.0586566642938962,1.0726743464881041,1.05968,1.04245,1.04962,0,0
2024-12-04T07:00:00+0700,1.0505,1.05437,1.04719,1.05074,55624,0.007179999999999964,0.008586496684004557,0.007179999999999964,0.00024000000000001798,0.003630000000000022,0.003309999999999924,0.4944289693593259,0,0,,0,0,0,0,1.0579026962659062,1.07181417603759,1.05968,1.04245,1.04962,0,0
2024-12-05T07:00:00+0700,1.0508,1.05891,1.05046,1.05827,45547,0.008450000000000069,0.00857674692086138,0.008450000000000069,0.007470000000000088,0.0006399999999999739,0.00034000000000000696,0.9242603550295895,0,0,,0,0,0,0,1.057937677573915,1.0712830318792532,1.05968,1.04245,1.04962,0,0
2024-12-06T07:00:00+0700,1.05827,1.06292,1.05418,1.05668,46145,0.008740000000000192,0.008588407855085581,0.008740000000000192,0.0015899999999999803,0.004650000000000043,0.0025000000000001688,0.2860411899313631,1,0,,0,0,0,0,1.0578178987573519,1.0707103639624198,1.05968,1.04245,1.04962,1,0
2024-12-09T07:00:00+0700,1.05591,1.0594,1.05316,1.05521,41272,0.006239999999999801,0.008420664436865169,0.006239999999999801,0.0006999999999999229,0.003489999999999993,0.0020499999999998852,0.3285256410256331,0,0,,0,0,0,0,1.057569527447128,1.0701025065521288,1.05968,1.04245,1.04962,0,0
2024-12-10T07:00:00+0700,1.05521,1.05676,1.0498,1.0526200000000001,41004,0.006959999999999855,0.00831633126280336,0.006959999999999855,0.00258999999999987,0.0015499999999999403,0.0028200000000000447,0.4051724137931183,0,0,,0,0,0,0,1.0570981438807348,1.0694169180598885,1.06292,1.04719,1.05521,0,0
2024-12-11T07:00:00+0700,1.0526200000000001,1.05389,1.04798,1.04922,48783,0.005910000000000082,0.008144450458317411,0.005910000000000082,0.0034000000000000696,0.0012699999999998823,0.0012400000000001299,0.20981387478851315,0,0,,0,0,0,0,1.056347844463522,1.06862488205754,1.06292,1.04719,1.05521,0,0
2024-12-12T07:00:00+0700,1.04922,1.05304,1.04633,1.04648,51277,0.006709999999999994,0.008041989711294738,0.006709999999999994,0.0027399999999999647,0.0038199999999999346,0.0001500000000000945,0.02235469448585613,0,0,,0,0,0,0,1.0554080497527103,1.0677564553101853,1.06292,1.04719,1.05521,0,0
2024-12-13T07:00:00+0700,1.04648,1.05237,1.04527,1.04962,42763,0.007100000000000106,0.007974704731916549,0.007100000000000106,0.0031399999999999206,0.00275000000000003,0.0012100000000001554,0.6126760563380297,0,1,,0,0,0,0,1.0548568069191189,1.0670452217686093,1.06292,1.04719,1.05521,0,1
2024-12-16T07:00:00+0700,1.04834,1.05243,1.04742,1.05092,39647,0.005009999999999959,0.007762940108208221,0.005009999999999959,0.0025800000000000267,0.0015099999999999003,0.0009200000000000319,0.6986027944111951,0,0,,0,0,0,0,1.054481872926822,1.0664128601306246,1.06292,1.04719,1.05521,0,0
2024-12-17T07:00:00+0700,1.05092,1.05339,1.04787,1.04898,41337,0.005519999999999969,0.007602730100479061,0.005519999999999969,0.0019400000000000528,0.0024699999999999722,0.0011099999999999444,0.20108695652173017,1,0,,0,0,0,0,1.0539578850290294,1.0657292185568747,1.05676,1.04527,1.05092,0,0
2024-12-18T07:00:00+0700,1.04898,1.0512299999999999,1.03437,1.03509,49069,0.016859999999999875,0.008263963664730548,0.016859999999999875,0.013889999999999958,0.0022499999999998632,0.0007200000000000539,0.042704626334523085,0,0,BOS_DN,0,1,0,0,1.0521609435976933,1.0645276805742523,1.05676,1.04527,1.05092,0,0
2024-12-19T07:00:00+0700,1.03509,1.04219,1.03465,1.03609,60353,0.00753999999999988,0.008212251974392643,0.00753999999999988,0.0009999999999998899,0.006099999999999994,0.00043999999999999595,0.1909814323607306,0,0,BOS_DN,0,1,0,0,1.0506303775407702,1.0634124774144778,1.05676,1.04527,1.05092,0,0
2024-12-20T07:00:00+0700,1.03578,1.0447,1.03426,1.04281,51143,0.010440000000000005,0.008371376833364598,0.010440000000000005,0.007030000000000092,0.0018899999999999473,0.0015199999999999658,0.8189655172413844,0,1,,0,0,0,0,1.0498855796797444,1.0626045371237138,1.05676,1.04527,1.05092,0,0
2024-12-23T07:00:00+0700,1.0429599999999999,1.04449,1.03837,1.04039,35865,0.006119999999999903,0.008210564202409976,0.006119999999999903,0.002569999999999961,0.0015300000000000313,0.0020199999999999108,0.3300653594771148,0,0,,0,0,0,0,1.048981238757864,1.0617333788051369,1.05676,1.04527,1.05092,0,0
2024-12-24T07:00:00+0700,1.04039,1.04096,1.03831,1.03895,26436,0.002650000000000041,0.007813381045094981,0.002650000000000041,0.0014399999999998858,0.0005700000000001815,0.0006399999999999739,0.24150943396225055,0,0,,0,0,0,0,1.0480258826856865,1.0608399129696413,1.05339,1.03426,1.04039,0,0
2024-12-26T07:00:00+0700,1.03947,1.04294,1.039,1.04149,24710,0.003989999999999938,0.007540282399016764,0.003940000000000055,0.002020000000000133,0.0014499999999999513,0.00046999999999997044,0.6319796954314896,0,0,,0,0,0,0,1.047403417668002,1.060081092853185,1.05339,1.03426,1.04039,0,0
2024-12-27T07:00:00+0700,1.04148,1.0443500000000001,1.04046,1.04201,34006,0.003890000000000171,0.00727954794194415,0.003890000000000171,0.0005300000000001415,0.0023400000000000087,0.0010200000000000209,0.39845758354758204,0,0,,0,0,0,0,1.0468897588424781,1.059372422545217,1.05339,1.03426,1.04039,0,0
2024-12-30T07:00:00+0700,1.04177,1.0458,1.03713,1.04057,35942,0.008669999999999956,0.007378865946090994,0.008669999999999956,0.0012000000000000899,0.004029999999999978,0.0034399999999998876,0.3967704728950294,1,0,,0,0,0,0,1.0462878770479564,1.058635072641483,1.05339,1.03426,1.04039,0,0
2024-12-31T07:00:00+0700,1.04057,1.0424,1.03434,1.0352,38896,0.008059999999999956,0.007427518378513063,0.008059999999999956,0.005370000000000097,0.0018299999999999983,0.0008599999999998609,0.10669975186102551,0,0,,0,0,0,0,1.0452318887576748,1.0577160501849543,1.0458,1.03713,1.04057,0,0
2025-01-02T07:00:00+0700,1.03504,1.03751,1.02241,1.02563,47303,0.015099999999999891,0.007975552780047836,0.015099999999999891,0.009409999999999918,0.0024699999999999722,0.0032200000000000006,0.21324503311258436,0,1,,0,0,0,0,1.0433650422093248,1.056457773707113,1.0458,1.03713,1.04057,0,0
2025-01-03T07:00:00+0700,1.02563,1.03094,1.02546,1.03058,36791,0.005479999999999929,0.007797299010044414,0.005479999999999929,0.00495000000000001,0.00035999999999991594,0.00017000000000000348,0.9343065693430802,0,0,,0,0,0,0,1.0421474191417701,1.055442959051932,1.0458,1.03713,1.04057,0,0
2025-01-06T07:00:00+0700,1.03009,1.04363,1.02949,1.03883,55031,0.014140000000000041,0.00825034908075553,0.014140000000000041,0.00873999999999997,0.0048000000000001375,0.0005999999999999339,0.6605374823196518,1,0,,0,0,0,0,1.0418314744616015,1.05479147046166,1.0458,1.03713,1.04057,0,1
2025-01-07T07:00:00+0700,1.03879,1.04339,1.03385,1.0339,47569,0.009540000000000104,0.008342467003558713,0.009540000000000104,0.004890000000000061,0.0045999999999999375,5.0000000000105516e-05,0.005241090146761528,0,0,,0,0,0,0,1.041076095941449,1.0539721971102225,1.04363,1.02241,1.03883,0,0
2025-01-08T07:00:00+0700,1.0339,1.03572,1.02726,1.03171,50153,0.008459999999999912,0.008350862217590228,0.008459999999999912,0.0021900000000001363,0.0018199999999999328,0.004449999999999843,0.5260047281323746,0,0,,0,0,0,0,1.040184086804168,1.0530991697725667,1.04363,1.02241,1.03883,0,0
2025-01-09T07:00:00+0700,1.03171,1.0321,1.02832,1.02981,35682,0.0037800000000001166,0.008024372059190935,0.0037800000000001166,0.0019000000000000128,0.0003900000000001125,0.0014899999999999913,0.39417989417987975,0,0,,0,0,0,0,1.0391960785371044,1.052185868997172,1.04363,1.02241,1.03883,0,0
2025-01-10T07:00:00+0700,1.02981,1.03114,1.02128,1.02403,48383,0.00985999999999998,0.008155488340677296,0.00985999999999998,0.005779999999999896,0.0013300000000000534,0.00275000000000003,0.2789046653144053,0,0,,0,0,0,0,1.0377516901049992,1.0510817172717926,1.04363,1.02241,1.03883,0,1
2025-01-13T07:00:00+0700,1.02297,1.02494,1.01773,1.02433,48704,0.007209999999999939,0.008087953459200343,0.007209999999999939,0.0013600000000000279,0.0006099999999999994,0.005239999999999911,0.9153952843273225,0,1,,0,0,0,0,1.0364734339045232,1.0500326303199574,1.04363,1.02241,1.03883,0,1
2025-01-14T07:00:00+0700,1.02433,1.03082,1.02381,1.03066,51266,0.007009999999999961,0.008010956783543173,0.007009999999999961,0.006329999999999947,0.00016000000000016001,0.0005199999999998539,0.9771754636233722,0,0,,0,0,0,0,1.0359197735326637,1.049272919327018,1.04339,1.01773,1.02433,0,0
2025-01-15T07:00:00+0700,1.03066,1.03538,1.02587,1.02872,44496,0.009509999999999907,0.008118031299004368,0.009509999999999907,0.0019399999999998307,0.0047200000000000575,0.002850000000000019,0.2996845425867557,1,0,,0,0,0,0,1.0352340808152671,1.0484669224906644,1.04339,1.01773,1.02433,0,0
2025-01-16T07:00:00+0700,1.02872,1.03146,1.02602,1.02953,48713,0.005440000000000111,0.007926743349075492,0.005440000000000111,0.0008099999999999774,0.0019299999999999873,0.0027000000000001467,0.6452205882353037,0,0,,0,0,0,0,1.034690835023337,1.0477242980792658,1.04339,1.01773,1.02433,0,0
2025-01-17T07:00:00+0700,1.02941,1.03301,1.02644,1.02647,43967,0.006569999999999965,0.007829833109855812,0.006569999999999965,0.0029399999999999427,0.0036000000000000476,2.999999999997449e-05,0.004566210045658242,0,0,,0,0,0,0,1.0339078983544479,1.0468907961938043,1.04339,1.01773,1.02433,0,0
2025-01-20T07:00:00+0700,1.02775,1.04338,1.02659,1.04146,48803,0.01690999999999998,0.008478416459151823,0.016790000000000083,0.013710000000000111,0.0019199999999999218,0.0011600000000000499,0.8856462179869022,0,0,CHOCH_UP,0,0,1,0,1.0346271461302148,1.0466778237940473,1.04339,1.01773,1.02433,0,0
2025-01-21T07:00:00+0700,1.04146,1.04349,1.03415,1.04241,58578,0.009340000000000126,0.008539958140640989,0.009340000000000126,0.0009500000000000064,0.0010799999999999699,0.00731000000000015,0.8843683083511825,0,0,BOS_UP,1,0,0,0,1.0353683703082897,1.046510458155065,1.04338,1.02381,1.04146,1,0
2025-01-22T07:00:00+0700,1.04251,1.04568,1.03917,1.04075,45248,0.006510000000000016,0.008394961130595206,0.006510000000000016,0.0017599999999999838,0.003169999999999895,0.0015800000000001369,0.2427035330261341,0,0,BOS_UP,1,0,0,0,1.035880906469405,1.0462845578352586,1.04338,1.02381,1.04146,1,0
2025-01-23T07:00:00+0700,1.04072,1.0437400000000001,1.03717,1.04141,45004,0.006570000000000187,0.008264606764124133,0.006570000000000187,0.0006899999999998574,0.0023300000000001653,0.003550000000000164,0.6453576864535618,0,0,BOS_UP,1,0,0,0,1.036407486805652,1.0460933987044643,1.04338,1.02381,1.04146,1,0
2025-01-24T07:00:00+0700,1.04141,1.0521,1.04111,1.04901,49905,0.010990000000000055,0.008459277709543842,0.010990000000000055,0.007600000000000051,0.003090000000000037,0.00029999999999996696,0.718835304822564,0,0,BOS_UP,1,0,0,0,1.0376077261574947,1.0462077752258578,1.04338,1.02381,1.04146,0,0
2025-01-27T07:00:00+0700,1.04737,1.05327,1.04535,1.04905,54136,0.007919999999999927,0.008420757873147848,0.007919999999999927,0.0016800000000001258,0.0042199999999998905,0.0020199999999999108,0.4671717171717261,1,0,,0,0,0,0,1.0386974665234476,1.0463192350209223,1.04338,1.02381,1.04146,0,0
2025-01-28T07:00:00+0700,1.04905,1.04922,1.04133,1.04289,48738,0.007889999999999953,0.008382846596494428,0.007889999999999953,0.006159999999999943,0.00017000000000000348,0.0015600000000000058,0.19771863117870914,0,0,,0,0,0,0,1.0390967554259765,1.0461847552161803,1.05327,1.03415,1.04905,0,0
2025-01-29T07:00:00+0700,1.04289,1.04432,1.03819,1.04198,49619,0.006129999999999969,0.008221928982459109,0.006129999999999969,0.0009100000000001884,0.0014299999999998203,0.00378999999999996,0.6182707993474681,0,0,,0,0,0,0,1.039371350147312,1.0460198628547615,1.05327,1.03415,1.04905,0,0
2025-01-30T07:00:00+0700,1.04198,1.04674,1.03857,1.0387,47932,0.00817000000000001,0.008218219769426317,0.00817000000000001,0.0032799999999999496,0.0047600000000000975,0.00012999999999996348,0.01591187270501387,0,0,,0,0,0,0,1.039307412038044,1.0457328094094767,1.05327,1.03415,1.04905,0,0
2025-01-31T07:00:00+0700,1.0387,1.04335,1.03496,1.03596,57953,0.008389999999999898,0.00823048978589586,0.008389999999999898,0.0027399999999999647,0.004650000000000043,0.0009999999999998899,0.11918951132299191,0,0,,0,0,0,0,1.0389886108915636,1.045349561981654,1.05327,1.03415,1.04905,0,0
2025-02-03T07:00:00+0700,1.02419,1.03494,1.02102,1.03429,81344,0.014939999999999953,0.008709740515474724,0.013919999999999932,0.010099999999999998,0.0006500000000000394,0.003169999999999895,0.9533045977011464,0,1,,0,0,0,0,1.038541124139986,1.0449158536686478,1.05327,1.03415,1.04905,0,1
2025-02-04T07:00:00+0700,1.03429,1.03871,1.02718,1.03776,52375,0.01153000000000004,0.008911187621512247,0.01153000000000004,0.003470000000000084,0.0009500000000000064,0.00710999999999995,0.9176062445793579,0,0,,0,0,0,0,1.0384667313647493,1.0446352319561518,1.04922,1.02102,1.03429,0,0
2025-02-05T07:00:00+0700,1.03776,1.0442,1.03693,1.04009,47317,0.00727000000000011,0.00879395993426138,0.00727000000000011,0.0023299999999999432,0.004110000000000058,0.0008300000000001084,0.4346629986244847,1,0,,0,0,0,0,1.0386213283776304,1.0444569875657144,1.04922,1.02102,1.03429,0,0
2025-02-06T07:00:00+0700,1.04009,1.0405,1.03521,1.03821,42953,0.005290000000000017,0.00854367708181414,0.005290000000000017,0.0018799999999998818,0.00041000000000002146,0.0030000000000001137,0.5671077504726094,0,0,,0,0,0,0,1.0385821542464275,1.0442120076611767,1.04922,1.02102,1.03429,0,0
2025-02-07T07:00:00+0700,1.03821,1.04118,1.03046,1.03261,49581,0.010720000000000063,0.00869912871882742,0.010720000000000063,0.005600000000000049,0.002969999999999917,0.0021500000000000963,0.20055970149254512,0,0,,0,0,0,0,1.0380133776515297,1.0437570269685816,1.04922,1.02102,1.03429,0,0
2025-02-10T07:00:00+0700,1.02879,1.0336,1.02791,1.03055,37201,0.005689999999999973,0.008484190953196889,0.005689999999999973,0.0017599999999999838,0.003049999999999997,0.0008799999999999919,0.4639718804920893,0,1,,0,0,0,0,1.0373025797799555,1.0432391043423628,1.04922,1.02102,1.03429,0,0
2025-02-11T07:00:00+0700,1.03055,1.03805,1.02916,1.03599,35503,0.008889999999999842,0.008513177313682813,0.008889999999999842,0.005439999999999889,0.0020599999999999508,0.0013900000000000023,0.7682789651293602,0,0,,0,0,0,0,1.0371775721818646,1.0429548257407015,1.0442,1.02718,1.03055,0,0
2025-02-12T07:00:00+0700,1.03599,1.04293,1.03167,1.0381,49933,0.011259999999999826,0.008709378934134027,0.011259999999999826,0.0021100000000000563,0.00482999999999989,0.0043199999999998795,0.5710479573712287,0,0,,0,0,0,0,1.0372654224502584,1.0427644404175367,1.0442,1.02718,1.03055,0,0
2025-02-13T07:00:00+0700,1.0381,1.04665,1.03726,1.04625,54938,0.00939000000000001,0.008757994724553027,0.00939000000000001,0.00814999999999988,0.000400000000000178,0.0008399999999999519,0.9574014909477979,0,0,BOS_UP,1,0,0,0,1.0381210965026146,1.0429011290286136,1.0442,1.02718,1.03055,0,0
2025-02-14T07:00:00+0700,1.04625,1.05138,1.04468,1.04899,42127,0.006699999999999928,0.008610995101370663,0.006699999999999928,0.0027400000000001867,0.002389999999999892,0.0015699999999998493,0.6432835820895645,1,0,,0,0,0,0,1.0391562301690322,1.0431399082823936,1.0442,1.02718,1.03055,0,0
2025-02-17T07:00:00+0700,1.04834,1.05059,1.04666,1.04827,28917,0.003929999999999989,0.008276638308415615,0.003929999999999989,7.00000000000145e-05,0.0022499999999998632,0.0016100000000001113,0.4096692111959582,0,0,,0,0,0,0,1.0400242082481719,1.0433410883497507,1.0442,1.02718,1.03055,0,0
2025-02-18T07:00:00+0700,1.04826,1.04858,1.04347,1.04444,35422,0.00511000000000017,0.008050449857814513,0.00511000000000017,0.0038199999999999346,0.000320000000000098,0.0009700000000001374,0.1898238747554022,0,0,,0,0,0,0,1.040444759843584,1.0433841829242703,1.05138,1.02916,1.04827,0,0
2025-02-19T07:00:00+0700,1.04444,1.04609,1.04003,1.04212,38438,0.006059999999999954,0.007908274867970617,0.006059999999999954,0.0023200000000000998,0.0016499999999999293,0.0020899999999999253,0.3448844884488351,0,1,,0,0,0,0,1.0406043065251473,1.0433346071233185,1.05138,1.02916,1.04827,0,0
2025-02-20T07:00:00+0700,1.04208,1.0503,1.04157,1.04999,40904,0.008729999999999905,0.007966969520258424,0.008729999999999905,0.007910000000000084,0.00031000000000003247,0.0005099999999997884,0.9644902634593315,0,0,,0,0,0,0,1.0414981820941809,1.043595602922404,1.05138,1.02916,1.04827,0,0
2025-02-21T07:00:00+0700,1.04996,1.05052,1.0449,1.04516,42139,0.005619999999999958,0.007799328840239962,0.005619999999999958,0.0047999999999999154,0.0005599999999998939,0.000260000000000149,0.046263345195756395,0,0,,0,0,0,0,1.04184692665664,1.043656951827408,1.05138,1.02916,1.04827,0,0
2025-02-24T07:00:00+0700,1.047,1.05278,1.04524,1.04664,48668,0.00761999999999996,0.007786519637365676,0.007540000000000102,0.00035999999999991594,0.005780000000000118,0.0014000000000000679,0.1856763925729508,0,0,,0,0,0,0,1.042303409832198,1.043773934108686,1.05138,1.02916,1.04827,1,0
2025-02-25T07:00:00+0700,1.04664,1.05189,1.04558,1.05118,44388,0.006310000000000038,0.007681053948982417,0.006310000000000038,0.0045399999999999885,0.0007099999999999884,0.001060000000000061,0.887480190174329,0,0,,0,0,0,0,1.0431487993719886,1.0440643680652082,1.05278,1.04003,1.04664,0,0
2025-02-26T07:00:00+0700,1.05118,1.05282,1.04745,1.0483,46650,0.005370000000000097,0.0075159786669122515,0.005370000000000097,0.0028799999999999937,0.0016400000000000858,0.0008500000000000174,0.15828677839851063,1,0,,0,0,0,0,1.0436393899079897,1.0442304712783375,1.05278,1.04003,1.04664,1,0
2025-02-27T07:00:00+0700,1.04827,1.04921,1.0396,1.03966,45226,0.009609999999999896,0.007665551619275655,0.009609999999999896,0.008610000000000007,0.0009399999999999409,5.999999999994898e-05,0.006243496357955216,0,0,CHOCH_DN,0,0,0,1,1.043260400392943,1.0440512371105595,1.05278,1.04003,1.04664,0,0
2025-02-28T07:00:00+0700,1.03966,1.04195,1.03595,1.03711,49853,0.006000000000000005,0.007546583646470251,0.006000000000000005,0.0025500000000000522,0.0022899999999999032,0.0011600000000000499,0.19333333333334146,0,1,,0,0,0,0,1.0426746479745677,1.0437790317336748,1.05278,1.04003,1.04664,0,0
2025-03-03T07:00:00+0700,1.04025,1.05032,1.03882,1.04848,53509,0.013209999999999944,0.007951113386008086,0.011499999999999844,0.008230000000000182,0.0018399999999998418,0.0014299999999998203,0.8400000000000116,0,0,,0,0,0,0,1.0432275386436565,1.0439633834303934,1.05278,1.04003,1.04664,0,1
2025-03-04T07:00:00+0700,1.04848,1.06268,1.04706,1.06246,68725,0.015619999999999967,0.00849889100129322,0.015619999999999967,0.013979999999999881,0.000220000000000109,0.0014199999999999768,0.9859154929577395,0,0,CHOCH_UP,0,0,1,0,1.045059201629975,1.044688740942927,1.05282,1.03595,1.04848,0,0
2025-03-05T07:00:00+0700,1.06247,1.07962,1.06016,1.07871,74310,0.019460000000000033,0.009281827358343707,0.019460000000000033,0.016240000000000032,0.0009099999999999664,0.0023100000000000342,0.9532374100719443,0,0,BOS_UP,1,0,0,0,1.0482640395699774,1.0460229079647732,1.05282,1.03595,1.04848,0,0
2025-03-06T07:00:00+0700,1.07871,1.0853,1.07652,1.07797,72769,0.00878000000000001,0.009245982547033443,0.00878000000000001,0.0007399999999999629,0.006589999999999874,0.0014500000000001734,0.16514806378134075,0,0,BOS_UP,1,0,0,0,1.051093178658551,1.0472757351034097,1.05282,1.03595,1.04848,0,0
2025-03-07T07:00:00+0700,1.07795,1.08882,1.0778699999999999,1.08305,63408,0.010950000000000015,0.009367698079388198,0.010950000000000015,0.0051000000000001044,0.005769999999999831,8.000000000008001e-05,0.4730593607306098,0,0,BOS_UP,1,0,0,0,1.0541366854529746,1.0486786474522956,1.05282,1.03595,1.04848,0,0
2025-03-10T07:00:00+0700,1.08297,1.08742,1.08046,1.08333,58090,0.006960000000000077,0.00919571964514619,0.006960000000000077,0.00035999999999991594,0.004090000000000149,0.0025100000000000122,0.41235632183906556,0,0,BOS_UP,1,0,0,0,1.0569170011241198,1.0500375240227937,1.05282,1.03595,1.04848,0,0
2025-03-11T07:00:00+0700,1.08333,1.09467,1.0826500000000001,1.09174,58906,0.01201999999999992,0.00939745395620717,0.01201999999999992,0.008410000000000029,0.002930000000000099,0.0006799999999997919,0.7562396006655475,1,0,,0,0,0,0,1.060233477207537,1.051672915237586,1.08882,1.04706,1.08333,0,0
2025-03-12T07:00:00+0700,1.09174,1.09308,1.08752,1.08864,52937,0.005560000000000009,0.009123350102192375,0.005560000000000009,0.0030999999999998806,0.0013400000000001189,0.0011200000000000099,0.20143884892086475,0,0,,0,0,0,0,1.062938860330629,1.0531226048361122,1.08882,1.04706,1.08333,1,0
2025-03-13T07:00:00+0700,1.08863,1.08967,1.08221,1.08512,49809,0.007460000000000022,0.009004539380607206,0.007460000000000022,0.003509999999999902,0.0010399999999999299,0.00291000000000019,0.39008042895444794,0,1,,0,0,0,0,1.06505134982295,1.0543774046464607,1.08882,1.04706,1.08333,1,0
2025-03-14T07:00:00+0700,1.08511,1.09121,1.08302,1.08742,49652,0.00818999999999992,0.008946357996278114,0.00818999999999992,0.0023100000000000342,0.00378999999999996,0.0020899999999999253,0.5372405372405376,0,0,,0,0,0,0,1.0671816974588595,1.0556731926995406,1.08882,1.04706,1.08333,1,0
2025-03-17T07:00:00+0700,1.08743,1.0929,1.08681,1.09213,40265,0.006089999999999929,0.008742332425115386,0.006089999999999929,0.0047000000000001485,0.0007699999999999374,0.0006199999999998429,0.8735632183908134,0,0,,0,0,0,0,1.0695577262723015,1.0571028714172057,1.08882,1.04706,1.08333,0,0
2025-03-18T07:00:00+0700,1.09212,1.09542,1.08921,1.09429,39163,0.006210000000000049,0.008561451537607147,0.006210000000000049,0.0021700000000000053,0.0011300000000000754,0.002909999999999968,0.8180354267310682,1,0,,0,0,0,0,1.0719131809130347,1.0585611901851586,1.09467,1.08221,1.09213,1,0
2025-03-19T07:00:00+0700,1.09432,1.09456,1.08601,1.09011,44288,0.008550000000000058,0.008560633570635212,0.008550000000000058,0.004210000000000047,0.00024000000000001798,0.0040999999999999925,0.479532163742686,0,0,,0,0,0,0,1.0736462113022693,1.0597983984131916,1.09467,1.08221,1.09213,0,0
2025-03-20T07:00:00+0700,1.09011,1.09169,1.08142,1.08477,41931,0.010270000000000001,0.008682731172732699,0.010270000000000001,0.0053399999999999,0.0015800000000001369,0.003349999999999964,0.3261927945472214,0,0,,0,0,0,0,1.0747056197496723,1.060777676906792,1.09467,1.08221,1.09213,0,1
2025-03-21T07:00:00+0700,1.08486,1.08608,1.07971,1.08081,39839,0.006369999999999987,0.008517536088966077,0.006369999999999987,0.004049999999999887,0.0012199999999999989,0.001100000000000101,0.17268445839876032,0,0,CHOCH_DN,0,0,0,1,1.0752869892973225,1.0615632582045649,1.09467,1.08221,1.09213,0,0
2025-03-24T07:00:00+0700,1.08116,1.08578,1.07812,1.07997,42900,0.00766,0.008456283511182786,0.00766,0.0011899999999998023,0.0046200000000000685,0.0018500000000001293,0.24151436031333282,0,0,BOS_DN,0,1,0,0,1.075732990316625,1.0622850912161506,1.09467,1.08221,1.09213,0,0
2025-03-25T07:00:00+0700,1.07998,1.08297,1.07765,1.07908,39582,0.005319999999999991,0.008232263260384015,0.005319999999999991,0.0008999999999999009,0.002990000000000048,0.0014300000000000423,0.2687969924812114,0,0,BOS_DN,0,1,0,0,1.0760517531436131,1.062943715090027,1.09542,1.07812,1.07997,0,1
2025-03-26T07:00:00+0700,1.07898,1.08023,1.07435,1.0751,42185,0.005880000000000107,0.008064244456070879,0.005880000000000107,0.0038800000000001056,0.0012499999999999734,0.0007500000000000284,0.12755102040816577,0,0,BOS_DN,0,1,0,0,1.0759611099870785,1.06342043214532,1.09542,1.07812,1.07997,0,0
2025-03-27T07:00:00+0700,1.07551,1.08207,1.07325,1.08005,45811,0.00882000000000005,0.008118226994922963,0.00882000000000005,0.0045399999999999885,0.002020000000000133,0.0022599999999999287,0.7709750566893286,0,1,,0,0,0,0,1.0763505280835473,1.0640725720611899,1.09542,1.07812,1.07997,0,1
2025-03-28T07:00:00+0700,1.07976,1.08443,1.07642,1.08261,40648,0.008010000000000073,0.008110496495285615,0.008010000000000073,0.002850000000000019,0.0018199999999999328,0.0033400000000001207,0.7727840199750416,0,0,,0,0,0,0,1.0769466682660667,1.0647995300195745,1.09542,1.07812,1.07997,0,1
2025-03-31T07:00:00+0700,1.08241,1.08489,1.07837,1.08134,48066,0.006519999999999859,0.007996889602765204,0.006519999999999859,0.0010700000000001264,0.0024799999999998157,0.002969999999999917,0.4555214723926352,0,0,,0,0,0,0,1.0773650808121555,1.0654481759011598,1.09542,1.07812,1.07997,0,0
2025-04-01T07:00:00+0700,1.08169,1.08297,1.0778,1.07907,43331,0.005169999999999897,0.007794968916853396,0.005169999999999897,0.0026200000000000667,0.0012799999999999478,0.0012699999999998823,0.2456479690522065,0,0,,0,0,0,0,1.0775274540681408,1.0659823650815066,1.08489,1.07325,1.08134,0,0
2025-04-02T07:00:00+0700,1.07892,1.09239,1.07798,1.08592,45527,0.014410000000000034,0.008267471137078156,0.014410000000000034,0.006999999999999895,0.006469999999999976,0.0009400000000001629,0.5510062456627369,0,0,,0,0,0,0,1.0783267441568891,1.066764233117526,1.08489,1.07325,1.08134,0,0
2025-04-03T07:00:00+0700,1.08476,1.1145,1.08047,1.10499,94583,0.034030000000000005,0.010107651770144003,0.034030000000000005,0.02022999999999997,0.00951000000000013,0.004289999999999905,0.7205406993828937,1,0,,0,0,0,0,1.080866101856233,1.0682632827991918,1.08489,1.07325,1.08134,0,0
2025-04-04T07:00:00+0700,1.1049,1.11072,1.09241,1.09626,109043,0.018309999999999826,0.010693533786562275,0.018309999999999826,0.008639999999999981,0.005819999999999936,0.003849999999999909,0.21026761332604837,0,0,,0,0,0,0,1.0823321873937346,1.069361193277655,1.08489,1.07325,1.08134,0,0
2025-04-07T07:00:00+0700,1.08889,1.10495,1.08796,1.09038,122790,0.01699000000000006,0.011143281373236402,0.01699000000000006,0.0014899999999999913,0.014570000000000194,0.0009299999999998754,0.14243672748674857,0,0,,0,0,0,0,1.0830986457371885,1.070185460207943,1.08489,1.07325,1.08134,0,0
2025-04-08T07:00:00+0700,1.09026,1.09914,1.0888,1.09567,90170,0.010340000000000016,0.011085904132290946,0.010340000000000016,0.005409999999999915,0.003470000000000084,0.0014600000000000168,0.6644100580270716,0,0,,0,0,0,0,1.084295917571742,1.0711848539252786,1.1145,1.0778,1.09038,0,0
2025-04-09T07:00:00+0700,1.09525,1.10947,1.09129,1.09463,123970,0.018179999999999863,0.011592625265698726,0.018179999999999863,0.0006200000000000649,0.0142199999999999,0.0033399999999998986,0.18371837183717954,0,0,,0,0,0,0,1.0852801158982426,1.072104271418405,1.1145,1.0778,1.09038,0,0
2025-04-10T07:00:00+0700,1.09474,1.1241,1.09427,1.12003,100791,0.029830000000000023,0.01289529488957739,0.029830000000000023,0.025290000000000035,0.004070000000000018,0.00046999999999997044,0.8635601743211527,0,0,CHOCH_UP,0,0,1,0,1.0885896286698384,1.0739837117549382,1.1145,1.0778,1.09038,0,0
2025-04-11T07:00:00+0700,1.11925,1.1473,1.11801,1.13583,124286,0.029290000000000038,0.01406634525460758,0.029290000000000038,0.016579999999999817,0.011470000000000091,0.0012400000000001299,0.6083987709115714,1,0,,0,0,0,0,1.0930887116536634,1.0764090563919995,1.1145,1.0778,1.09038,0,0
2025-04-14T07:00:00+0700,1.13113,1.14241,1.12955,1.13483,84891,0.012859999999999872,0.013980177736421316,0.012859999999999872,0.0037000000000000366,0.00757999999999992,0.0015799999999999148,0.41057542768273747,0,0,,0,0,0,0,1.0970640724485525,1.0787000737883918,1.1145,1.0778,1.09038,0,0
2025-04-15T07:00:00+0700,1.13442,1.13784,1.12638,1.12797,65455,0.011460000000000026,0.013800165040962653,0.011460000000000026,0.006450000000000067,0.0034199999999999786,0.0015899999999999803,0.13874345549738018,0,0,,0,0,0,0,1.100007494120119,1.0806322277574745,1.1473,1.0888,1.13483,0,0
2025-04-16T07:00:00+0700,1.12801,1.14123,1.1279,1.13971,74697,0.013330000000000064,0.01376658182375104,0.013330000000000064,0.011700000000000044,0.0015199999999999658,0.0001100000000000545,0.8859714928732214,0,0,,0,0,0,0,1.1037886851562981,1.0829490031395343,1.1473,1.0888,1.13483,0,0
2025-04-17T07:00:00+0700,1.13973,1.14089,1.13347,1.13603,62033,0.007419999999999982,0.013313254550625965,0.007419999999999982,0.0036999999999998145,0.0011600000000000499,0.0025600000000001177,0.34501347708896546,0,0,,0,0,0,0,1.106859286569984,1.0850306108595527,1.1473,1.0888,1.13483,0,0
2025-04-18T07:00:00+0700,1.13585,1.13971,1.13564,1.13904,66661,0.004070000000000018,0.012653022082724112,0.004070000000000018,0.003190000000000026,0.0006699999999999484,0.00021000000000004349,0.8353808353808488,0,0,,0,0,0,0,1.1099241164204616,1.0871486261199623,1.1473,1.0888,1.13483,0,0
2025-04-21T07:00:00+0700,1.13945,1.15728,1.13819,1.1510799999999999,62186,0.01909000000000005,0.013112806219672394,0.01909000000000005,0.011629999999999807,0.006200000000000205,0.0012600000000000389,0.675222629649021,1,0,,0,0,0,0,1.1138437243804176,1.0896557388211403,1.1473,1.0888,1.13483,0,0
2025-04-22T07:00:00+0700,1.15077,1.15468,1.14172,1.14193,66928,0.01295999999999986,0.013101891489695785,0.01295999999999986,0.008840000000000181,0.003909999999999858,0.00020999999999982144,0.0162037037036901,0,0,,0,0,0,0,1.1165186077727587,1.0917057098477625,1.15728,1.12638,1.1510799999999999,0,0
2025-04-23T07:00:00+0700,1.14212,1.14394,1.13075,1.13133,79811,0.013190000000000035,0.013108184954717519,0.013190000000000035,0.010790000000000077,0.0018199999999999328,0.0005800000000000249,0.04397270659590776,0,1,,0,0,0,0,1.1179292165563055,1.0932596035792228,1.15728,1.12638,1.1510799999999999,0,0
2025-04-24T07:00:00+0700,1.1314,1.13973,1.13132,1.13875,56229,0.008409999999999807,0.012772600315094826,0.008409999999999807,0.007349999999999968,0.0009799999999999809,7.999999999985796e-05,0.8834720570749104,0,0,,0,0,0,0,1.1199121483128478,1.095043540693763,1.15728,1.12638,1.1510799999999999,0,0
2025-04-25T07:00:00+0700,1.1383,1.1391,1.13153,1.13614,52600,0.007570000000000077,0.012400986006873773,0.007570000000000077,0.002160000000000162,0.0007999999999999119,0.004610000000000003,0.608982826948475,0,0,,0,0,0,0,1.1214576579973385,1.0966551665489095,1.15728,1.12638,1.1510799999999999,0,0
2025-04-28T07:00:00+0700,1.13633,1.1424400000000001,1.1329,1.14201,50678,0.009540000000000104,0.012196629863525654,0.009540000000000104,0.005679999999999907,0.0004300000000001525,0.003430000000000044,0.95492662473793,1,0,,0,0,0,0,1.123415023902354,1.0984337874685601,1.15728,1.12638,1.1510799999999999,0,0
2025-04-29T07:00:00+0700,1.14199,1.14215,1.1369799999999999,1.13817,53855,0.005170000000000119,0.011694727730416687,0.005170000000000119,0.0038200000000001566,0.00015999999999993797,0.0011900000000000244,0.23017408123791044,0,0,,0,0,0,0,1.1248202597211774,1.0999920703129304,1.15468,1.13075,1.14201,0,0
2025-04-30T07:00:00+0700,1.13864,1.13989,1.13167,1.13277,56533,0.008220000000000116,0.01144653289252979,0.008220000000000116,0.005870000000000042,0.0012499999999999734,0.001100000000000101,0.1338199513382099,0,0,,0,0,0,0,1.12557737784297,1.1012774793202664,1.15468,1.13075,1.14201,0,0
2025-05-01T07:00:00+0700,1.13245,1.13405,1.12654,1.12886,50197,0.007509999999999906,0.011165351971634799,0.007509999999999906,0.003589999999999982,0.0016000000000000458,0.0023199999999998777,0.3089214380825442,0,1,,0,0,0,0,1.125890008524592,1.1023591467979033,1.15468,1.13075,1.14201,0,0
2025-05-02T07:00:00+0700,1.12855,1.13805,1.12738,1.12992,60434,0.010669999999999957,0.011129969687946595,0.010669999999999957,0.0013700000000000934,0.00812999999999997,0.0011699999999998933,0.2380506091846295,0,0,,0,0,0,0,1.1262738172365354,1.1034399645705346,1.15468,1.13075,1.14201,0,0
2025-05-05T07:00:00+0700,1.13031,1.13644,1.12919,1.13134,52680,0.007249999999999979,0.010852828995950409,0.007249999999999979,0.0010300000000000864,0.005099999999999882,0.0011200000000000099,0.29655172413794517,0,0,,0,0,0,0,1.1267563108330558,1.1045340836069844,1.15468,1.13075,1.14201,0,1
2025-05-06T07:00:00+0700,1.13134,1.13806,1.12794,1.13663,53235,0.010120000000000129,0.010800484067668247,0.010120000000000129,0.005290000000000017,0.0014300000000000423,0.0034000000000000696,0.8586956521739106,1,0,,0,0,0,0,1.1276966621822886,1.1057927469949458,1.14215,1.12654,1.13134,0,0
2025-05-07T07:00:00+0700,1.13633,1.13773,1.12913,1.12985,64587,0.008599999999999941,0.010643306634263367,0.008599999999999941,0.006480000000000041,0.0013999999999998458,0.0007200000000000539,0.08372093023256498,0,0,,0,0,0,0,1.1279017419744517,1.1067361686814186,1.14215,1.12654,1.13134,0,0
2025-05-08T07:00:00+0700,1.13,1.13357,1.12115,1.12263,62161,0.012419999999999876,0.010770213303244546,0.012419999999999876,0.007369999999999877,0.003570000000000073,0.0014799999999999258,0.11916264090176656,0,0,CHOCH_DN,0,0,0,1,1.1273996713102183,1.107359456184108,1.14215,1.12654,1.13134,0,0
2025-05-09T07:00:00+0700,1.1221700000000001,1.12926,1.11961,1.12454,47809,0.009649999999999936,0.010690198067298503,0.009649999999999936,0.0023699999999999832,0.0047199999999998354,0.0025600000000001177,0.5108808290155579,0,0,BOS_DN,0,1,0,0,1.1271273216616262,1.1080332030004176,1.14215,1.12654,1.13134,0,0
2025-05-12T07:00:00+0700,1.11957,1.12423,1.10648,1.1085,70536,0.018060000000000187,0.01121661249106291,0.017750000000000155,0.011069999999999913,0.0046600000000001085,0.002020000000000133,0.11380281690141494,0,1,,0,0,0,0,1.1253532910271857,1.1080515087651073,1.14215,1.12654,1.13134,0,0
2025-05-13T07:00:00+0700,1.10873,1.11942,1.10845,1.11836,54465,0.010970000000000146,0.011198997313129856,0.010970000000000146,0.009630000000000027,0.001060000000000061,0.000280000000000058,0.9033728350045537,0,0,,0,0,0,0,1.1246872633103109,1.1084557633233383,1.13806,1.10648,1.1085,0,0
2025-05-14T07:00:00+0700,1.11844,1.12654,1.11639,1.11708,60356,0.010150000000000103,0.011124068933620588,0.010150000000000103,0.0013600000000000279,0.008099999999999996,0.0006900000000000794,0.0679802955665096,1,0,,0,0,0,0,1.1239627620426622,1.1087939686832073,1.13806,1.10648,1.1085,0,0
2025-05-15T07:00:00+0700,1.11769,1.12274,1.11699,1.11807,51539,0.005750000000000144,0.010740206866933413,0.005750000000000144,0.0003799999999998249,0.004670000000000174,0.000700000000000145,0.1878260869565118,0,0,,0,0,0,0,1.1234015466100278,1.1091577346171992,1.13806,1.10648,1.1085,0,0
2025-05-16T07:00:00+0700,1.11855,1.12192,1.11306,1.11611,46793,0.00886000000000009,0.010605906376438174,0.00886000000000009,0.0024399999999999977,0.003370000000000095,0.003049999999999997,0.3442437923250526,0,1,,0,0,0,0,1.122707113599549,1.1094303724753483,1.13806,1.10648,1.1085,0,0
2025-05-19T07:00:00+0700,1.11742,1.12877,1.117,1.12397,53550,0.012660000000000116,0.01075262734954974,0.011770000000000058,0.006549999999999834,0.0048000000000001375,0.00042000000000008697,0.5921835174171526,0,0,,0,0,0,0,1.12282738849483,1.1100005539469033,1.13806,1.10648,1.1085,0,0
2025-05-20T07:00:00+0700,1.12329,1.12845,1.12176,1.1283,47868,0.006689999999999863,0.010462439681724748,0.006689999999999863,0.005010000000000181,0.00014999999999987246,0.0015299999999998093,0.9775784753363415,0,0,CHOCH_UP,0,0,1,0,1.1233485895905606,1.110718179282319,1.12877,1.10845,1.12397,0,0
2025-05-21T07:00:00+0700,1.1280999999999999,1.13623,1.1279,1.1329500000000001,55064,0.00833000000000017,0.010310122561601565,0.00833000000000017,0.004850000000000243,0.0032799999999999496,0.00019999999999997797,0.6062424969988136,0,0,BOS_UP,1,0,0,0,1.124263009629555,1.111590015388895,1.12877,1.10845,1.12397,0,0
2025-05-22T07:00:00+0700,1.13229,1.13443,1.12554,1.12775,56506,0.008890000000000065,0.010208685235772888,0.008890000000000065,0.0045399999999999885,0.0021400000000000308,0.0022100000000000453,0.24859392575928338,0,0,BOS_UP,1,0,0,0,1.1245951039505497,1.1122237402756048,1.12877,1.10845,1.12397,1,0
2025-05-23T07:00:00+0700,1.12787,1.13751,1.12776,1.13561,52987,0.009759999999999991,0.010176636290360539,0.009749999999999925,0.00774000000000008,0.0019000000000000128,0.00010999999999983245,0.8051282051282024,0,0,BOS_UP,1,0,0,0,1.125644141669545,1.1131408485000909,1.12877,1.10845,1.12397,0,0
2025-05-26T07:00:00+0700,1.13639,1.14182,1.13603,1.13856,35182,0.006210000000000049,0.009893305126763362,0.005789999999999962,0.0021700000000000053,0.0032600000000000406,0.00035999999999991594,0.43696027633850393,1,0,,0,0,0,0,1.1268742234153026,1.1141376779706755,1.12877,1.10845,1.12397,0,0
2025-05-27T07:00:00+0700,1.138,1.14067,1.13228,1.13267,45757,0.00839000000000012,0.009785926189137416,0.00839000000000012,0.005329999999999835,0.0026700000000001722,0.0003900000000001125,0.04648390941598414,0,0,,0,0,0,0,1.1274262021376547,1.1148644356973159,1.14182,1.12176,1.13856,0,0
2025-05-28T07:00:00+0700,1.13233,1.13445,1.1283400000000001,1.12903,48100,0.006109999999999838,0.009523360032770446,0.006109999999999838,0.0033000000000000806,0.0021199999999998997,0.0006899999999998574,0.1129296235679011,0,0,,0,0,0,0,1.1275789447912112,1.1154199480229112,1.14182,1.12176,1.13856,0,0
2025-05-29T07:00:00+0700,1.12906,1.1384,1.12101,1.13649,60157,0.017390000000000017,0.010085262887572558,0.017390000000000017,0.007430000000000048,0.0019100000000000783,0.00804999999999989,0.8901667625071836,0,1,,0,0,0,0,1.1284276167158578,1.1162462245710325,1.14182,1.12176,1.13856,0,1
2025-05-30T07:00:00+0700,1.13666,1.13893,1.13122,1.13459,55136,0.007710000000000106,0.009915601252745954,0.007710000000000106,0.0020700000000000163,0.0022699999999999942,0.003370000000000095,0.43709468223087533,0,0,,0,0,0,0,1.1290145103619667,1.116965588313345,1.14182,1.12176,1.13856,0,0
2025-06-02T07:00:00+0700,1.13435,1.14493,1.13427,1.1442,50506,0.010660000000000114,0.009968772591835538,0.010660000000000114,0.009850000000000136,0.0007299999999998974,8.000000000008001e-05,0.9315196998123931,0,0,BOS_UP,1,0,0,0,1.1304607474703507,1.1180336044579198,1.14182,1.12176,1.13856,0,0
2025-06-03T07:00:00+0700,1.14379,1.14541,1.13638,1.13695,44110,0.009030000000000094,0.009901717406704435,0.009030000000000094,0.006840000000000179,0.0016199999999999548,0.0005699999999999594,0.06312292358803472,0,0,,0,0,0,0,1.1310787715207935,1.1187754238909426,1.14493,1.12101,1.1442,1,0
2025-06-04T07:00:00+0700,1.13717,1.1434,1.1356600000000001,1.14157,46199,0.007739999999999858,0.009747309020511252,0.007739999999999858,0.0043999999999999595,0.0018299999999999983,0.0015099999999999003,0.7635658914728641,0,0,,0,0,0,0,1.1320779361378608,1.119669328836396,1.14493,1.12101,1.1442,0,0
2025-06-05T07:00:00+0700,1.14138,1.14945,1.14042,1.14428,51493,0.009030000000000094,0.009696072661903312,0.009030000000000094,0.0028999999999999027,0.005170000000000119,0.0009600000000000719,0.42746400885935043,1,0,,0,0,0,0,1.1332400374580645,1.120634453195753,1.14493,1.12101,1.1442,1,0
2025-06-06T07:00:00+0700,1.1442700000000001,1.14568,1.13712,1.13932,46239,0.008560000000000123,0.009614924614624513,0.008560000000000123,0.00495000000000001,0.0014099999999999113,0.002200000000000202,0.2570093457944124,0,0,,0,0,0,0,1.1338190815096774,1.121367219737096,1.14493,1.12101,1.1442,1,0
2025-06-09T07:00:00+0700,1.14028,1.14388,1.13861,1.1419,33978,0.005270000000000108,0.009304572856437057,0.005270000000000108,0.0016199999999999548,0.001980000000000093,0.0016700000000000603,0.6242884250474284,0,0,,0,0,0,0,1.13458869279447,1.1221724268062296,1.14493,1.12101,1.1442,0,0
2025-06-10T07:00:00+0700,1.14199,1.14471,1.13725,1.14238,43273,0.0074599999999998,0.009172817652405825,0.0074599999999998,0.00038999999999989043,0.0023299999999999432,0.0047399999999999665,0.687667560321715,0,0,,0,0,0,0,1.1353307220521394,1.1229648806569656,1.14945,1.1356600000000001,1.1419,0,0
2025-06-11T07:00:00+0700,1.14223,1.1499,1.14049,1.14872,47160,0.009409999999999918,0.009189759248662548,0.009409999999999918,0.006489999999999885,0.0011799999999999589,0.0017400000000000748,0.8746014877789619,0,0,,0,0,0,0,1.136605891380507,1.1239748853370848,1.14945,1.1356600000000001,1.1419,1,0
2025-06-12T07:00:00+0700,1.14841,1.16309,1.14833,1.15838,55778,0.014759999999999884,0.009587633588043785,0.014759999999999884,0.009970000000000034,0.004709999999999992,7.999999999985796e-05,0.6808943089430874,1,0,,0,0,0,0,1.1386796160109351,1.1253241055199443,1.14945,1.1356600000000001,1.1419,0,0
2025-06-13T07:00:00+0700,1.15789,1.16139,1.14885,1.15454,70619,0.012539999999999996,0.009798516903183516,0.012539999999999996,0.003350000000000186,0.0034999999999998366,0.005689999999999973,0.45374800637958335,0,0,,0,0,0,0,1.1401901287717986,1.1264698268721034,1.14945,1.1356600000000001,1.1419,0,0
2025-06-16T07:00:00+0700,1.15308,1.1614200000000001,1.15233,1.15592,56271,0.009090000000000042,0.009747908552956125,0.009090000000000042,0.0028399999999999537,0.00550000000000006,0.0007500000000000284,0.3949394939493911,0,0,,0,0,0,0,1.141688211745913,1.127624735622217,1.14945,1.1356600000000001,1.1419,0,0
2025-06-17T07:00:00+0700,1.15581,1.15796,1.1474199999999999,1.1479,57018,0.010540000000000216,0.009804486513459275,0.010540000000000216,0.007910000000000084,0.0021500000000000963,0.00048000000000003595,0.045540796963949345,0,0,,0,0,0,0,1.1422798106272547,1.1284198440291888,1.16309,1.13725,1.15592,0,0
2025-06-18T07:00:00+0700,1.14747,1.15298,1.14605,1.14819,57772,0.006929999999999881,0.009599166048212177,0.006929999999999881,0.0007200000000000539,0.00478999999999985,0.0014199999999999768,0.30880230880231857,0,0,,0,0,0,0,1.1428426858056113,1.1291951442633381,1.16309,1.13725,1.15592,0,0
2025-06-19T07:00:00+0700,1.14736,1.14995,1.14459,1.14958,45724,0.005360000000000031,0.00929636847333988,0.005360000000000031,0.0022200000000001108,0.00036999999999998145,0.002769999999999939,0.9309701492537352,0,1,,0,0,0,0,1.1434843347765056,1.1299945503706583,1.16309,1.13725,1.15592,0,0
2025-06-20T07:00:00+0700,1.14903,1.15435,1.14899,1.15204,49845,0.005360000000000031,0.009015199296672749,0.005360000000000031,0.003009999999999957,0.0023100000000000342,4.0000000000040004e-05,0.5690298507462648,0,0,,0,0,0,0,1.1442991600358858,1.130859077807103,1.16309,1.13725,1.15592,0,0
2025-06-23T07:00:00+0700,1.14561,1.15812,1.14531,1.1577,66778,0.012809999999999988,0.009286256489767553,0.012809999999999988,0.012089999999999934,0.00042000000000008697,0.00029999999999996696,0.9672131147540916,0,0,,0,0,0,0,1.1455754305086585,1.131911662991138,1.16309,1.13725,1.15592,0,0
2025-06-24T07:00:00+0700,1.15774,1.16413,1.15721,1.16073,58817,0.006920000000000037,0.009117238169069872,0.006920000000000037,0.002990000000000048,0.0034000000000000696,0.0005299999999999194,0.5086705202312064,0,0,,0,0,0,0,1.1470187228411672,1.1330417938542308,1.15812,1.14459,1.1577,0,0
2025-06-25T07:00:00+0700,1.1605699999999999,1.16646,1.15896,1.16585,43169,0.007500000000000062,0.009001721156993457,0.007500000000000062,0.0052800000000001734,0.0006099999999999994,0.0016099999999998893,0.9186666666666674,0,0,BOS_UP,1,0,0,0,1.148812177808675,1.1343283901736727,1.15812,1.14459,1.1577,0,0
2025-06-26T07:00:00+0700,1.16545,1.17444,1.16527,1.17004,54913,0.0091699999999999,0.00901374107435106,0.0091699999999999,0.004589999999999872,0.0043999999999999595,0.000180000000000069,0.5201744820065423,0,0,BOS_UP,1,0,0,0,1.1508338751602298,1.1357288454609797,1.15812,1.14459,1.1577,0,0
2025-06-27T07:00:00+0700,1.16987,1.17532,1.16805,1.17146,50485,0.007269999999999888,0.008889188140468834,0.007269999999999888,0.0015899999999999803,0.0038599999999999746,0.0018199999999999328,0.4690508940852773,0,0,BOS_UP,1,0,0,0,1.1527982680021127,1.1371300672076081,1.15812,1.14459,1.1577,0,0
2025-06-30T07:00:00+0700,1.17285,1.17869,1.17073,1.17864,48858,0.007959999999999967,0.008822817559006773,0.007959999999999967,0.005789999999999962,5.0000000000105516e-05,0.0021199999999998997,0.9937185929648108,0,0,BOS_UP,1,0,0,0,1.1552593853352446,1.1387579077092707,1.15812,1.14459,1.1577,0,0
2025-07-01T07:00:00+0700,1.1781,1.18292,1.17609,1.18041,48305,0.006829999999999892,0.00868047344764914,0.006829999999999892,0.0023100000000000342,0.0025100000000000122,0.0020099999999998452,0.6325036603221007,1,0,,0,0,0,0,1.1576546819699831,1.140391323093221,1.17869,1.15721,1.17864,0,0
2025-07-02T07:00:00+0700,1.18002,1.18094,1.17465,1.1797900000000001,46228,0.006290000000000129,0.008509725344245638,0.006290000000000129,0.00022999999999995246,0.0009200000000000319,0.0051400000000001445,0.8171701112877646,0,0,,0,0,0,0,1.1597628074966513,1.141936369246428,1.17869,1.15721,1.17864,0,0
2025-07-03T07:00:00+0700,1.17946,1.18095,1.1717,1.1756,42420,0.00924999999999998,0.008562602105370947,0.00924999999999998,0.0038599999999999746,0.0014899999999999913,0.0039000000000000146,0.4216216216216241,0,0,,0,0,0,0,1.1612711115445893,1.143256511628921,1.17869,1.15721,1.17864,1,0
2025-07-04T07:00:00+0700,1.17577,1.1787,1.17515,1.17733,39448,0.003550000000000164,0.008204559097844462,0.003550000000000164,0.0015600000000000058,0.0013700000000000934,0.0006200000000000649,0.614084507042245,0,0,,0,0,0,0,1.1628005294927237,1.1445927268591594,1.17869,1.15721,1.17864,1,0
2025-07-07T07:00:00+0700,1.17811,1.17898,1.16865,1.1707,44977,0.01032999999999995,0.008356376305141282,0.01032999999999995,0.007409999999999917,0.0008699999999999264,0.0020500000000001073,0.19845111326235404,0,0,,0,0,0,0,1.1635528600172262,1.1456165414921335,1.17869,1.15721,1.17864,1,0
2025-07-08T07:00:00+0700,1.17071,1.17647,1.16822,1.1724,46059,0.008249999999999869,0.008348777997631182,0.008249999999999869,0.0016900000000001913,0.004069999999999796,0.002489999999999881,0.5066666666666836,0,0,,0,0,0,0,1.1643954447774905,1.1466668731983245,1.18292,1.16865,1.1707,0,1
2025-07-09T07:00:00+0700,1.1718600000000001,1.17288,1.16892,1.1721,42201,0.0039599999999999635,0.008035293854943238,0.0039599999999999635,0.00023999999999979593,0.0007800000000000029,0.0029400000000001647,0.8030303030303004,0,0,,0,0,0,0,1.165129211941539,1.1476642507199588,1.18292,1.16865,1.1707,0,0
2025-07-10T07:00:00+0700,1.1715,1.1749100000000001,1.16622,1.16992,37602,0.008690000000000087,0.008082058579590157,0.008690000000000087,0.0015799999999999148,0.003410000000000135,0.0037000000000000366,0.4257767548906789,0,0,,0,0,0,0,1.1655854774709162,1.148537025201529,1.18292,1.16865,1.1707,0,1
2025-07-11T07:00:00+0700,1.1696900000000001,1.17135,1.16642,1.16886,45215,0.004929999999999879,0.00785691153819085,0.004929999999999879,0.0008300000000001084,0.0016599999999997728,0.0024399999999999977,0.4949290060852044,0,0,,0,0,0,0,1.1658973367594005,1.1493340046053906,1.18292,1.16865,1.1707,0,1
2025-07-14T07:00:00+0700,1.16665,1.16972,1.16538,1.1663999999999999,40450,0.0043400000000000105,0.007605703571177219,0.0043400000000000105,0.0002500000000000835,0.003070000000000128,0.0010199999999997988,0.23502304147460745,0,0,,0,0,0,0,1.1659452094489815,1.1500032593267477,1.18292,1.16865,1.1707,0,0
2025-07-15T07:00:00+0700,1.16617,1.16923,1.15924,1.16013,41142,0.009989999999999943,0.007776010458950271,0.009989999999999943,0.006039999999999823,0.0030600000000000627,0.0008900000000000574,0.08908908908909534,0,0,,0,0,0,0,1.16539137997765,1.1504003864119732,1.17647,1.16538,1.1663999999999999,0,0
2025-07-16T07:00:00+0700,1.15977,1.17211,1.15619,1.16387,52659,0.015919999999999934,0.008357723997596676,0.015919999999999934,0.0040999999999999925,0.008240000000000025,0.0035799999999999166,0.4824120603015038,1,0,,0,0,0,0,1.1652464866464454,1.15092860655268,1.17647,1.16538,1.1663999999999999,0,0
2025-07-17T07:00:00+0700,1.16329,1.16419,1.15566,1.15964,40503,0.008530000000000149,0.008370029426339782,0.008530000000000149,0.003649999999999931,0.0009000000000001229,0.003980000000000095,0.46658851113716593,0,1,,0,0,0,0,1.16471253553726,1.151270229825124,1.17647,1.16538,1.1663999999999999,0,0
2025-07-18T07:00:00+0700,1.15928,1.16716,1.15923,1.16242,39539,0.007929999999999993,0.008338598753029797,0.007929999999999993,0.0031399999999999206,0.0047399999999999665,5.0000000000105516e-05,0.4022698612862584,0,0,,0,0,0,0,1.164494198819426,1.1517074757143348,1.17647,1.16538,1.1663999999999999,0,0
2025-07-21T07:00:00+0700,1.16247,1.17163,1.1614200000000001,1.16946,38065,0.01020999999999983,0.008472270270670514,0.01020999999999983,0.006990000000000052,0.0021700000000000053,0.0010499999999997733,0.7874632713026404,0,0,,0,0,0,0,1.1649671322651949,1.1524036531373023,1.17647,1.16538,1.1663999999999999,0,1
2025-07-22T07:00:00+0700,1.16896,1.176,1.16784,1.17529,36810,0.008159999999999945,0.008449965251336901,0.008159999999999945,0.006329999999999947,0.0007099999999999884,0.0011200000000000099,0.9129901960784322,0,0,BOS_UP,1,0,0,0,1.1659502625256524,1.1533011569358396,1.17211,1.15566,1.16946,0,0
2025-07-23T07:00:00+0700,1.17529,1.17747,1.17104,1.17718,44992,0.006429999999999936,0.008305682019098546,0.006429999999999936,0.0018899999999999473,0.0002900000000001235,0.004249999999999865,0.954898911353013,0,0,BOS_UP,1,0,0,0,1.167019761332733,1.1542375821540418,1.17211,1.15566,1.16946,0,0
2025-07-24T07:00:00+0700,1.17671,1.17883,1.17301,1.17475,43123,0.005819999999999936,0.008128133303448646,0.005819999999999936,0.0019599999999999618,0.002120000000000122,0.0017399999999998528,0.2989690721649264,1,0,,0,0,0,0,1.1677559745391395,1.1550419906970206,1.17211,1.15566,1.16946,0,0
2025-07-25T07:00:00+0700,1.17346,1.17604,1.17028,1.174,43844,0.005759999999999987,0.007958980924630885,0.005759999999999987,0.0005399999999999849,0.0020400000000000418,0.0031799999999999606,0.6458333333333253,0,0,,0,0,0,0,1.16835064363065,1.1557854420422355,1.17211,1.15566,1.16946,0,0
2025-07-28T07:00:00+0700,1.17586,1.17699,1.1584,1.1587399999999999,48957,0.018589999999999884,0.008718339430014386,0.018589999999999884,0.017120000000000024,0.0011300000000000754,0.0003399999999997849,0.018289402904776063,0,0,,0,0,0,0,1.167435344237255,1.1559013070601871,1.17211,1.15566,1.16946,1,0
2025-07-29T07:00:00+0700,1.15886,1.15987,1.15184,1.15441,49031,0.008029999999999982,0.0086691723278705,0.008029999999999982,0.004450000000000065,0.0010099999999999554,0.002569999999999961,0.320049813200494,0,0,CHOCH_DN,0,0,0,1,1.1661948352622782,1.155842824430376,1.17883,1.1584,1.1587399999999999,0,0
2025-07-30T07:00:00+0700,1.15458,1.15723,1.13997,1.14023,53780,0.017260000000000053,0.009282802875879754,0.017260000000000053,0.014349999999999863,0.002650000000000041,0.000260000000000149,0.015063731170344624,0,0,BOS_DN,0,1,0,0,1.163721993808728,1.1552305568056553,1.17883,1.1584,1.1587399999999999,0,0
2025-07-31T07:00:00+0700,1.14032,1.14605,1.14026,1.14134,50914,0.005819999999999936,0.00903545981331691,0.005789999999999962,0.0010200000000000209,0.004709999999999992,5.999999999994898e-05,0.18652849740932245,0,0,BOS_DN,0,1,0,0,1.161590375350754,1.1546858290877866,1.17883,1.1584,1.1587399999999999,0,0
2025-08-01T07:00:00+0700,1.14147,1.15965,1.13912,1.15858,64123,0.02053000000000016,0.009856498398079998,0.02053000000000016,0.01710999999999996,0.0010700000000001264,0.0023500000000000743,0.9478811495372568,1,1,,0,0,0,0,1.1613036729363966,1.1548385416725793,1.17883,1.1584,1.1587399999999999,0,1
2025-08-04T07:00:00+0700,1.15907,1.15951,1.15492,1.15711,54006,0.004590000000000094,0.00948031994107429,0.004590000000000094,0.0019599999999999618,0.00043999999999999595,0.0021900000000001363,0.47712418300655585,0,0,,0,0,0,0,1.1609042755138828,1.154927618469733,1.17883,1.1584,1.1587399999999999,0,0
2025-08-05T07:00:00+0700,1.15666,1.1587399999999999,1.15272,1.15736,47342,0.006019999999999914,0.009233154230997551,0.006019999999999914,0.0006999999999999229,0.0013799999999999368,0.003940000000000055,0.7707641196013362,0,0,,0,0,0,0,1.1605667254649414,1.1550230059807238,1.15987,1.13912,1.15711,0,0
2025-08-06T07:00:00+0700,1.15711,1.16681,1.15639,1.16587,42548,0.010419999999999874,0.009317928928783432,0.010419999999999874,0.008759999999999879,0.0009399999999999409,0.0007200000000000539,0.9097888675623846,0,0,CHOCH_UP,0,0,1,0,1.161071799230185,1.1554483782952052,1.15987,1.13912,1.15711,0,0
2025-08-07T07:00:00+0700,1.16529,1.16984,1.16105,1.16628,49191,0.008790000000000076,0.009280219719584622,0.008790000000000076,0.0009900000000000464,0.0035600000000000076,0.0042400000000000215,0.5949943117178638,1,0,,0,0,0,0,1.1615678183511198,1.1558731477738247,1.15987,1.13912,1.15711,0,0
2025-08-08T07:00:00+0700,1.16607,1.16789,1.16284,1.16391,44551,0.005049999999999999,0.008978061168185721,0.005049999999999999,0.0021599999999999397,0.0018200000000001548,0.0010699999999999044,0.211881188118793,0,0,,0,0,0,0,1.1617908832700607,1.156188318449361,1.15987,1.13912,1.15711,0,0
2025-08-11T07:00:00+0700,1.16446,1.1675,1.15896,1.16148,36288,0.008539999999999992,0.008946771084743883,0.008539999999999992,0.0029799999999999827,0.0030399999999999316,0.0025200000000000777,0.29508196721312413,0,1,,0,0,0,0,1.161761275339579,1.1563958353729156,1.15987,1.13912,1.15711,0,0
2025-08-12T07:00:00+0700,1.16076,1.1696900000000001,1.15982,1.16718,50701,0.009870000000000045,0.00901271600726218,0.009870000000000045,0.006420000000000092,0.0025100000000000122,0.0009399999999999409,0.7456940222897669,0,0,,0,0,0,0,1.162277344354857,1.156818743789664,1.16984,1.15272,1.16148,0,0
2025-08-13T07:00:00+0700,1.16685,1.17298,1.16684,1.17032,38291,0.006139999999999812,0.008807522006743439,0.006139999999999812,0.003470000000000084,0.0026599999999998847,9.999999999843467e-06,0.5667752442996798,1,0,,0,0,0,0,1.1630433115591563,1.1573482048175203,1.16984,1.15272,1.16148,0,0
2025-08-14T07:00:00+0700,1.17013,1.17146,1.16306,1.1647,45984,0.008399999999999963,0.00877841329197605,0.008399999999999963,0.005429999999999824,0.0013300000000000534,0.0016400000000000858,0.1952380952381063,0,0,,0,0,0,0,1.1632010914106652,1.157636510510951,1.16984,1.15272,1.16148,1,0
2025-08-15T07:00:00+0700,1.1648100000000001,1.17147,1.1645699999999999,1.17029,37572,0.006900000000000128,0.008644240913977771,0.006900000000000128,0.005479999999999929,0.0011799999999999589,0.00024000000000024002,0.828985507246386,0,0,,0,0,0,0,1.1638762255620303,1.1581327257850313,1.16984,1.15272,1.16148,0,0
2025-08-18T07:00:00+0700,1.171,1.17149,1.16555,1.16599,34452,0.005939999999999834,0.008451080848693632,0.005939999999999834,0.005009999999999959,0.0004899999999998794,0.00043999999999999595,0.07407407407407546,1,0,,0,0,0,0,1.1640775374132657,1.1584408541856184,1.16984,1.15272,1.16148,1,0
2025-08-19T07:00:00+0700,1.16597,1.16925,1.16387,1.16454,34736,0.00537999999999994,0.008231717930929798,0.00537999999999994,0.0014300000000000423,0.0032799999999999496,0.0006699999999999484,0.12453531598512191,0,0,,0,0,0,0,1.164121581469145,1.1586800363744176,1.17298,1.15982,1.16599,0,0
2025-08-20T07:00:00+0700,1.16428,1.16732,1.16218,1.16491,39407,0.005139999999999922,0.00801088093586338,0.005139999999999922,0.0006299999999999084,0.0024100000000000232,0.0020999999999999908,0.5311284046692492,0,0,,0,0,0,0,1.1641966689482741,1.1589243486734602,1.17298,1.15982,1.16599,0,0
2025-08-21T07:00:00+0700,1.1649,1.16623,1.16007,1.16052,39813,0.006160000000000165,0.007878675154730293,0.006160000000000165,0.0043800000000000505,0.0013300000000000534,0.00045000000000006146,0.07305194805195607,0,0,,0,0,0,0,1.1638465100008195,1.1589869232352854,1.17298,1.15982,1.16599,0,0
2025-08-22T07:00:00+0700,1.16042,1.17421,1.15825,1.17204,42307,0.015959999999999974,0.008455912643678128,0.015959999999999974,0.011619999999999964,0.0021700000000000053,0.0021700000000000053,0.8640350877192977,1,1,,0,0,0,0,1.164626842381694,1.1594988085986078,1.17298,1.15982,1.16599,1,1
2025-08-25T07:00:00+0700,1.1721,1.17255,1.16023,1.16183,34353,0.012319999999999887,0.008731918883415396,0.012319999999999887,0.010270000000000001,0.00045000000000006146,0.0015999999999998238,0.12987012987011676,0,0,,0,0,0,0,1.1643604764405802,1.1595902278692505,1.17298,1.15982,1.16599,0,0
2025-08-26T07:00:00+0700,1.1617,1.16648,1.16018,1.16395,46479,0.006299999999999972,0.008558210391742866,0.006299999999999972,0.0022500000000000853,0.002529999999999921,0.0015199999999999658,0.5984126984127092,0,0,,0,0,0,0,1.1643213834462391,1.1597611993253585,1.17421,1.15825,1.16183,0,0
2025-08-27T07:00:00+0700,1.16419,1.16471,1.15736,1.16361,37382,0.007349999999999968,0.008471909649475516,0.007349999999999968,0.0005800000000000249,0.0005199999999998539,0.006250000000000089,0.8503401360544376,0,1,,0,0,0,0,1.1642536326418353,1.1599121326851485,1.17421,1.15825,1.16183,0,1
2025-08-28T07:00:00+0700,1.16336,1.1696900000000001,1.16287,1.16812,37903,0.006820000000000048,0.008353916103084412,0.006820000000000048,0.0047600000000000975,0.0015700000000000713,0.0004899999999998794,0.7697947214076158,0,0,,0,0,0,0,1.1646218581045178,1.1602340098347506,1.17421,1.15825,1.16183,0,0
2025-08-29T07:00:00+0700,1.16798,1.17085,1.16504,1.16836,38175,0.005809999999999871,0.008172207810006944,0.005809999999999871,0.00038000000000004697,0.002489999999999881,0.0029399999999999427,0.5714285714285824,0,0,,0,0,0,0,1.1649778716183734,1.1605526761157408,1.17421,1.15825,1.16183,0,0
2025-09-01T07:00:00+0700,1.16932,1.17361,1.1685699999999999,1.171,29480,0.005249999999999977,0.007963478680720733,0.0050400000000001555,0.0016800000000001258,0.002610000000000001,0.0007500000000000284,0.48214285714287286,1,0,,0,0,0,0,1.1655514076547189,1.160962375091594,1.17421,1.15825,1.16183,0,0
2025-09-02T07:00:00+0700,1.17072,1.17178,1.16125,1.16403,50430,0.01053000000000015,0.008146801632097835,0.01053000000000015,0.006690000000000085,0.001060000000000061,0.0027800000000000047,0.2640075973409273,0,0,,0,0,0,0,1.1654065116876027,1.1610826741076101,1.17361,1.15736,1.171,0,0
2025-09-03T07:00:00+0700,1.1638600000000001,1.16816,1.16077,1.166,40446,0.007390000000000008,0.008092744372662277,0.007390000000000008,0.0021399999999998087,0.002160000000000162,0.003090000000000037,0.7077131258457159,0,1,,0,0,0,0,1.1654630343840215,1.1612755104171155,1.17361,1.15736,1.171,0,0
2025-09-04T07:00:00+0700,1.16572,1.1669,1.16295,1.16495,39072,0.00395000000000012,0.007796834060329266,0.00395000000000012,0.0007700000000001594,0.0011799999999999589,0.0020000000000000018,0.5063291139240357,0,0,,0,0,0,0,1.1654141739664958,1.1614196080478167,1.17361,1.15736,1.171,0,0
2025-09-05T07:00:00+0700,1.16454,1.1759,1.16454,1.17166,46361,0.011360000000000037,0.008051345913162892,0.011360000000000037,0.007120000000000015,0.0042400000000000215,0.0,0.626760563380281,0,0,,0,0,0,0,1.1660090145411153,1.1618211920459416,1.17361,1.15736,1.171,1,0
2025-09-08T07:00:00+0700,1.1710099999999999,1.17649,1.17031,1.17616,39986,0.006180000000000074,0.007917678347936977,0.006180000000000074,0.00515000000000021,0.00032999999999994145,0.0006999999999999229,0.9466019417475829,0,0,BOS_UP,1,0,0,0,1.1669757750610092,1.1623834982402186,1.17361,1.15736,1.171,0,0
2025-09-09T07:00:00+0700,1.17595,1.1779600000000001,1.17033,1.17084,43636,0.007630000000000026,0.00789712989451291,0.007630000000000026,0.005109999999999948,0.0020100000000000673,0.0005100000000000104,0.06684141546526982,1,0,,0,0,0,0,1.1673437964837703,1.16271512576021,1.17649,1.16077,1.17616,1,0
2025-09-10T07:00:00+0700,1.1703999999999999,1.17298,1.16822,1.1693500000000001,42513,0.0047599999999998754,0.007673049187761979,0.0047599999999998754,0.0010499999999997733,0.0025800000000000267,0.0011300000000000754,0.23739495798321533,0,0,,0,0,0,0,1.167534863485316,1.1629753169068686,1.17649,1.16077,1.17616,0,0
2025-09-11T07:00:00+0700,1.16936,1.17455,1.16597,1.17346,45834,0.008580000000000032,0.007737831388636126,0.008580000000000032,0.0040999999999999925,0.0010900000000000354,0.003390000000000004,0.8729603729603693,0,1,,0,0,0,0,1.1680991622010002,1.1633864809497367,1.17649,1.16077,1.17616,0,0
2025-09-12T07:00:00+0700,1.17314,1.17471,1.1701,1.1733500000000001,38537,0.004610000000000003,0.007514414860876403,0.004610000000000003,0.00021000000000004349,0.0013599999999998058,0.0030400000000001537,0.7049891540130575,0,0,,0,0,0,0,1.168599241991381,1.1637772071870018,1.17649,1.16077,1.17616,0,0
2025-09-15T07:00:00+0700,1.17269,1.1774,1.17158,1.17599,33887,0.005819999999999936,0.007393385227956656,0.005819999999999936,0.0033000000000000806,0.0014099999999999113,0.0011099999999999444,0.7577319587628992,0,0,,0,0,0,0,1.1693031237064877,1.164256140238492,1.17649,1.16077,1.17616,1,0
2025-09-16T07:00:00+0700,1.17605,1.1877900000000001,1.17569,1.1865700000000001,46784,0.012100000000000222,0.007729571997388339,0.012100000000000222,0.010520000000000085,0.0012199999999999989,0.000360000000000138,0.8991735537190102,0,0,BOS_UP,1,0,0,0,1.1709475881153937,1.1651311935624729,1.1779600000000001,1.16597,1.17599,0,0
2025-09-17T07:00:00+0700,1.18652,1.1918,1.1807400000000001,1.18121,46889,0.011059999999999848,0.00796745971186059,0.011059999999999848,0.005309999999999926,0.005279999999999951,0.00046999999999997044,0.042495479204337876,1,0,,0,0,0,0,1.1719249606758324,1.1657617349913956,1.1779600000000001,1.16597,1.17599,0,0
2025-09-18T07:00:00+0700,1.181,1.18478,1.17497,1.17847,51207,0.009809999999999874,0.008099069732441967,0.009809999999999874,0.0025300000000001432,0.0037799999999998946,0.0034999999999998366,0.35677879714575755,0,0,,0,0,0,0,1.1725482977543245,1.1662600983250664,1.1779600000000001,1.16597,1.17599,0,0
2025-09-19T07:00:00+0700,1.17822,1.1792,1.17283,1.17427,46232,0.006369999999999987,0.007975564751553255,0.006369999999999987,0.00395000000000012,0.0009799999999999809,0.0014399999999998858,0.22605965463106575,0,0,,0,0,0,0,1.1727122693967698,1.1665742121162403,1.1779600000000001,1.16597,1.17599,1,0
2025-09-22T07:00:00+0700,1.17379,1.18023,1.17256,1.18008,36067,0.007669999999999844,0.007953738697870869,0.007669999999999844,0.006290000000000129,0.00014999999999987246,0.0012299999999998423,0.9804432855280475,0,1,,0,0,0,0,1.1734139580256489,1.16710385085678,1.1779600000000001,1.16597,1.17599,0,0
2025-09-23T07:00:00+0700,1.17937,1.1819600000000001,1.17777,1.18132,41796,0.004190000000000138,0.007684900219451531,0.004190000000000138,0.0019499999999998963,0.000640000000000196,0.0016000000000000458,0.8472553699283593,1,0,,0,0,0,0,1.1741669144041587,1.1676613469016122,1.1918,1.17256,1.18008,0,0
2025-09-24T07:00:00+0700,1.18113,1.18185,1.17276,1.1737,41461,0.009090000000000042,0.00778526448949071,0.009090000000000042,0.007430000000000048,0.0007200000000000539,0.0009399999999999409,0.10341034103409642,0,0,,0,0,0,0,1.1741224463656672,1.1678981568270392,1.1918,1.17256,1.18008,0,0
2025-09-25T07:00:00+0700,1.17367,1.17535,1.16451,1.16642,44746,0.01083999999999996,0.008003459883098514,0.01083999999999996,0.007249999999999979,0.0016799999999999038,0.0019100000000000783,0.17619926199262778,0,1,,0,0,0,0,1.1733888800451275,1.1678401898926456,1.1918,1.17256,1.18008,0,0
2025-09-26T07:00:00+0700,1.16564,1.1706699999999999,1.16564,1.16986,41960,0.005029999999999868,0.007791069891448611,0.005029999999999868,0.0042199999999998905,0.0008099999999999774,0.0,0.8389662027833005,0,0,,0,0,0,0,1.1730527962313058,1.1679193981321498,1.1918,1.17256,1.18008,0,0
2025-09-29T07:00:00+0700,1.16975,1.1754,1.16975,1.17256,37245,0.005649999999999933,0.007638136327773706,0.005649999999999933,0.002809999999999979,0.0028399999999999537,0.0,0.49734513274336506,0,0,,0,0,0,0,1.1730058632568958,1.1681013825191244,1.1918,1.17256,1.18008,0,0
2025-09-30T07:00:00+0700,1.17233,1.1761,1.17117,1.17324,41193,0.004929999999999879,0.0074446980186470045,0.004929999999999879,0.0009099999999999664,0.0028599999999998627,0.0011600000000000499,0.41987829614605826,0,0,,0,0,0,0,1.1730281619943341,1.1683028969301392,1.1819600000000001,1.16451,1.17256,0,0
2025-10-01T07:00:00+0700,1.17319,1.17782,1.17151,1.17294,49831,0.006310000000000038,0.007363648160172221,0.006310000000000038,0.00024999999999986144,0.004630000000000134,0.0014300000000000423,0.22662440570523515,1,0,,0,0,0,0,1.1730197656139214,1.1684847441093493,1.1819600000000001,1.16451,1.17256,0,0
2025-10-02T07:00:00+0700,1.17275,1.17577,1.16827,1.17148,39029,0.007500000000000062,0.007373387577302782,0.007500000000000062,0.0012699999999998823,0.0030200000000000227,0.003210000000000157,0.4280000000000174,0,0,,0,0,0,0,1.1728731212697383,1.1686022051246692,1.1819600000000001,1.16451,1.17256,0,0
2025-10-03T07:00:00+0700,1.1713,1.17586,1.17129,1.1740599999999999,35783,0.004569999999999963,0.007173145607495438,0.004569999999999963,0.0027599999999998737,0.0018000000000000238,1.0000000000065512e-05,0.6061269146608231,0,0,,0,0,0,0,1.1729861573392872,1.1688162362962506,1.1819600000000001,1.16451,1.17256,0,0
2025-10-06T07:00:00+0700,1.1718600000000001,1.17303,1.16514,1.17111,46613,0.008919999999999817,0.007297920921245751,0.007889999999999953,0.0007500000000000284,0.0011699999999998933,0.005970000000000031,0.7566539923954457,0,0,,0,0,0,0,1.1728074756879268,1.1689061878140448,1.1819600000000001,1.16451,1.17256,0,0
2025-10-07T07:00:00+0700,1.17062,1.17141,1.16472,1.16564,39023,0.006690000000000085,0.007254497998299632,0.006690000000000085,0.0049799999999999844,0.0007900000000000684,0.0009200000000000319,0.1375186846038894,0,0,,0,0,0,0,1.1721248589557434,1.1687781020174157,1.17782,1.16514,1.17111,0,1
2025-10-08T07:00:00+0700,1.16564,1.16607,1.1598,1.16272,43074,0.006269999999999998,0.007184176712706801,0.006269999999999998,0.0029200000000000337,0.00042999999999993044,0.0029200000000000337,0.4657097288676291,0,0,CHOCH_DN,0,0,0,1,1.1712291581028154,1.1685405293892817,1.17782,1.16514,1.17111,0,0
2025-10-09T07:00:00+0700,1.16226,1.16476,1.15416,1.15629,50286,0.010599999999999943,0.007428164090370597,0.010599999999999943,0.005970000000000031,0.0024999999999999467,0.0021299999999999653,0.2009433962264129,0,1,,0,0,0,0,1.1698063811406425,1.1680601164720548,1.17782,1.16514,1.17111,0,0
2025-10-10T07:00:00+0700,1.15527,1.1630099999999999,1.15527,1.16173,47388,0.007739999999999858,0.007450438083915545,0.007739999999999858,0.00645999999999991,0.0012799999999999478,0.0,0.8346253229974198,0,0,,0,0,0,0,1.1690372019843909,1.1678118766104055,1.17782,1.16514,1.17111,0,0
2025-10-13T07:00:00+0700,1.16106,1.16293,1.15571,1.1569,43319,0.007220000000000004,0.007433978220778721,0.007220000000000004,0.0041599999999999415,0.0018700000000000383,0.0011900000000000244,0.16481994459834123,0,0,,0,0,0,0,1.1678812779858774,1.1673839598805857,1.17782,1.16514,1.17111,0,0
2025-10-14T07:00:00+0700,1.15668,1.16143,1.15419,1.16066,53082,0.007239999999999913,0.007420122633580235,0.007239999999999913,0.003980000000000095,0.0007699999999999374,0.002489999999999881,0.8936464088397864,0,1,,0,0,0,0,1.1671935372253175,1.1671202751793863,1.17141,1.15416,1.1569,0,0
2025-10-15T07:00:00+0700,1.16048,1.16472,1.16013,1.16458,43536,0.004589999999999872,0.007217971016895924,0.004589999999999872,0.0040999999999999925,0.000140000000000029,0.00034999999999985043,0.9694989106753741,0,0,,0,0,0,0,1.1669446289181444,1.1670206565449006,1.17141,1.15416,1.1569,0,0
2025-10-16T07:00:00+0700,1.16419,1.16936,1.16406,1.16861,49328,0.00529999999999986,0.007080973087117633,0.00529999999999986,0.0044199999999998685,0.0007500000000000284,0.00012999999999996348,0.8584905660377268,0,0,,0,0,0,0,1.167103235687845,1.1670829837392183,1.17141,1.15416,1.1569,0,0
2025-10-17T07:00:00+0700,1.16821,1.17279,1.16491,1.16492,50769,0.00788000000000011,0.00713804643803781,0.00788000000000011,0.003290000000000015,0.0045800000000000285,1.0000000000065512e-05,0.00126903553300322,1,0,,0,0,0,0,1.1668953084794789,1.1669981608474844,1.17141,1.15416,1.1569,1,0
2025-10-20T07:00:00+0700,1.16621,1.1675,1.16378,1.16397,37262,0.0037199999999999456,0.006893900263892248,0.0037199999999999456,0.0022400000000000198,0.0012900000000000134,0.00018999999999991246,0.05107526881718152,0,0,,0,0,0,0,1.1666167076719096,1.1668794094417008,1.17141,1.15416,1.1569,0,0
2025-10-21T07:00:00+0700,1.16397,1.16547,1.15973,1.15982,43303,0.005740000000000078,0.006811478816471379,0.005740000000000078,0.004149999999999876,0.0015000000000000568,9.000000000014552e-05,0.01567944250873594,0,0,,0,0,0,0,1.165969402179347,1.1666025698557518,1.17279,1.15419,1.16397,0,0
2025-10-22T07:00:00+0700,1.15982,1.1622,1.15764,1.1608100000000001,37917,0.0045599999999998975,0.00665065890100913,0.0045599999999998975,0.0009900000000000464,0.0013899999999997803,0.0021800000000000708,0.6951754385965325,0,1,,0,0,0,0,1.1654780305432186,1.1663754102535655,1.17279,1.15419,1.16397,0,0
2025-10-23T07:00:00+0700,1.16072,1.16196,1.1585,1.16166,31264,0.0034600000000000186,0.006422754693794194,0.0034600000000000186,0.0009399999999999409,0.000300000000000189,0.0022199999999998887,0.9132947976878071,0,0,,0,0,0,0,1.1651144085867216,1.1661904922044062,1.17279,1.15419,1.16397,0,0
2025-10-24T07:00:00+0700,1.1614,1.16475,1.16004,1.16248,36396,0.004709999999999992,0.0063004150728088945,0.004709999999999992,0.0010799999999999699,0.0022699999999999942,0.0013600000000000279,0.5180467091295121,0,0,,0,0,0,0,1.1648635125308433,1.1660449827061943,1.17279,1.15419,1.16397,0,0
2025-10-27T07:00:00+0700,1.16339,1.16516,1.16172,1.16428,31915,0.0034399999999998876,0.006096099710465395,0.0034399999999998876,0.0008900000000000574,0.0008799999999999919,0.0016699999999998383,0.7441860465116219,0,0,,0,0,0,0,1.1648079399088582,1.1659757676981082,1.17279,1.15419,1.16397,0,0
2025-10-28T07:00:00+0700,1.16429,1.16683,1.16251,1.16506,35539,0.0043200000000001015,0.00596923544543216,0.0043200000000001015,0.0007699999999999374,0.0017700000000000493,0.0017800000000001148,0.590277777777776,1,0,,0,0,0,0,1.1648319456318241,1.165939855239359,1.16547,1.15764,1.16428,1,0
2025-10-29T07:00:00+0700,1.16496,1.16655,1.15772,1.15994,44610,0.008829999999999893,0.006173575770758426,0.008829999999999893,0.0050200000000000244,0.0015899999999999803,0.0022199999999998887,0.2514156285390618,0,0,,0,0,0,0,1.1643660460478409,1.1657045667986,1.16547,1.15764,1.16428,1,0
2025-10-30T07:00:00+0700,1.15997,1.16369,1.15466,1.15635,44710,0.009029999999999871,0.006377606072847102,0.009029999999999871,0.0036199999999999566,0.0037199999999999456,0.0016899999999999693,0.18715393133997713,0,0,BOS_DN,0,1,0,0,1.1636026130909036,1.1653377210417921,1.16547,1.15764,1.16428,0,0
2025-10-31T07:00:00+0700,1.15632,1.15771,1.15211,1.15347,35246,0.005600000000000049,0.006322062781929455,0.005600000000000049,0.002850000000000019,0.0013900000000000023,0.0013600000000000279,0.24285714285714569,0,0,BOS_DN,0,1,0,0,1.1626376023203413,1.1648723202166238,1.16547,1.15764,1.16428,0,0
2025-11-03T07:00:00+0700,1.15293,1.15408,1.1504699999999999,1.15176,33246,0.003610000000000113,0.006128344011791645,0.003610000000000113,0.0011700000000001154,0.0011499999999999844,0.0012900000000000134,0.35734072022159913,0,0,BOS_DN,0,1,0,0,1.1616016401945946,1.1643581115806778,1.16547,1.15764,1.16428,0,0
2025-11-04T07:00:00+0700,1.15164,1.15331,1.14727,1.14812,34202,0.006040000000000045,0.006122033725235103,0.006040000000000045,0.0035199999999999676,0.0016700000000000603,0.0008500000000000174,0.14072847682119388,0,0,BOS_DN,0,1,0,0,1.160317674461776,1.1637213228912395,1.16683,1.1504699999999999,1.15176,0,0
2025-11-05T07:00:00+0700,1.14808,1.14975,1.14685,1.1491500000000001,32760,0.0029000000000001247,0.00589188845914689,0.0029000000000001247,0.0010700000000001264,0.0005999999999999339,0.0012300000000000644,0.7931034482758937,0,1,,0,0,0,0,1.1592540864177974,1.1631498984641322,1.16683,1.1504699999999999,1.15176,0,0
2025-11-06T07:00:00+0700,1.149,1.15518,1.14889,1.15459,33481,0.006290000000000129,0.005920324997779265,0.006290000000000129,0.005589999999999984,0.0005900000000000905,0.0001100000000000545,0.9062003179650114,0,0,,0,0,0,0,1.1588098877113404,1.162814216171421,1.16683,1.1504699999999999,1.15176,0,1
2025-11-07T07:00:00+0700,1.15414,1.15906,1.1529099999999999,1.15637,33147,0.0061500000000001,0.005936730355080753,0.0061500000000001,0.0022299999999999542,0.002690000000000081,0.0012300000000000644,0.5626016260162541,0,0,,0,0,0,0,1.1585775174531177,1.1625615018117574,1.16683,1.1504699999999999,1.15176,0,0
2025-11-10T07:00:00+0700,1.15542,1.15825,1.15408,1.1556,33230,0.004170000000000007,0.005810535329717843,0.004170000000000007,0.000180000000000069,0.002650000000000041,0.0013399999999998968,0.3645083932853629,0,0,,0,0,0,0,1.1582939443623446,1.162288501740708,1.16683,1.1504699999999999,1.15176,0,0
2025-11-11T07:00:00+0700,1.15526,1.16053,1.15467,1.15808,31329,0.005859999999999976,0.0058140685204522815,0.005859999999999976,0.0028200000000000447,0.0024500000000000632,0.0005899999999998684,0.5819112627986224,0,0,,0,0,0,0,1.158273568708788,1.162123462456759,1.15906,1.14685,1.1556,1,0
2025-11-12T07:00:00+0700,1.15831,1.15973,1.15626,1.15916,30887,0.003469999999999862,0.005646635054705681,0.003469999999999862,0.0008500000000000174,0.0005699999999999594,0.0020499999999998852,0.835734870317008,0,0,,0,0,0,0,1.1583579907365225,1.1620072482427684,1.15906,1.14685,1.1556,0,0
2025-11-13T07:00:00+0700,1.15907,1.16556,1.15785,1.16328,38524,0.007709999999999884,0.005794018265083838,0.007709999999999884,0.004210000000000047,0.0022799999999998377,0.0012199999999999989,0.7042801556420399,1,0,,0,0,0,0,1.1588267535235204,1.1620571600763852,1.15906,1.14685,1.1556,0,0
2025-11-14T07:00:00+0700,1.1629,1.16534,1.16058,1.16196,43201,0.0047600000000000975,0.005720159817577857,0.0047600000000000975,0.0009399999999999409,0.0024399999999999977,0.0013800000000001589,0.28991596638658207,0,0,,0,0,0,0,1.1591251579498518,1.1620533498773113,1.15906,1.14685,1.1556,0,0
2025-11-17T07:00:00+0700,1.16121,1.1623999999999999,1.15814,1.1590799999999999,31291,0.0042599999999999305,0.0056158626877508624,0.0042599999999999305,0.0021300000000001873,0.0011899999999998023,0.0009399999999999409,0.2206572769952949,0,0,,0,0,0,0,1.1591208571927232,1.1619367479213385,1.15906,1.14685,1.1556,0,0
2025-11-18T07:00:00+0700,1.15888,1.16074,1.15711,1.15791,36155,0.003630000000000022,0.005474015352911517,0.003630000000000022,0.0009699999999999154,0.0018600000000001948,0.0007999999999999119,0.22038567493110386,0,0,,0,0,0,0,1.1590055374600827,1.1617788362381487,1.16556,1.15467,1.1590799999999999,0,0
2025-11-19T07:00:00+0700,1.15744,1.15968,1.15176,1.15371,38814,0.00792000000000015,0.005648728541989277,0.00792000000000015,0.003730000000000011,0.0022400000000000198,0.0019500000000001183,0.2462121212121315,0,0,,0,0,0,0,1.1585012005591224,1.1614624112876333,1.16556,1.15467,1.1590799999999999,0,0
2025-11-20T07:00:00+0700,1.15367,1.15495,1.15014,1.15271,42724,0.004809999999999981,0.0055888193604186134,0.004809999999999981,0.0009600000000000719,0.0012799999999999478,0.002569999999999961,0.5343035343035284,0,0,,0,0,0,0,1.1579496576487296,1.161119179472432,1.16556,1.15467,1.1590799999999999,0,0
2025-11-21T07:00:00+0700,1.15236,1.1552,1.14907,1.15118,44332,0.006129999999999969,0.005627475120388711,0.006129999999999969,0.0011799999999999589,0.0028399999999999537,0.0021100000000000563,0.34420880913541063,0,1,,0,0,0,0,1.1573049283488506,1.160729407728415,1.16556,1.15467,1.1590799999999999,0,0
2025-11-24T07:00:00+0700,1.15103,1.155,1.15014,1.15199,31031,0.0048600000000000865,0.005572655468932381,0.0048600000000000865,0.0009600000000000719,0.003009999999999957,0.0008900000000000574,0.38065843621401163,0,0,,0,0,0,0,1.156798744696579,1.1603866858567125,1.16556,1.15467,1.1590799999999999,0,0
2025-11-25T07:00:00+0700,1.15176,1.15856,1.15112,1.15682,38510,0.007440000000000113,0.005706037221151505,0.007440000000000113,0.0050600000000000644,0.0017400000000000748,0.0006399999999999739,0.7661290322580581,0,0,,0,0,0,0,1.1568007690111906,1.160246815823116,1.16074,1.14907,1.15199,0,0
2025-11-26T07:00:00+0700,1.1567,1.16004,1.15467,1.15958,43783,0.005369999999999875,0.005682034562497817,0.005369999999999875,0.0028799999999999937,0.00045999999999990493,0.0020299999999999763,0.9143389199255278,0,0,,0,0,0,0,1.1570654576767916,1.160220666182994,1.16074,1.14907,1.15199,0,0
2025-11-27T07:00:00+0700,1.15882,1.16131,1.15761,1.15944,24861,0.0037000000000000366,0.005540460665176547,0.0037000000000000366,0.0006200000000000649,0.0018700000000000383,0.0012099999999999334,0.49459459459458927,0,0,,0,0,0,0,1.1572916045647161,1.1601900518228765,1.16074,1.14907,1.15199,1,0
2025-11-28T07:00:00+0700,1.15917,1.16071,1.15546,1.15951,59627,0.005249999999999977,0.005519713474806793,0.005249999999999977,0.00034000000000000696,0.0011999999999998678,0.003710000000000102,0.7714285714285956,0,0,,0,0,0,0,1.1575028803204575,1.1601633831239402,1.16074,1.14907,1.15199,0,0
2025-12-01T07:00:00+0700,1.159,1.16515,1.15889,1.16075,40823,0.006259999999999932,0.00557259108374916,0.006259999999999932,0.0017499999999999183,0.0043999999999999595,0.0001100000000000545,0.2971246006389765,0,0,,0,0,0,0,1.1578121298137474,1.160186387707315,1.16074,1.14907,1.15199,0,0
2025-12-02T07:00:00+0700,1.16068,1.16254,1.1590799999999999,1.16236,31070,0.0034600000000000186,0.005421691720624221,0.0034600000000000186,0.0016800000000001258,0.00017999999999984695,0.0016000000000000458,0.9479768786127613,0,0,,0,0,0,0,1.1582452603076763,1.1602716274050675,1.16515,1.15112,1.16075,0,0
2025-12-03T07:00:00+0700,1.1620300000000001,1.16771,1.16174,1.16698,32980,0.005970000000000031,0.005460856597722493,0.005970000000000031,0.004949999999999788,0.0007300000000001194,0.0002900000000001235,0.8777219430485569,0,0,CHOCH_UP,0,0,1,0,1.1590771402783737,1.160534700840163,1.16515,1.15112,1.16075,0,0
2025-12-04T07:00:00+0700,1.16645,1.16815,1.16406,1.16435,32853,0.004089999999999927,0.005362938269313738,0.004089999999999927,0.0020999999999999908,0.0017000000000000348,0.00028999999999990145,0.07090464547674978,1,0,,0,0,0,0,1.159579317394719,1.1606843204150585,1.16515,1.15112,1.16075,1,0
2025-12-05T07:00:00+0700,1.16417,1.16713,1.16275,1.16419,32570,0.0043800000000000505,0.0052927283929341895,0.0043800000000000505,2.0000000000131024e-05,0.0029399999999999427,0.0014199999999999768,0.3287671232876921,0,0,,0,0,0,0,1.1600184300237935,1.1608217980458406,1.16515,1.15112,1.16075,1,0
2025-12-08T07:00:00+0700,1.16329,1.16717,1.1616,1.16357,39075,0.005570000000000075,0.00531253350772461,0.005570000000000075,0.000280000000000058,0.0036000000000000476,0.0016899999999999693,0.3536804308797129,0,0,,0,0,0,0,1.1603566747834322,1.160929570671494,1.16515,1.15112,1.16075,1,0
2025-12-09T07:00:00+0700,1.16316,1.16568,1.16146,1.16251,35326,0.0042200000000001125,0.005234495400030003,0.0042200000000001125,0.0006500000000000394,0.0025200000000000777,0.0010499999999999954,0.24881516587676952,0,1,,0,0,0,0,1.1605617533754862,1.1609915482922197,1.16815,1.1590799999999999,1.16357,0,0
2025-12-10T07:00:00+0700,1.1625,1.16993,1.1621299999999999,1.16942,40697,0.007800000000000029,0.00541774572859929,0.007800000000000029,0.006919999999999815,0.0005100000000000104,0.0003700000000002035,0.9346153846153835,0,0,BOS_UP,1,0,0,0,1.161405395911154,1.1613220758101719,1.16815,1.1590799999999999,1.16357,0,0
2025-12-11T07:00:00+0700,1.16936,1.1762299999999999,1.16818,1.17374,39464,0.00804999999999989,0.0056057638908421905,0.00804999999999989,0.0043800000000000505,0.002489999999999881,0.0011799999999999589,0.6906832298136751,0,0,BOS_UP,1,0,0,0,1.1625801201100918,1.161809053229381,1.16815,1.1590799999999999,1.16357,0,0
2025-12-12T07:00:00+0700,1.17382,1.17494,1.17191,1.17385,35031,0.003030000000000088,0.00542178075578204,0.003030000000000088,2.999999999997449e-05,0.0010900000000000354,0.0019100000000000783,0.640264026402639,0,0,BOS_UP,1,0,0,0,1.1636534420043687,1.1622812472203858,1.16815,1.1590799999999999,1.16357,0,0
2025-12-15T07:00:00+0700,1.17298,1.1768399999999999,1.17259,1.17522,33924,0.004249999999999865,0.005338082130369028,0.004249999999999865,0.0022400000000000198,0.0016199999999999548,0.00038999999999989043,0.6188235294117632,0,0,BOS_UP,1,0,0,0,1.1647550189563336,1.1627886492901747,1.16815,1.1590799999999999,1.16357,0,0
2025-12-16T07:00:00+0700,1.17494,1.18035,1.17346,1.17456,41798,0.006890000000000063,0.005448933406771245,0.006890000000000063,0.00038000000000004697,0.005409999999999915,0.001100000000000101,0.15965166908564454,1,0,,0,0,0,0,1.165688826674778,1.1632502708866386,1.1768399999999999,1.16146,1.17522,1,0
2025-12-17T07:00:00+0700,1.17451,1.17576,1.17027,1.17392,39812,0.005489999999999995,0.005451866734859013,0.005489999999999995,0.0005899999999998684,0.0012499999999999734,0.003650000000000153,0.6648451730419228,0,0,,0,0,0,0,1.1664727479438468,1.163668691636182,1.1768399999999999,1.16146,1.17522,0,0
2025-12-18T07:00:00+0700,1.17372,1.17621,1.17122,1.17224,39466,0.00499000000000005,0.005418876253797659,0.00499000000000005,0.0014800000000001479,0.002489999999999881,0.0010200000000000209,0.2044088176352727,0,0,,0,0,0,0,1.1670220100444328,1.1640048213759395,1.1768399999999999,1.16146,1.17522,0,0
2025-12-19T07:00:00+0700,1.17156,1.17373,1.17024,1.17068,35931,0.003489999999999993,0.005281099378526397,0.003489999999999993,0.0008799999999999919,0.0021700000000000053,0.00043999999999999595,0.12607449856733433,0,1,,0,0,0,0,1.167370390040201,1.164266593086687,1.1768399999999999,1.16146,1.17522,0,0
2025-12-22T07:00:00+0700,1.17139,1.17689,1.17056,1.17604,30934,0.006329999999999947,0.005356020851488793,0.006329999999999947,0.004650000000000043,0.0008500000000000174,0.0008299999999998864,0.8657187993680846,0,0,,0,0,0,0,1.1681960671792295,1.1647282953185816,1.1768399999999999,1.16146,1.17522,1,0
2025-12-23T07:00:00+0700,1.17533,1.18015,1.1752,1.1791800000000001,40453,0.00495000000000001,0.005327019362096738,0.00495000000000001,0.003850000000000131,0.0009699999999999154,0.00012999999999996348,0.8040404040404215,0,0,,0,0,0,0,1.169242156019303,1.1652950288355,1.18035,1.17024,1.17604,0,0
2025-12-24T07:00:00+0700,1.1789399999999999,1.18075,1.17722,1.17758,34644,0.003530000000000033,0.005198660836232688,0.003530000000000033,0.0013599999999998058,0.0018100000000000893,0.000360000000000138,0.10198300283289932,1,0,,0,0,0,0,1.170036236398417,1.1657767924105784,1.18035,1.17024,1.17604,1,0
2025-12-26T07:00:00+0700,1.17765,1.17963,1.17611,1.17695,37232,0.0035199999999999676,0.005078756490787494,0.0035199999999999676,0.000700000000000145,0.0019799999999998708,0.0008399999999999519,0.23863636363635216,0,0,,0,0,0,0,1.1706946900747581,1.1662149574140852,1.18035,1.17024,1.17604,0,0
2025-12-29T07:00:00+0700,1.17633,1.17886,1.1749,1.17708,35371,0.0039599999999999635,0.004998845312874099,0.0039599999999999635,0.0007499999999998064,0.0017800000000001148,0.0014300000000000423,0.5505050505050174,0,0,,0,0,0,0,1.171302814829543,1.1666410375154936,1.18035,1.17024,1.17604,0,0
2025-12-30T07:00:00+0700,1.1766,1.17794,1.17429,1.17464,30913,0.003649999999999931,0.004902499219097373,0.003649999999999931,0.001960000000000184,0.0013399999999998968,0.00034999999999985043,0.09589041095886494,0,0,,0,0,0,0,1.1716206419886341,1.1669547223188075,1.18075,1.1749,1.17708,0,0
2025-12-31T07:00:00+0700,1.17421,1.1759,1.17196,1.17444,32454,0.003940000000000055,0.004833749274876137,0.003940000000000055,0.00022999999999995246,0.0014600000000000168,0.0022500000000000853,0.6294416243654831,0,0,,0,0,0,0,1.171889152275431,1.167248262620031,1.18075,1.1749,1.17708,0,0
2026-01-02T07:00:00+0700,1.17447,1.17645,1.17129,1.17183,31850,0.005160000000000053,0.0048570528980992735,0.005160000000000053,0.0026399999999999757,0.001980000000000093,0.0005399999999999849,0.10465116279069367,0,0,,0,0,0,0,1.1718835187253898,1.167427938595716,1.18075,1.1749,1.17708,0,0
2026-01-05T07:00:00+0700,1.17185,1.17283,1.16585,1.17202,40823,0.006979999999999986,0.005008691976806467,0.006979999999999986,0.00017000000000000348,0.0008099999999999774,0.006000000000000005,0.8839541547277967,0,1,,0,0,0,0,1.1718965169420192,1.1676080194350997,1.18075,1.1749,1.17708,0,0
2026-01-06T07:00:00+0700,1.17175,1.17424,1.16834,1.16872,37161,0.005900000000000016,0.005072356835606006,0.005900000000000016,0.003030000000000088,0.002489999999999881,0.00038000000000004697,0.06440677966102473,0,0,,0,0,0,0,1.1715939915189697,1.1676516265160763,1.17794,1.16585,1.17202,0,0
2026-01-07T07:00:00+0700,1.1684,1.17023,1.16724,1.16744,34849,0.002990000000000048,0.004923617061634153,0.002990000000000048,0.0009600000000000719,0.0018299999999999983,0.00019999999999997797,0.06688963210701497,0,0,,0,0,0,0,1.1711983732790678,1.1676433274370146,1.17794,1.16585,1.17202,0,0
2026-01-08T07:00:00+0700,1.16729,1.16825,1.16422,1.16571,31922,0.004029999999999978,0.004859787271517426,0.004029999999999978,0.0015799999999999148,0.0009600000000000719,0.0014899999999999913,0.36972704714640187,0,0,CHOCH_DN,0,0,0,1,1.1706756710620136,1.1675675106747787,1.17794,1.16585,1.17202,0,0
2026-01-09T07:00:00+0700,1.16562,1.16619,1.16177,1.16317,36406,0.0044200000000000905,0.004828373894980474,0.0044200000000000905,0.0024500000000000632,0.0005699999999999594,0.0014000000000000679,0.31674208144797267,0,1,,0,0,0,0,1.1699608452465837,1.1673950592757678,1.17794,1.16585,1.17202,0,0
2026-01-12T07:00:00+0700,1.16268,1.16981,1.16212,1.16649,36709,0.007689999999999975,0.005032775759624724,0.007689999999999975,0.003810000000000091,0.0033199999999999896,0.0005599999999998939,0.5682704811443432,1,0,,0,0,0,0,1.169630288556433,1.1673595667551495,1.17794,1.16585,1.17202,0,1
2026-01-13T07:00:00+0700,1.16661,1.16771,1.16337,1.16414,35271,0.0043400000000000105,0.004983291776794387,0.0043400000000000105,0.0024699999999999722,0.001100000000000101,0.0007699999999999374,0.17741935483869484,0,0,,0,0,0,0,1.1691074039320108,1.1672333092353397,1.17424,1.16177,1.16649,0,0
2026-01-14T07:00:00+0700,1.16402,1.16612,1.1635,1.1644,34032,0.0026200000000000667,0.004814485221309079,0.0026200000000000667,0.00038000000000004697,0.0017199999999999438,0.000520000000000076,0.34351145038171754,0,0,,0,0,0,0,1.1686590797480099,1.167122199069248,1.17424,1.16177,1.16649,0,0
2026-01-15T07:00:00+0700,1.16435,1.16465,1.15926,1.16083,33592,0.005390000000000006,0.004855593419787003,0.005390000000000006,0.0035199999999999676,0.00029999999999996696,0.0015700000000000713,0.29128014842301847,0,0,BOS_DN,0,1,0,0,1.1679134531053423,1.1668754461645716,1.17424,1.16177,1.16649,0,0
2026-01-16T07:00:00+0700,1.16036,1.16269,1.15841,1.15972,33625,0.0042800000000000615,0.004814479604087936,0.0042800000000000615,0.0006399999999999739,0.0023299999999999432,0.0013100000000001444,0.3060747663551695,0,0,BOS_DN,0,1,0,0,1.1671331242381668,1.1665948404326276,1.17424,1.16177,1.16649,0,0
2026-01-19T07:00:00+0700,1.15786,1.16483,1.15767,1.1644700000000001,32387,0.007160000000000055,0.004982016775224515,0.007160000000000055,0.006610000000000227,0.00035999999999991594,0.00018999999999991246,0.9497206703910736,0,1,,0,0,0,0,1.1668794933583415,1.1665115133568384,1.17424,1.16177,1.16649,0,1
2026-01-20T07:00:00+0700,1.16413,1.1768,1.16322,1.1724999999999999,49056,0.013580000000000148,0.005596158434137061,0.013580000000000148,0.008369999999999767,0.0043000000000001926,0.0009100000000001884,0.6833578792341571,1,0,,0,0,0,0,1.1674147797051662,1.1667463559702957,1.16771,1.15767,1.1644700000000001,0,0
2026-01-21T07:00:00+0700,1.17177,1.17426,1.16757,1.1686,45223,0.006690000000000085,0.005674289974555848,0.006690000000000085,0.003169999999999895,0.0024900000000001032,0.0010300000000000864,0.15396113602392725,0,0,,0,0,0,0,1.1675276578284837,1.1668190478930294,1.16771,1.15767,1.1644700000000001,0,0
2026-01-22T07:00:00+0700,1.168,1.17551,1.16696,1.17536,37002,0.008550000000000058,0.005879697833516149,0.008550000000000058,0.007360000000000033,0.0001500000000000945,0.0010399999999999299,0.9824561403508663,0,0,,0,0,0,0,1.168273595178152,1.167153987191342,1.16771,1.15767,1.1644700000000001,0,0
2026-01-23T07:00:00+0700,1.17479,1.18332,1.17278,1.18273,43852,0.010539999999999994,0.006212576559693567,0.010539999999999994,0.007940000000000058,0.0005899999999998684,0.0020100000000000673,0.9440227703984945,0,0,CHOCH_UP,0,0,1,0,1.1696503956373756,1.1677648112230539,1.16771,1.15767,1.1644700000000001,0,0
2026-01-26T07:00:00+0700,1.1859899999999999,1.19066,1.1834500000000001,1.18786,59293,0.007929999999999993,0.006335249662572598,0.007209999999999939,0.0018700000000000383,0.0028000000000001357,0.0025399999999997647,0.6116504854368711,0,0,BOS_UP,1,0,0,0,1.1713846436719113,1.1685528578417577,1.16771,1.15767,1.1644700000000001,0,0
2026-01-27T07:00:00+0700,1.18715,1.20819,1.185,1.20389,60773,0.023190000000000044,0.007539160400960272,0.023190000000000044,0.016739999999999977,0.0043000000000001926,0.0021499999999998742,0.8145752479516953,1,0,,0,0,0,0,1.174480391893634,1.169938628122473,1.19066,1.16322,1.18786,0,0
2026-01-28T07:00:00+0700,1.2036,1.2044,1.18953,1.1952,66284,0.014869999999999939,0.008062791800891677,0.014869999999999939,0.008399999999999963,0.0007999999999999119,0.005670000000000064,0.38130464021520427,0,0,,0,0,0,0,1.176453687903764,1.170929270156886,1.19066,1.16322,1.18786,0,0
2026-01-29T07:00:00+0700,1.19527,1.19961,1.19056,1.19692,66018,0.009050000000000002,0.008133306672256558,0.009050000000000002,0.0016499999999999293,0.002690000000000081,0.004709999999999992,0.7027624309392176,0,0,,0,0,0,0,1.1784028604843577,1.171948514464459,1.19066,1.16322,1.18786,0,0
2026-01-30T07:00:00+0700,1.19621,1.19742,1.18488,1.1849,81380,0.012539999999999996,0.00844807048138109,0.012539999999999996,0.011309999999999931,0.0012099999999999334,2.0000000000131024e-05,0.0015948963317488861,0,0,,0,0,0,0,1.1790216356763237,1.1724564158580097,1.19066,1.16322,1.18786,1,0
2026-02-02T07:00:00+0700,1.1849,1.18743,1.17755,1.17892,70012,0.009879999999999889,0.008550351161282433,0.009879999999999889,0.005980000000000096,0.002529999999999921,0.0013699999999998713,0.13866396761132457,0,1,,0,0,0,0,1.1790119560881025,1.172709889745931,1.19066,1.16322,1.18786,0,0
2026-02-03T07:00:00+0700,1.17812,1.1828400000000001,1.1779600000000001,1.1817199999999999,50939,0.0048799999999999955,0.00828818322119083,0.0048799999999999955,0.0035999999999998256,0.001120000000000232,0.00015999999999993797,0.7704918032786408,0,0,,0,0,0,0,1.1792698650320927,1.173063227402953,1.20819,1.17755,1.17892,0,0
2026-02-04T07:00:00+0700,1.1813500000000001,1.18375,1.179,1.18041,49437,0.004750000000000032,0.008035455848248631,0.004750000000000032,0.0009400000000001629,0.0023999999999999577,0.0014099999999999113,0.2968421052631372,0,0,,0,0,0,0,1.1793784493147506,1.1733513361322492,1.20819,1.17755,1.17892,0,0
2026-02-05T07:00:00+0700,1.18008,1.18082,1.17799,1.17932,24836,0.002829999999999888,0.007663637573373722,0.002829999999999888,0.0007600000000000939,0.0007399999999999629,0.0013299999999998313,0.46996466431091305,0,0,,0,0,0,0,1.1793728827133458,1.1735854013819649,1.20819,1.17755,1.17892,0,0
