time_th,open,high,low,close,tick_volume,tr,atr14,range,body,upper_wick,lower_wick,close_pos,swing_high,swing_low,structure_event,bos_up,bos_dn,choch_up,choch_dn,ema20,ema50,pwh,pwl,pwc,sweep_prev_high,sweep_prev_low
2023-11-03T07:00:00+0700,1.06185,1.07463,1.06118,1.07282,43142,0.013449999999999962,0.013449999999999962,0.013449999999999962,0.010970000000000146,0.0018099999999998673,0.0006699999999999484,0.8654275092936898,0,0,,0,0,0,0,1.07282,1.07282,,,,0,0
2023-11-06T07:00:00+0700,1.07207,1.07558,1.07138,1.07147,33705,0.0041999999999999815,0.008824999999999972,0.0041999999999999815,0.000600000000000156,0.003509999999999902,8.999999999992347e-05,0.0214285714285533,0,0,,0,0,0,0,1.0726914285714286,1.0727670588235294,,,,0,0
2023-11-07T07:00:00+0700,1.07134,1.07225,1.06637,1.06971,38867,0.005879999999999885,0.007843333333333277,0.005879999999999885,0.0016300000000000203,0.0009099999999999664,0.0033399999999998986,0.5680272108843476,0,0,,0,0,0,0,1.0724074829931973,1.0726471741637833,1.07558,1.06118,1.07147,0,0
2023-11-08T07:00:00+0700,1.06953,1.07156,1.06588,1.07063,38157,0.005680000000000129,0.0073024999999999896,0.005680000000000129,0.0010999999999998789,0.0009300000000000974,0.003650000000000153,0.8362676056337894,0,0,,0,0,0,0,1.072238198898607,1.0725680692946153,1.07558,1.06118,1.07147,0,0
2023-11-09T07:00:00+0700,1.07035,1.0725,1.06597,1.0667200000000001,42677,0.006529999999999925,0.007147999999999976,0.006529999999999925,0.0036299999999998,0.0021500000000000963,0.0007500000000000284,0.11485451761103171,1,0,,0,0,0,0,1.0717126561463586,1.072338733243846,1.07558,1.06118,1.07147,0,0
2023-11-10T07:00:00+0700,1.06661,1.06923,1.06557,1.06814,37385,0.0036599999999999966,0.006566666666666647,0.0036599999999999966,0.0015300000000000313,0.0010899999999998133,0.001040000000000152,0.7021857923497775,0,1,,0,0,0,0,1.0713724031800387,1.072174077038205,1.07558,1.06118,1.07147,0,0
2023-11-13T07:00:00+0700,1.06802,1.07057,1.06646,1.06958,32960,0.004110000000000058,0.006215714285714277,0.004110000000000058,0.0015600000000000058,0.0009900000000000464,0.0015600000000000058,0.759124087591233,0,0,,0,0,0,0,1.071201698115273,1.072072348526903,1.07558,1.06118,1.07147,0,0
2023-11-14T07:00:00+0700,1.06945,1.0887,1.06897,1.08761,41100,0.019730000000000025,0.007904999999999995,0.019730000000000025,0.018159999999999954,0.0010900000000000354,0.00048000000000003595,0.9447541814495675,0,0,BOS_UP,1,0,0,0,1.072764393532866,1.0726816681925146,1.0725,1.06557,1.06958,0,0
2023-11-15T07:00:00+0700,1.08749,1.08854,1.08312,1.08443,41392,0.00541999999999998,0.007628888888888883,0.00541999999999998,0.0030600000000000627,0.0010499999999999954,0.0013099999999999223,0.24169741697415628,0,0,BOS_UP,1,0,0,0,1.073875403672593,1.0731423870869259,1.0725,1.06557,1.06958,0,0
2023-11-16T07:00:00+0700,1.08442,1.08952,1.08297,1.08494,39707,0.006550000000000056,0.007521,0.006550000000000056,0.000520000000000076,0.0045800000000000285,0.0014499999999999513,0.30076335877862753,0,0,BOS_UP,1,0,0,0,1.0749291747513938,1.0736050385737133,1.0725,1.06557,1.06958,0,0
2023-11-17T07:00:00+0700,1.08489,1.09132,1.08244,1.09102,39882,0.008879999999999999,0.007644545454545454,0.008879999999999999,0.006130000000000191,0.00029999999999996696,0.002449999999999841,0.9662162162162199,0,1,BOS_UP,1,0,0,0,1.0764616342988802,1.0742879782374892,1.0725,1.06557,1.06958,0,0
2023-11-20T07:00:00+0700,1.09073,1.09515,1.08971,1.09375,39575,0.005440000000000111,0.007460833333333343,0.005440000000000111,0.0030200000000000227,0.0014000000000000679,0.0010200000000000209,0.7426470588235222,0,0,BOS_UP,1,0,0,0,1.0781081453180346,1.0750511947771957,1.0725,1.06557,1.06958,0,0
2023-11-21T07:00:00+0700,1.09376,1.09647,1.08997,1.09082,42715,0.00649999999999995,0.007386923076923082,0.00649999999999995,0.0029400000000001647,0.00270999999999999,0.0008499999999997954,0.1307692307692003,1,0,,0,0,0,0,1.0793187981448884,1.075669579295737,1.09515,1.06897,1.09375,1,0
2023-11-22T07:00:00+0700,1.09056,1.09223,1.0852,1.08857,41871,0.007030000000000092,0.007361428571428582,0.007030000000000092,0.0019899999999999363,0.0016700000000000603,0.003370000000000095,0.4793741109530656,0,1,,0,0,0,0,1.0801998649882323,1.0761754781468844,1.09515,1.06897,1.09375,0,0
2023-11-23T07:00:00+0700,1.08849,1.09302,1.0882,1.08998,25328,0.0048200000000000465,0.006745000000000017,0.0048200000000000465,0.0014899999999999913,0.0030400000000001537,0.00028999999999990145,0.36929460580910284,0,0,,0,0,0,0,1.0811313064179244,1.0767168319450457,1.09515,1.06897,1.09375,0,0
2023-11-24T07:00:00+0700,1.08995,1.09481,1.08946,1.09306,31074,0.005349999999999966,0.006827142857142873,0.005349999999999966,0.003109999999999946,0.0017500000000001403,0.0004899999999998794,0.6728971962616539,0,0,,0,0,0,0,1.0822673724733602,1.0773577404962205,1.09515,1.06897,1.09375,0,0
2023-11-27T07:00:00+0700,1.09418,1.09587,1.09247,1.0951,38059,0.0033999999999998476,0.006650000000000013,0.0033999999999998476,0.0009200000000000319,0.0007699999999999374,0.0017099999999998783,0.7735294117647141,0,0,,0,0,0,0,1.0834895274758973,1.0780535153787216,1.09515,1.06897,1.09375,1,0
2023-11-28T07:00:00+0700,1.09507,1.10084,1.0934,1.09901,44408,0.007440000000000113,0.006775714285714297,0.007440000000000113,0.003940000000000055,0.0018299999999999983,0.0016700000000000603,0.7540322580645201,0,0,BOS_UP,1,0,0,0,1.084967667716288,1.0788753383050464,1.09647,1.0852,1.0951,0,0
2023-11-29T07:00:00+0700,1.099,1.10168,1.0959699999999999,1.09666,48603,0.005710000000000104,0.006717142857142882,0.005710000000000104,0.0023400000000000087,0.0026800000000000157,0.0006900000000000794,0.12084063047286636,1,0,,0,0,0,0,1.0860812231718797,1.079572776018574,1.09647,1.0852,1.0951,0,0
2023-11-30T07:00:00+0700,1.09665,1.09835,1.08789,1.0883099999999999,50539,0.010459999999999914,0.007202857142857162,0.010459999999999914,0.008340000000000014,0.0017000000000000348,0.0004199999999998649,0.040152963671115524,0,0,,0,0,0,0,1.0862934876317007,1.0799154122531398,1.09647,1.0852,1.0951,1,0
2023-12-01T07:00:00+0700,1.0882,1.09123,1.08284,1.08765,50639,0.008389999999999898,0.007508571428571436,0.008389999999999898,0.0005500000000000504,0.003029999999999866,0.004809999999999981,0.573301549463652,0,0,,0,0,0,0,1.0864226792858245,1.0802187294196834,1.09647,1.0852,1.0951,0,1
2023-12-04T07:00:00+0700,1.08743,1.08944,1.08036,1.08333,50944,0.009079999999999977,0.006747857142857147,0.009079999999999977,0.0040999999999999925,0.0020100000000000673,0.002969999999999917,0.3270925110132076,0,0,CHOCH_DN,0,0,0,1,1.0861281384014603,1.0803407400306764,1.09647,1.0852,1.0951,0,0
2023-12-05T07:00:00+0700,1.08333,1.08469,1.0777700000000001,1.07937,49384,0.006919999999999815,0.006854999999999992,0.006919999999999815,0.0039599999999999635,0.0013600000000000279,0.0015999999999998238,0.23121387283235065,0,0,BOS_DN,0,1,0,0,1.0854845061727498,1.0803026717941793,1.10168,1.08036,1.08333,0,0
2023-12-06T07:00:00+0700,1.07928,1.08041,1.07583,1.07615,43093,0.0045800000000000285,0.006714285714285705,0.0045800000000000285,0.003130000000000077,0.0011300000000000754,0.00031999999999987594,0.06986899563316025,0,0,BOS_DN,0,1,0,0,1.0845955055848688,1.0801398219198979,1.10168,1.08036,1.08333,0,0
2023-12-07T07:00:00+0700,1.07603,1.08171,1.07548,1.0790899999999999,51151,0.006229999999999958,0.006524999999999987,0.006229999999999958,0.0030599999999998406,0.0026200000000000667,0.0005500000000000504,0.5794542536115435,0,0,BOS_DN,0,1,0,0,1.0840711717196432,1.080098652432843,1.10168,1.08036,1.08333,0,0
2023-12-08T07:00:00+0700,1.07906,1.08001,1.07235,1.07582,53601,0.00766,0.006683571428571408,0.00766,0.0032399999999999096,0.0009500000000000064,0.003470000000000084,0.4530026109660684,0,1,,0,0,0,0,1.0832853458415819,1.079930862141359,1.10168,1.08036,1.08333,0,0
2023-12-11T07:00:00+0700,1.0756000000000001,1.07785,1.07412,1.0762,39487,0.003730000000000011,0.006485714285714269,0.003730000000000011,0.0005999999999999339,0.0016499999999999293,0.0014800000000001479,0.5576407506702615,0,0,,0,0,0,0,1.0826105509995265,1.07978455382209,1.10168,1.08036,1.08333,0,0
2023-12-12T07:00:00+0700,1.07589,1.08274,1.07526,1.07916,43909,0.007479999999999931,0.006517857142857115,0.007479999999999931,0.003269999999999884,0.0035800000000001386,0.0006299999999999084,0.5213903743315279,0,0,,0,0,0,0,1.0822819270948096,1.0797600615153413,1.08469,1.07235,1.0762,0,0
2023-12-13T07:00:00+0700,1.07902,1.0896,1.07727,1.08714,48822,0.012329999999999952,0.00705428571428568,0.012329999999999952,0.008119999999999905,0.0024599999999999067,0.0017500000000001403,0.800486618004873,0,0,,0,0,0,0,1.0827446007048278,1.0800494708676809,1.08469,1.07235,1.0762,0,0
2023-12-14T07:00:00+0700,1.08676,1.10088,1.08676,1.09899,65379,0.014120000000000132,0.007680714285714263,0.014120000000000132,0.012229999999999963,0.0018900000000001693,0.0,0.866147308781859,1,0,,0,0,0,0,1.0842917815900823,1.0807922367160072,1.08469,1.07235,1.0762,0,0
2023-12-15T07:00:00+0700,1.09897,1.10032,1.08885,1.0890900000000001,55016,0.01146999999999987,0.008257142857142836,0.01146999999999987,0.009879999999999889,0.0013499999999999623,0.00024000000000001798,0.020924149956409826,0,0,,0,0,0,0,1.0847487547719792,1.0811176391977324,1.08469,1.07235,1.0762,0,0
2023-12-18T07:00:00+0700,1.08947,1.09306,1.08916,1.09208,41507,0.003969999999999807,0.008009285714285672,0.0039000000000000146,0.002610000000000001,0.0009799999999999809,0.00031000000000003247,0.7487179487179546,0,0,,0,0,0,0,1.0854469686032193,1.0815475356997821,1.08469,1.07235,1.0762,0,0
2023-12-19T07:00:00+0700,1.09113,1.0987,1.0909200000000001,1.09778,45267,0.007779999999999898,0.008157142857142799,0.007779999999999898,0.006650000000000045,0.0009200000000000319,0.00020999999999982144,0.8817480719794288,0,0,,0,0,0,0,1.0866215430219603,1.0821841029272417,1.10088,1.07526,1.09208,0,0
2023-12-20T07:00:00+0700,1.09778,1.09829,1.09293,1.09361,43003,0.005360000000000031,0.007792857142857094,0.005360000000000031,0.004170000000000007,0.0005100000000000104,0.0006800000000000139,0.1268656716417929,0,0,,0,0,0,0,1.0872871103532022,1.0826321773222518,1.10088,1.07526,1.09208,0,0
2023-12-21T07:00:00+0700,1.09346,1.10119,1.0933,1.10082,47984,0.007889999999999953,0.0077571428571428114,0.007889999999999953,0.007359999999999811,0.00036999999999998145,0.00016000000000016001,0.9531051964512062,0,0,,0,0,0,0,1.0885759569862306,1.083345425270399,1.10088,1.07526,1.09208,1,0
2023-12-22T07:00:00+0700,1.10082,1.10396,1.09887,1.10071,42332,0.005090000000000039,0.007472142857142816,0.005090000000000039,0.00010999999999983245,0.0031400000000001427,0.0018400000000000638,0.36149312377211196,0,0,,0,0,0,0,1.089731580130399,1.0840263889852852,1.10088,1.07526,1.09208,1,0
2023-12-26T07:00:00+0700,1.10003,1.10446,1.10003,1.10396,20880,0.004429999999999934,0.007294285714285682,0.004429999999999934,0.003929999999999989,0.0004999999999999449,0.0,0.8871331828442546,0,0,CHOCH_UP,0,0,1,0,1.0910866677370277,1.0848080992211564,1.10396,1.0909200000000001,1.10071,0,0
2023-12-27T07:00:00+0700,1.10396,1.11222,1.10281,1.1102400000000001,33852,0.009409999999999918,0.007639285714285674,0.009409999999999918,0.006280000000000063,0.0019799999999998708,0.0011499999999999844,0.7895855472901288,0,0,BOS_UP,1,0,0,0,1.0929107946192156,1.0858054286634642,1.10396,1.0909200000000001,1.10071,0,0
2023-12-28T07:00:00+0700,1.10998,1.11389,1.10548,1.10585,38465,0.008410000000000029,0.007794999999999964,0.008410000000000029,0.004129999999999967,0.00391000000000008,0.00036999999999998145,0.043995243757429275,1,0,,0,0,0,0,1.094143099893576,1.0865914902845049,1.10396,1.0909200000000001,1.10071,0,0
2023-12-29T07:00:00+0700,1.10581,1.10838,1.10325,1.1033,39151,0.005129999999999857,0.007614285714285669,0.005129999999999857,0.0025100000000000122,0.002569999999999961,4.999999999988347e-05,0.009746588693934672,0,0,,0,0,0,0,1.0950151856179973,1.0872467259596224,1.10396,1.0909200000000001,1.10071,1,0
2024-01-02T07:00:00+0700,1.10412,1.10438,1.09379,1.09388,45176,0.010589999999999877,0.00810428571428566,0.010589999999999877,0.010240000000000027,0.00025999999999992696,8.999999999992347e-05,0.008498583569397972,0,0,,0,0,0,0,1.0949070727019974,1.0875068543533628,1.11389,1.10003,1.1033,0,0
2024-01-03T07:00:00+0700,1.09415,1.0965,1.08926,1.09187,49837,0.007240000000000135,0.008087142857142817,0.007240000000000135,0.0022800000000000598,0.0023500000000000743,0.002610000000000001,0.3604972375690542,0,0,,0,0,0,0,1.0946178276827596,1.0876779581042113,1.11389,1.10003,1.1033,0,0
2024-01-04T07:00:00+0700,1.09181,1.09718,1.09049,1.09419,43557,0.006690000000000085,0.0076842857142856835,0.006690000000000085,0.0023800000000000487,0.002990000000000048,0.0013199999999999878,0.5530642750373677,0,0,,0,0,0,0,1.0945770821891636,1.087933332296203,1.11389,1.10003,1.1033,0,0
2024-01-05T07:00:00+0700,1.09387,1.09979,1.08765,1.09385,52100,0.01214000000000004,0.0075428571428571055,0.01214000000000004,1.999999999990898e-05,0.005920000000000147,0.006199999999999983,0.5107084019769327,1,1,,0,0,0,0,1.094507836266386,1.0881653584806656,1.11389,1.10003,1.1033,0,0
2024-01-08T07:00:00+0700,1.09325,1.09783,1.09222,1.09475,41115,0.005610000000000115,0.007124285714285694,0.005610000000000115,0.0014999999999998348,0.0030800000000001937,0.0010300000000000864,0.45098039215683944,0,0,,0,0,0,0,1.0945308994791112,1.088423579716718,1.11389,1.10003,1.1033,0,0
2024-01-09T07:00:00+0700,1.09475,1.0966,1.09101,1.09284,43027,0.005589999999999984,0.007239999999999992,0.005589999999999984,0.0019099999999998563,0.0018500000000001293,0.0018299999999999983,0.3273703041144908,0,0,,0,0,0,0,1.0943698614334816,1.0885967726690038,1.10438,1.08765,1.09475,0,0
2024-01-10T07:00:00+0700,1.09284,1.09724,1.09225,1.09698,38833,0.00499000000000005,0.007040714285714289,0.00499000000000005,0.0041400000000000325,0.00025999999999992696,0.0005900000000000905,0.9478957915831815,0,0,,0,0,0,0,1.0946184460588642,1.0889255266819842,1.10438,1.08765,1.09475,0,0
2024-01-11T07:00:00+0700,1.09652,1.09991,1.09299,1.09695,53790,0.006920000000000037,0.007152142857142861,0.006920000000000037,0.0004300000000001525,0.0029599999999998516,0.003530000000000033,0.5722543352601394,1,0,,0,0,0,0,1.0948404988151628,1.0892402119101416,1.10438,1.08765,1.09475,0,0
2024-01-12T07:00:00+0700,1.09695,1.09865,1.09356,1.09463,46404,0.005089999999999817,0.006952142857142851,0.005089999999999817,0.0023200000000000998,0.0016999999999998128,0.0010699999999999044,0.21021611001963514,0,0,,0,0,0,0,1.0948204513089568,1.0894515761489596,1.10438,1.08765,1.09475,0,0
2024-01-15T07:00:00+0700,1.09443,1.0967,1.09331,1.09458,28560,0.003390000000000004,0.006830714285714278,0.003390000000000004,0.0001500000000000945,0.0021199999999998997,0.0011200000000000099,0.3746312684366085,0,0,,0,0,0,0,1.0947975511842942,1.0896526908097848,1.10438,1.08765,1.09475,0,0
2024-01-16T07:00:00+0700,1.09456,1.09504,1.08617,1.08724,51952,0.008869999999999933,0.007147857142857135,0.008869999999999933,0.007319999999999993,0.00048000000000003595,0.0010699999999999044,0.12063134160089203,0,0,CHOCH_DN,0,0,0,1,1.0940777844048375,1.089558075483911,1.09991,1.09101,1.09458,0,0
2024-01-17T07:00:00+0700,1.08716,1.0884,1.08441,1.088,47854,0.003989999999999938,0.006760714285714279,0.003989999999999938,0.0008400000000001739,0.00039999999999995595,0.002749999999999808,0.8997493734335934,0,1,,0,0,0,0,1.0934989477948531,1.089496974484542,1.09991,1.09101,1.09458,0,0
2024-01-18T07:00:00+0700,1.08788,1.09063,1.08463,1.08732,46536,0.006000000000000005,0.00658857142857142,0.006000000000000005,0.0005599999999998939,0.00275000000000003,0.002690000000000081,0.44833333333334646,0,0,,0,0,0,0,1.0929104765762956,1.0894116029361287,1.09991,1.09101,1.09458,0,0
2024-01-19T07:00:00+0700,1.08717,1.08973,1.08611,1.08947,40384,0.0036200000000001786,0.0064807142857143,0.0036200000000001786,0.0022999999999999687,0.000260000000000149,0.001060000000000061,0.9281767955800729,0,0,,0,0,0,0,1.092582812140458,1.089413893017065,1.09991,1.09101,1.09458,0,0
2024-01-22T07:00:00+0700,1.08873,1.09091,1.08793,1.08796,36769,0.0029799999999999827,0.005937142857142879,0.0029799999999999827,0.0007699999999999374,0.0021800000000000708,2.999999999997449e-05,0.01006711409395123,0,0,,0,0,0,0,1.0921425443175572,1.089356877604631,1.09991,1.09101,1.09458,0,0
2024-01-23T07:00:00+0700,1.08791,1.09156,1.08212,1.08517,39266,0.009440000000000115,0.006094285714285734,0.009440000000000115,0.0027399999999999647,0.003650000000000153,0.003049999999999997,0.3230932203389788,0,1,,0,0,0,0,1.0914784924777898,1.089192686326018,1.09504,1.08441,1.08796,0,1
2024-01-24T07:00:00+0700,1.084,1.0931899999999999,1.084,1.08818,46114,0.00918999999999981,0.006272857142857143,0.00918999999999981,0.0041799999999998505,0.005009999999999959,0.0,0.4548422198041281,1,0,,0,0,0,0,1.091164350337048,1.0891529731367624,1.09504,1.08441,1.08796,0,1
2024-01-25T07:00:00+0700,1.08818,1.09013,1.08216,1.08433,46434,0.007970000000000033,0.005975,0.007970000000000033,0.003849999999999909,0.0019500000000001183,0.0021700000000000053,0.2722710163111664,0,0,,0,0,0,0,1.0905134598287578,1.0889638369353207,1.09504,1.08441,1.08796,0,0
2024-01-26T07:00:00+0700,1.08434,1.08852,1.08125,1.08484,40773,0.007269999999999888,0.006093571428571413,0.007269999999999888,0.0004999999999999449,0.0036799999999999056,0.003090000000000037,0.4938101788170616,0,0,,0,0,0,0,1.0899731303212572,1.088802117839818,1.09504,1.08441,1.08796,0,1
2024-01-29T07:00:00+0700,1.084,1.08497,1.07956,1.083,35054,0.005409999999999915,0.006080714285714265,0.005409999999999915,0.001000000000000112,0.0009699999999999154,0.0034399999999998876,0.635859519408492,0,0,,0,0,0,0,1.0893090226716136,1.0885745838068839,1.09504,1.08441,1.08796,0,0
2024-01-30T07:00:00+0700,1.08289,1.08569,1.08115,1.08429,39991,0.0045399999999999885,0.006048571428571403,0.0045399999999999885,0.0014000000000000679,0.0014000000000000679,0.0017399999999998528,0.6916299559471208,0,0,,0,0,0,0,1.0888310205124123,1.0884065609124962,1.0931899999999999,1.07956,1.083,0,0
2024-01-31T07:00:00+0700,1.08366,1.0887,1.07944,1.08154,60559,0.009260000000000046,0.006215714285714261,0.009260000000000046,0.002120000000000122,0.005039999999999933,0.0020999999999999908,0.22678185745140175,0,0,BOS_DN,0,1,0,0,1.0881366376064683,1.0881372840139671,1.0931899999999999,1.07956,1.083,0,1
2024-02-01T07:00:00+0700,1.08087,1.08743,1.07795,1.08688,54986,0.009479999999999933,0.0065292857142856976,0.009479999999999933,0.006010000000000071,0.0005499999999998284,0.0029200000000000337,0.9419831223628868,0,0,,0,0,0,0,1.0880169578344236,1.0880879787585174,1.0931899999999999,1.07956,1.083,0,1
2024-02-02T07:00:00+0700,1.0869,1.0897000000000001,1.078,1.07834,45718,0.011700000000000044,0.00712285714285713,0.011700000000000044,0.008559999999999901,0.0028000000000001357,0.00034000000000000696,0.029059829059829546,1,0,BOS_DN,0,1,0,0,1.0870953428025738,1.0877057050817127,1.0931899999999999,1.07956,1.083,0,0
2024-02-05T07:00:00+0700,1.07825,1.07856,1.07228,1.07399,43656,0.006280000000000063,0.006937857142857139,0.006280000000000063,0.0042599999999999305,0.00031000000000003247,0.0017100000000001003,0.27229299363058646,0,0,BOS_DN,0,1,0,0,1.0858472149166145,1.0871678342941946,1.0931899999999999,1.07956,1.083,0,0
2024-02-06T07:00:00+0700,1.07378,1.07619,1.07222,1.07519,43249,0.003970000000000029,0.006936428571428573,0.003970000000000029,0.0014100000000001334,0.0009999999999998899,0.0015600000000000058,0.7481108312342866,0,1,,0,0,0,0,1.0848322420674132,1.0866981153022655,1.0897000000000001,1.07228,1.07399,0,1
2024-02-07T07:00:00+0700,1.07516,1.07836,1.07469,1.07691,40384,0.003670000000000062,0.006770000000000006,0.003670000000000062,0.0017500000000001403,0.0014499999999999513,0.00046999999999997044,0.6049046321526085,0,0,,0,0,0,0,1.0840777428228976,1.086314267643353,1.0897000000000001,1.07228,1.07399,0,0
2024-02-08T07:00:00+0700,1.0768,1.07883,1.07412,1.07748,38381,0.004709999999999992,0.006847857142857136,0.004709999999999992,0.0006800000000000139,0.0013499999999999623,0.0026800000000000157,0.7133757961783515,0,0,,0,0,0,0,1.083449386363574,1.0859678257749863,1.0897000000000001,1.07228,1.07399,0,0
2024-02-09T07:00:00+0700,1.07748,1.07943,1.07618,1.07821,38878,0.003249999999999975,0.0068671428571428494,0.003249999999999975,0.0007299999999998974,0.0012199999999999989,0.0013000000000000789,0.6246153846153821,0,0,,0,0,0,0,1.0829503971860908,1.085663597313222,1.0897000000000001,1.07228,1.07399,0,0
2024-02-12T07:00:00+0700,1.07723,1.08051,1.07554,1.07691,30336,0.004970000000000141,0.006547857142857137,0.004970000000000141,0.00031999999999987594,0.0032800000000001717,0.0013700000000000934,0.27565392354125845,1,0,,0,0,0,0,1.082375121263606,1.0853203189872134,1.0897000000000001,1.07228,1.07399,0,0
2024-02-13T07:00:00+0700,1.07683,1.07942,1.07002,1.07062,41710,0.009400000000000075,0.006562857142857156,0.009400000000000075,0.006210000000000049,0.0025900000000000922,0.0005999999999999339,0.06382978723403501,0,0,BOS_DN,0,1,0,0,1.0812555859051673,1.0847438358896757,1.08051,1.07222,1.07691,0,0
2024-02-14T07:00:00+0700,1.0706,1.0734,1.06945,1.0723799999999999,39168,0.003949999999999898,0.006275714285714289,0.003949999999999898,0.0017799999999998928,0.0010200000000000209,0.0011499999999999844,0.7417721518987223,0,1,,0,0,0,0,1.0804102920094372,1.0842589795802766,1.08051,1.07222,1.07691,0,1
2024-02-15T07:00:00+0700,1.07231,1.07843,1.07207,1.07695,38763,0.006359999999999921,0.006210714285714292,0.006359999999999921,0.0046399999999999775,0.0014799999999999258,0.00024000000000001798,0.7672955974842856,0,0,,0,0,0,0,1.0800807403894908,1.0839723529300698,1.08051,1.07222,1.07691,0,1
2024-02-16T07:00:00+0700,1.07635,1.0787,1.0731600000000001,1.07738,39815,0.005539999999999878,0.006220000000000003,0.005539999999999878,0.0010300000000000864,0.0013199999999999878,0.003189999999999804,0.7617328519855565,0,0,,0,0,0,0,1.079823527019063,1.0837138292857533,1.08051,1.07222,1.07691,0,0
2024-02-19T07:00:00+0700,1.07689,1.07889,1.07616,1.07763,24171,0.002729999999999899,0.006090714285714283,0.002729999999999899,0.000740000000000185,0.0012599999999998168,0.0007299999999998974,0.5384615384615885,0,0,,0,0,0,0,1.0796146196839143,1.0834752477451355,1.08051,1.07222,1.07691,0,0
2024-02-20T07:00:00+0700,1.0776,1.08384,1.07611,1.08049,41012,0.007730000000000015,0.005981428571428566,0.007730000000000015,0.002890000000000059,0.003349999999999964,0.0014899999999999913,0.566623544631312,0,0,,0,0,0,0,1.0796979892378271,1.0833581792061107,1.07942,1.06945,1.07763,0,0
2024-02-21T07:00:00+0700,1.08027,1.08238,1.07895,1.0816,39715,0.003429999999999822,0.005549285714285701,0.003429999999999822,0.0013299999999998313,0.0007800000000000029,0.0013199999999999878,0.7725947521865763,0,0,CHOCH_UP,0,0,1,0,1.0798791331199389,1.0832892310019495,1.07942,1.06945,1.07763,0,0
2024-02-22T07:00:00+0700,1.08158,1.08878,1.08023,1.082,41531,0.008550000000000058,0.005324285714285702,0.008550000000000058,0.00042000000000008697,0.006780000000000008,0.0013499999999999623,0.20701754385965349,1,0,,0,0,0,0,1.0800811204418495,1.0832386729234416,1.07942,1.06945,1.07763,0,0
2024-02-23T07:00:00+0700,1.08199,1.0839,1.08113,1.08169,35421,0.0027700000000001612,0.005073571428571423,0.0027700000000001612,0.00029999999999996696,0.0019100000000000783,0.000560000000000116,0.20216606498197956,0,0,,0,0,0,0,1.080234347066435,1.0831779406519342,1.07942,1.06945,1.07763,0,0
2024-02-26T07:00:00+0700,1.08284,1.08592,1.08122,1.0848200000000001,31481,0.0046999999999999265,0.005125714285714273,0.0046999999999999265,0.001980000000000093,0.0010999999999998789,0.0016199999999999548,0.7659574468085327,0,0,,0,0,0,0,1.0806710759172509,1.0832423351361722,1.07942,1.06945,1.07763,0,0
2024-02-27T07:00:00+0700,1.08479,1.08654,1.0832600000000001,1.08414,31000,0.0032799999999999496,0.005097857142857122,0.0032799999999999496,0.0006499999999998174,0.0017500000000001403,0.0008799999999999919,0.2682926829268309,1,0,,0,0,0,0,1.0810014496394176,1.0832775376798516,1.08878,1.07611,1.0848200000000001,0,0
2024-02-28T07:00:00+0700,1.084,1.08454,1.07962,1.08353,35509,0.0049200000000000355,0.005112857142857126,0.0049200000000000355,0.00046999999999997044,0.0005399999999999849,0.00391000000000008,0.7947154471544821,0,0,,0,0,0,0,1.081242263959473,1.0832874381629947,1.08878,1.07611,1.0848200000000001,0,0
2024-02-29T07:00:00+0700,1.08317,1.08554,1.07954,1.08025,45211,0.006000000000000005,0.005309285714285699,0.006000000000000005,0.0029200000000000337,0.0023699999999999832,0.0007099999999999884,0.11833333333333129,0,0,,0,0,0,0,1.0811477626299992,1.0831683229409166,1.08878,1.07611,1.0848200000000001,0,0
2024-03-01T07:00:00+0700,1.07958,1.08427,1.07945,1.08365,38780,0.0048200000000000465,0.005298571428571407,0.0048200000000000465,0.004070000000000018,0.0006200000000000649,0.00012999999999996348,0.8713692946057969,0,1,,0,0,0,0,1.0813860709509517,1.0831872122373514,1.08878,1.07611,1.0848200000000001,0,0
2024-03-04T07:00:00+0700,1.0839,1.08663,1.08324,1.0853,31630,0.003390000000000004,0.004869285714285687,0.003390000000000004,0.0013999999999998458,0.0013300000000000534,0.000660000000000105,0.6076696165191587,0,0,,0,0,0,0,1.08175882609848,1.083270066659416,1.08878,1.07611,1.0848200000000001,0,0
2024-03-05T07:00:00+0700,1.08529,1.08756,1.08398,1.08538,33309,0.0035800000000001386,0.004842857142857133,0.0035800000000001386,8.999999999992347e-05,0.0021800000000000708,0.0013100000000001444,0.3910614525139703,0,0,,0,0,0,0,1.0821036998033868,1.0833528091433606,1.08663,1.07945,1.0853,1,0
2024-03-06T07:00:00+0700,1.08538,1.09149,1.08417,1.08959,35706,0.007319999999999993,0.004911428571428567,0.007319999999999993,0.004210000000000047,0.0019000000000000128,0.0012099999999999334,0.7404371584699434,0,0,BOS_UP,1,0,0,0,1.082816680774493,1.0835974048632289,1.08663,1.07945,1.0853,0,0
2024-03-07T07:00:00+0700,1.08959,1.09487,1.08674,1.09453,37162,0.00812999999999997,0.005096428571428573,0.00812999999999997,0.0049399999999999444,0.00034000000000000696,0.002850000000000019,0.958179581795817,0,0,BOS_UP,1,0,0,0,1.083932234986446,1.0840261340842787,1.08663,1.07945,1.0853,0,0
2024-03-08T07:00:00+0700,1.09451,1.09807,1.09188,1.09349,42050,0.00619000000000014,0.0053435714285714475,0.00619000000000014,0.0010200000000000209,0.0035600000000000076,0.0016100000000001113,0.26009693053313004,1,0,,0,0,0,0,1.0848424983210703,1.0843972660809738,1.08663,1.07945,1.0853,0,0
2024-03-11T07:00:00+0700,1.09413,1.09476,1.09142,1.0924800000000001,30354,0.0033399999999998986,0.005030000000000011,0.0033399999999998986,0.0016499999999999293,0.0006299999999999084,0.001060000000000061,0.3173652694611057,0,0,,0,0,0,0,1.0855698794333493,1.0847142360385826,1.08663,1.07945,1.0853,0,0
2024-03-12T07:00:00+0700,1.0924800000000001,1.09434,1.09018,1.09257,36887,0.004160000000000164,0.005082142857142892,0.004160000000000164,8.999999999992347e-05,0.0017700000000000493,0.0023000000000001908,0.5745192307692356,0,0,,0,0,0,0,1.086236557582554,1.0850223052135402,1.09807,1.08398,1.0924800000000001,0,0
2024-03-13T07:00:00+0700,1.09217,1.09633,1.0919699999999999,1.09468,32322,0.0043600000000001415,0.004782857142857184,0.0043600000000001415,0.0025100000000000122,0.0016499999999999293,0.00020000000000020002,0.6215596330275515,1,0,,0,0,0,0,1.0870406949556441,1.0854010383424209,1.09807,1.08398,1.0924800000000001,0,0
2024-03-14T07:00:00+0700,1.09468,1.09542,1.08802,1.08822,37026,0.007400000000000073,0.005113571428571463,0.007400000000000073,0.006460000000000132,0.0007399999999999629,0.00019999999999997797,0.027027027027023785,0,0,,0,0,0,0,1.0871530097217732,1.0855115858584046,1.09807,1.08398,1.0924800000000001,0,0
2024-03-15T07:00:00+0700,1.08822,1.08991,1.08725,1.08878,32912,0.0026599999999998847,0.004967857142857175,0.0026599999999998847,0.000560000000000116,0.0011299999999998533,0.0009699999999999154,0.5751879699248488,0,0,,0,0,0,0,1.0873079611768424,1.0856397589619966,1.09807,1.08398,1.0924800000000001,0,0
2024-03-18T07:00:00+0700,1.08896,1.09056,1.08656,1.08695,25633,0.0040000000000000036,0.0050192857142857495,0.0040000000000000036,0.0020099999999998452,0.0016000000000000458,0.0003900000000001125,0.09750000000002804,0,0,,0,0,0,0,1.0872738696361908,1.085691140963487,1.09807,1.08398,1.0924800000000001,0,0
2024-03-19T07:00:00+0700,1.08695,1.08761,1.08343,1.08627,34788,0.0041800000000000725,0.0049664285714286095,0.0041800000000000725,0.0006800000000000139,0.0006599999999998829,0.0028400000000001757,0.6794258373206044,0,1,,0,0,0,0,1.0871782630041726,1.08571384131786,1.09633,1.08656,1.08695,0,0
2024-03-20T07:00:00+0700,1.0861,1.09223,1.08359,1.09191,34854,0.008639999999999981,0.005155000000000036,0.008639999999999981,0.005809999999999871,0.000320000000000098,0.0025100000000000122,0.9629629629629516,0,0,,0,0,0,0,1.087628904622823,1.085956827932846,1.09633,1.08656,1.08695,0,1
2024-03-21T07:00:00+0700,1.09166,1.0942,1.0855,1.08571,39578,0.008700000000000152,0.005432142857142901,0.008700000000000152,0.005950000000000122,0.0025399999999999867,0.00021000000000004349,0.024137931034487334,1,0,,0,0,0,0,1.0874461518016016,1.0859471484060677,1.09633,1.08656,1.08695,0,0
2024-03-22T07:00:00+0700,1.08568,1.08677,1.08013,1.08051,32750,0.006639999999999979,0.005664285714285756,0.006639999999999979,0.005169999999999897,0.0010900000000000354,0.00038000000000004697,0.05722891566265786,0,1,,0,0,0,0,1.0867855659157348,1.0857339268999473,1.09633,1.08656,1.08695,0,0
2024-03-25T07:00:00+0700,1.08047,1.0842,1.08017,1.08346,27280,0.004029999999999978,0.005696428571428602,0.004029999999999978,0.002990000000000048,0.0007399999999999629,0.00029999999999996696,0.816377171215889,0,0,,0,0,0,0,1.0864688453523315,1.0856447532960278,1.09633,1.08656,1.08695,0,0
2024-03-26T07:00:00+0700,1.08346,1.08639,1.08238,1.08284,30642,0.004010000000000069,0.005460000000000036,0.004010000000000069,0.0006200000000000649,0.002929999999999877,0.000460000000000127,0.11471321695763567,0,0,,0,0,0,0,1.086123241033062,1.0855347629706933,1.0942,1.08013,1.08346,0,0
2024-03-27T07:00:00+0700,1.08285,1.08385,1.08103,1.0825,30228,0.0028200000000000447,0.005080714285714327,0.0028200000000000447,0.0003500000000000725,0.0009999999999998899,0.0014700000000000824,0.5212765957447018,0,0,,0,0,0,0,1.0857781704584846,1.0854157526581172,1.0942,1.08013,1.08346,0,0
2024-03-28T07:00:00+0700,1.0825,1.08262,1.07746,1.07857,34050,0.005159999999999831,0.005007142857142877,0.005159999999999831,0.003929999999999989,0.00011999999999989797,0.0011099999999999444,0.2151162790697637,0,0,CHOCH_DN,0,0,0,1,1.085091678033867,1.0851472917695637,1.0942,1.08013,1.08346,0,0
2024-03-29T07:00:00+0700,1.07837,1.08045,1.07675,1.07898,25614,0.0036999999999998145,0.005032857142857157,0.0036999999999998145,0.0006099999999999994,0.0014699999999998603,0.0016199999999999548,0.6027027027027205,0,0,BOS_DN,0,1,0,0,1.0845096134592132,1.0849054371903653,1.0942,1.08013,1.08346,0,0
2024-04-01T07:00:00+0700,1.07825,1.07984,1.07304,1.07404,29401,0.006799999999999917,0.005221428571428567,0.006799999999999917,0.004209999999999825,0.0015899999999999803,0.001000000000000112,0.14705882352943,0,0,BOS_DN,0,1,0,0,1.0835125074154786,1.0844793416142724,1.0942,1.08013,1.08346,0,0
2024-04-02T07:00:00+0700,1.07403,1.07785,1.07242,1.0766499999999999,32810,0.005430000000000046,0.005297857142857132,0.005430000000000046,0.0026199999999998447,0.0012000000000000899,0.0016100000000001113,0.7790055248618638,0,1,,0,0,0,0,1.082858935280671,1.0841723086097912,1.08639,1.07304,1.07404,0,1
2024-04-03T07:00:00+0700,1.07667,1.08364,1.07635,1.08332,33783,0.007290000000000019,0.005289999999999985,0.007290000000000019,0.006650000000000045,0.00031999999999987594,0.000320000000000098,0.9561042524005658,0,0,,0,0,0,0,1.0829028462063213,1.0841388847427407,1.08639,1.07304,1.07404,0,0
2024-04-04T07:00:00+0700,1.08332,1.08761,1.08304,1.08341,29564,0.004569999999999963,0.005426428571428562,0.004569999999999963,8.999999999992347e-05,0.0041999999999999815,0.000280000000000058,0.08096280087527012,1,0,,0,0,0,0,1.082951146567624,1.084110301027339,1.08639,1.07304,1.07404,1,0
2024-04-05T07:00:00+0700,1.08312,1.08474,1.0791,1.08336,37644,0.005640000000000089,0.0055435714285714255,0.005640000000000089,0.00024000000000001798,0.0013799999999999368,0.004020000000000135,0.7553191489361852,0,0,,0,0,0,0,1.0829900849897551,1.0840808774576394,1.08639,1.07304,1.07404,0,0
2024-04-08T07:00:00+0700,1.0833,1.08616,1.08205,1.08565,30196,0.004110000000000058,0.005538571428571425,0.004110000000000058,0.0023500000000000743,0.0005100000000000104,0.0012499999999999734,0.8759124087591234,0,0,,0,0,0,0,1.083243410228826,1.084142411674987,1.08639,1.07304,1.07404,0,0
2024-04-09T07:00:00+0700,1.08512,1.08846,1.08472,1.0854300000000001,28975,0.0037400000000000766,0.005188571428571431,0.0037400000000000766,0.00031000000000003247,0.003029999999999866,0.000400000000000178,0.18983957219256575,1,0,,0,0,0,0,1.0834516568736996,1.0841929053347914,1.08761,1.07242,1.08565,1,0
2024-04-10T07:00:00+0700,1.08538,1.0866,1.07283,1.07396,41973,0.01377000000000006,0.005550714285714282,0.01377000000000006,0.011419999999999986,0.0012199999999999989,0.0011300000000000754,0.08206245461147933,0,0,,0,0,0,0,1.0825476895523949,1.0837916149295055,1.08761,1.07242,1.08565,0,0
2024-04-11T07:00:00+0700,1.07393,1.07561,1.06988,1.0723,43432,0.005730000000000013,0.005485714285714284,0.005730000000000013,0.0016300000000000203,0.0016799999999999038,0.0024200000000000887,0.42233856893544214,0,0,BOS_DN,0,1,0,0,1.0815717191188334,1.0833409633636426,1.08761,1.07242,1.08565,0,0
2024-04-12T07:00:00+0700,1.0723,1.07289,1.06221,1.06375,39575,0.0106799999999998,0.0059607142857142715,0.0106799999999998,0.008550000000000058,0.0005899999999998684,0.0015399999999998748,0.1441947565542981,0,0,BOS_DN,0,1,0,0,1.0798744125360873,1.0825726902905586,1.08761,1.07242,1.08565,0,0
2024-04-15T07:00:00+0700,1.063,1.06647,1.06198,1.06216,43940,0.004490000000000105,0.005994999999999988,0.004490000000000105,0.0008399999999999519,0.003470000000000084,0.000180000000000069,0.040089086859702625,0,0,BOS_DN,0,1,0,0,1.0781873256278884,1.0817721926321053,1.08761,1.07242,1.08565,0,0
2024-04-16T07:00:00+0700,1.06212,1.06532,1.06007,1.06159,50876,0.005249999999999977,0.006168571428571412,0.005249999999999977,0.0005299999999999194,0.0032000000000000917,0.0015199999999999658,0.2895238095238043,0,1,,0,0,0,0,1.076606627949042,1.080980734097513,1.08846,1.06198,1.06216,0,0
2024-04-17T07:00:00+0700,1.06121,1.06791,1.06058,1.067,45293,0.007329999999999837,0.006323571428571413,0.007329999999999837,0.005789999999999962,0.0009099999999999664,0.0006299999999999084,0.8758526603001382,0,0,,0,0,0,0,1.0756917110015143,1.0804324700152577,1.08846,1.06198,1.06216,0,1
2024-04-18T07:00:00+0700,1.06692,1.06895,1.06389,1.06405,38263,0.0050600000000000644,0.006420714285714287,0.0050600000000000644,0.00287000000000015,0.0020299999999999763,0.00015999999999993797,0.031620553359671136,1,0,,0,0,0,0,1.0745829766204178,1.0797900202107378,1.08846,1.06198,1.06216,0,0
2024-04-19T07:00:00+0700,1.06415,1.0677,1.06101,1.06519,55219,0.006690000000000085,0.006412857142857157,0.006690000000000085,0.001040000000000152,0.0025100000000000122,0.0031399999999999206,0.6248131539611389,0,0,,0,0,0,0,1.0736884074184732,1.079217470398552,1.08846,1.06198,1.06216,0,1
2024-04-22T07:00:00+0700,1.06474,1.06702,1.06235,1.0653,34354,0.004670000000000174,0.006358571428571451,0.004670000000000174,0.0005599999999998939,0.0017200000000001658,0.0023900000000001143,0.631691648822248,0,0,,0,0,0,0,1.0728895114738566,1.0786716872456676,1.08846,1.06198,1.06216,0,0
2024-04-23T07:00:00+0700,1.06535,1.07109,1.06381,1.06999,38761,0.007280000000000175,0.006357857142857177,0.007280000000000175,0.0046399999999999775,0.001100000000000101,0.0015400000000000968,0.8489010989010887,0,0,CHOCH_UP,0,0,1,0,1.0726133675239655,1.0783312289223081,1.06895,1.06007,1.0653,0,0
2024-04-24T07:00:00+0700,1.07004,1.07138,1.06775,1.06973,34267,0.003630000000000022,0.006290714285714324,0.003630000000000022,0.00031000000000003247,0.0013399999999998968,0.001980000000000093,0.5454545454545677,0,0,BOS_UP,1,0,0,0,1.0723387610931117,1.0779939258273157,1.06895,1.06007,1.0653,0,0
2024-04-25T07:00:00+0700,1.06934,1.07396,1.06778,1.07283,38835,0.006180000000000074,0.006329285714285752,0.006180000000000074,0.003489999999999993,0.0011300000000000754,0.0015600000000000058,0.8171521035598606,0,0,BOS_UP,1,0,0,0,1.0723855457509106,1.077791418932127,1.06895,1.06007,1.0653,0,0
2024-04-26T07:00:00+0700,1.07254,1.07524,1.06736,1.06918,38848,0.007879999999999887,0.006598571428571454,0.007879999999999887,0.0033600000000000296,0.0026999999999999247,0.0018199999999999328,0.23096446700507092,1,0,,0,0,0,0,1.0720802556793954,1.0774537162289064,1.06895,1.06007,1.0653,0,0
2024-04-29T07:00:00+0700,1.06873,1.07332,1.06852,1.07191,41432,0.0048000000000001375,0.006674285714285744,0.0048000000000001375,0.0031799999999999606,0.0014100000000001334,0.00021000000000004349,0.7062499999999806,0,0,,0,0,0,0,1.0720640408527862,1.0772363155924787,1.06895,1.06007,1.0653,0,0
2024-04-30T07:00:00+0700,1.0719400000000001,1.07349,1.06637,1.06646,40439,0.007120000000000015,0.0061992857142857405,0.007120000000000015,0.005480000000000151,0.0015499999999999403,8.999999999992347e-05,0.012640449438191472,0,0,,0,0,0,0,1.0715303226763304,1.076813714981009,1.07524,1.06381,1.07191,0,0
2024-05-01T07:00:00+0700,1.06641,1.07323,1.0648900000000001,1.0708,40805,0.008339999999999792,0.006385714285714296,0.008339999999999792,0.004389999999999894,0.002429999999999932,0.0015199999999999658,0.7086330935251807,0,1,,0,0,0,0,1.0714607681357275,1.0765778830209696,1.07524,1.06381,1.07191,0,0
2024-05-02T07:00:00+0700,1.07089,1.07297,1.06738,1.07237,43888,0.005589999999999984,0.00602214285714288,0.005589999999999984,0.0014800000000001479,0.0005999999999999339,0.003509999999999902,0.8926654740608344,0,0,,0,0,0,0,1.0715473616466107,1.0764128680005394,1.07524,1.06381,1.07191,0,0
2024-05-03T07:00:00+0700,1.07219,1.08115,1.07191,1.07596,44102,0.009240000000000137,0.006361428571428597,0.009240000000000137,0.003770000000000051,0.005190000000000028,0.000280000000000058,0.4383116883116936,1,0,,0,0,0,0,1.071967612918362,1.0763951084711065,1.07524,1.06381,1.07191,0,0
2024-05-06T07:00:00+0700,1.07582,1.07903,1.07548,1.07673,26822,0.003549999999999942,0.006240000000000023,0.003549999999999942,0.0009099999999999664,0.0022999999999999687,0.00034000000000000696,0.3521126760563363,0,0,,0,0,0,0,1.0724211735928038,1.0764082414722398,1.07524,1.06381,1.07191,0,0
2024-05-07T07:00:00+0700,1.07673,1.0787,1.07475,1.07531,30058,0.003949999999999898,0.005998571428571456,0.003949999999999898,0.0014199999999999768,0.0019700000000000273,0.0005599999999998939,0.14177215189871098,0,0,,0,0,0,0,1.0726962999172986,1.076365173179211,1.08115,1.0648900000000001,1.07673,0,0
2024-05-08T07:00:00+0700,1.07531,1.07571,1.07345,1.07467,26511,0.0022599999999999287,0.005798571428571446,0.0022599999999999287,0.0006399999999999739,0.00039999999999995595,0.0012199999999999989,0.539823008849574,0,0,,0,0,0,0,1.0728842713537465,1.076298695799634,1.08115,1.0648900000000001,1.07673,0,0
2024-05-09T07:00:00+0700,1.07437,1.0784,1.07235,1.07807,28862,0.006050000000000111,0.005752857142857163,0.006050000000000111,0.0037000000000000366,0.00032999999999994145,0.002020000000000133,0.9454545454545561,0,1,,0,0,0,0,1.0733781502724373,1.0763681587094525,1.08115,1.0648900000000001,1.07673,0,0
2024-05-10T07:00:00+0700,1.07789,1.07895,1.07598,1.07681,28477,0.002970000000000139,0.005631428571428588,0.002970000000000139,0.0010799999999999699,0.001060000000000061,0.0008300000000001084,0.2794612794613029,0,0,,0,0,0,0,1.0737049931036338,1.0763854858188857,1.08115,1.0648900000000001,1.07673,0,0
2024-05-13T07:00:00+0700,1.07672,1.08064,1.07653,1.07883,28007,0.004110000000000058,0.005405000000000009,0.004110000000000058,0.0021100000000000563,0.0018100000000000893,0.00018999999999991246,0.5596107055960915,0,0,,0,0,0,0,1.0741930889985258,1.076481349120106,1.08115,1.0648900000000001,1.07673,0,0
2024-05-14T07:00:00+0700,1.07863,1.08252,1.07667,1.08175,28343,0.005849999999999911,0.00556357142857143,0.005849999999999911,0.0031200000000000117,0.0007699999999999374,0.0019599999999999618,0.8683760683760771,0,0,BOS_UP,1,0,0,0,1.07491279480819,1.0766879628801018,1.08064,1.07235,1.07883,0,0
2024-05-15T07:00:00+0700,1.08171,1.08856,1.0812599999999999,1.08828,34816,0.007300000000000084,0.00564357142857143,0.007300000000000084,0.006569999999999965,0.000280000000000058,0.00045000000000006146,0.9616438356164309,0,0,BOS_UP,1,0,0,0,1.0761858619693148,1.0771425525710783,1.08064,1.07235,1.07883,0,0
2024-05-16T07:00:00+0700,1.08828,1.08945,1.0854,1.08654,31056,0.004050000000000109,0.005370000000000018,0.004050000000000109,0.0017399999999998528,0.0011700000000001154,0.001140000000000141,0.2814814814815087,1,0,,0,0,0,0,1.0771719703531895,1.077511079921232,1.08064,1.07235,1.07883,0,0
2024-05-17T07:00:00+0700,1.08656,1.08781,1.08352,1.08663,26062,0.004289999999999905,0.00533357142857143,0.004289999999999905,7.00000000000145e-05,0.0011799999999999589,0.0030399999999999316,0.7249417249417285,0,0,,0,0,0,0,1.0780727350814572,1.0778686846302032,1.08064,1.07235,1.07883,0,0
2024-05-20T07:00:00+0700,1.08649,1.0884,1.0854,1.0855299999999999,25753,0.0030000000000001137,0.005039285714285723,0.0030000000000001137,0.0009600000000000719,0.0019100000000000783,0.00012999999999996348,0.04333333333331952,0,0,,0,0,0,0,1.0787829507879851,1.0781691283701953,1.08064,1.07235,1.07883,0,0
2024-05-21T07:00:00+0700,1.08555,1.08743,1.08422,1.08523,29225,0.003209999999999935,0.004672857142857161,0.003209999999999935,0.000320000000000098,0.0018799999999998818,0.0010099999999999554,0.3146417445482791,0,0,,0,0,0,0,1.0793969554748437,1.0784460252968544,1.08945,1.07667,1.0855299999999999,0,0
2024-05-22T07:00:00+0700,1.08527,1.08631,1.0817,1.08213,31887,0.004610000000000003,0.004602857142857163,0.004610000000000003,0.0031399999999999206,0.001040000000000152,0.00042999999999993044,0.09327548806939917,0,0,,0,0,0,0,1.0796572454296205,1.078590494893056,1.08945,1.07667,1.0855299999999999,0,0
2024-05-23T07:00:00+0700,1.08213,1.08606,1.08044,1.08136,37389,0.005619999999999958,0.0043442857142857215,0.005619999999999958,0.0007699999999999374,0.003929999999999989,0.0009200000000000319,0.16370106761566525,0,1,,0,0,0,0,1.0798194125315614,1.0786991029364656,1.08945,1.07667,1.0855299999999999,0,0
2024-05-24T07:00:00+0700,1.08102,1.08573,1.08051,1.08455,28333,0.005220000000000002,0.00446357142857144,0.005220000000000002,0.003529999999999811,0.001180000000000181,0.0005100000000000104,0.7739463601532222,0,0,,0,0,0,0,1.0802699446714128,1.0789285498801335,1.08945,1.07667,1.0855299999999999,0,0
2024-05-27T07:00:00+0700,1.08429,1.0867,1.08402,1.08572,18533,0.0026800000000000157,0.004372857142857163,0.0026800000000000157,0.0014300000000000423,0.0009799999999999809,0.00026999999999999247,0.6343283582089645,0,0,,0,0,0,0,1.0807889975598497,1.0791948812573833,1.08945,1.07667,1.0855299999999999,0,0
2024-05-28T07:00:00+0700,1.08557,1.08885,1.08498,1.0855299999999999,32610,0.00387000000000004,0.00448785714285717,0.00387000000000004,4.0000000000040004e-05,0.0032800000000001717,0.0005499999999998284,0.1421188630490498,1,0,,0,0,0,0,1.0812405216017686,1.0794433172865057,1.08743,1.08044,1.08572,1,0
2024-05-29T07:00:00+0700,1.08552,1.08592,1.07992,1.07994,35288,0.006000000000000005,0.004484285714285734,0.006000000000000005,0.00558000000000014,0.00039999999999995595,1.999999999990898e-05,0.0033333333333181604,0,0,CHOCH_DN,0,0,0,1,1.0811166624016002,1.079462795039976,1.08743,1.08044,1.08572,0,0
2024-05-30T07:00:00+0700,1.07992,1.08446,1.07878,1.08303,34485,0.005679999999999907,0.004677857142857146,0.005679999999999907,0.003109999999999946,0.0014300000000000423,0.0011399999999999189,0.7482394366197067,0,1,,0,0,0,0,1.0812988850300191,1.0796026854305651,1.08743,1.08044,1.08572,0,1
2024-05-31T07:00:00+0700,1.08269,1.08819,1.08108,1.08449,38272,0.00710999999999995,0.004892142857142853,0.00710999999999995,0.0018000000000000238,0.0037000000000000366,0.0016099999999998893,0.47960618846693914,0,0,,0,0,0,0,1.081602800741446,1.079794344825445,1.08743,1.08044,1.08572,1,0
2024-06-03T07:00:00+0700,1.08437,1.09033,1.08274,1.0903,37608,0.007589999999999986,0.005016428571428573,0.007589999999999986,0.005929999999999991,2.999999999997449e-05,0.0016300000000000203,0.9960474308300429,0,0,CHOCH_UP,0,0,1,0,1.082431105432737,1.0802063313028785,1.08743,1.08044,1.08572,0,0
2024-06-04T07:00:00+0700,1.09005,1.09155,1.08585,1.08777,41111,0.005700000000000038,0.004902142857142855,0.005700000000000038,0.0022800000000000598,0.0015000000000000568,0.0019199999999999218,0.3368421052631419,1,0,,0,0,0,0,1.082939571582,1.0805029457615891,1.09033,1.07878,1.0903,1,0
2024-06-05T07:00:00+0700,1.08776,1.08915,1.0854,1.0867,33117,0.003750000000000142,0.004880714285714286,0.003750000000000142,0.001060000000000061,0.0013900000000000023,0.0013000000000000789,0.34666666666667456,0,0,,0,0,0,0,1.0832977076218095,1.0807459674964288,1.09033,1.07878,1.0903,0,0
2024-06-06T07:00:00+0700,1.0867,1.0901399999999999,1.08615,1.08866,32657,0.003989999999999938,0.004859285714285717,0.003989999999999938,0.0019599999999999618,0.0014799999999999258,0.0005500000000000504,0.6290726817042734,0,0,,0,0,0,0,1.0838084021340182,1.0810563217122553,1.09033,1.07878,1.0903,0,0
2024-06-07T07:00:00+0700,1.08864,1.09013,1.07992,1.08001,39264,0.010210000000000052,0.0053742857142857125,0.010210000000000052,0.008630000000000138,0.0014899999999999913,8.999999999992347e-05,0.00881488736532057,0,0,,0,0,0,0,1.083446649549826,1.0810152894882452,1.09033,1.07878,1.0903,0,0
2024-06-10T07:00:00+0700,1.07713,1.07811,1.07324,1.07637,34595,0.006769999999999943,0.005628571428571427,0.00486999999999993,0.0007599999999998719,0.0009799999999999809,0.003130000000000077,0.6427104722792859,0,0,CHOCH_DN,0,0,0,1,1.0827726829260331,1.08083312127302,1.09033,1.07878,1.0903,0,0
2024-06-11T07:00:00+0700,1.07637,1.0773,1.0719,1.07389,34639,0.005399999999999849,0.005684999999999988,0.005399999999999849,0.0024800000000000377,0.0009299999999998754,0.0019899999999999363,0.36851851851851697,0,1,,0,0,0,0,1.0819267131235537,1.0805608420074115,1.09155,1.07324,1.07637,0,1
2024-06-12T07:00:00+0700,1.07329,1.08518,1.07329,1.08073,44598,0.011889999999999956,0.00613285714285713,0.011889999999999956,0.007439999999999891,0.004450000000000065,0.0,0.6257359125315323,1,0,,0,0,0,0,1.08181274044512,1.0805674756541797,1.09155,1.07324,1.07637,0,0
2024-06-13T07:00:00+0700,1.08075,1.0816,1.07324,1.07355,39498,0.008359999999999923,0.006357142857142839,0.008359999999999923,0.007200000000000095,0.0008499999999997954,0.00031000000000003247,0.037081339712922885,0,0,,0,0,0,0,1.08102581278368,1.0802922805304864,1.09155,1.07324,1.07637,0,0
2024-06-14T07:00:00+0700,1.07348,1.07444,1.06671,1.07013,45784,0.007730000000000015,0.006717857142857124,0.007730000000000015,0.003349999999999964,0.0009600000000000719,0.0034199999999999786,0.4424320827943043,0,1,,0,0,0,0,1.0799881163280916,1.0798937597253693,1.09155,1.07324,1.07637,0,0
2024-06-17T07:00:00+0700,1.07022,1.07374,1.06859,1.07328,37331,0.005149999999999988,0.006809285714285692,0.005149999999999988,0.0030600000000000627,0.00045999999999990493,0.0016300000000000203,0.9106796116505037,0,0,,0,0,0,0,1.0793492481063685,1.0796343965988844,1.09155,1.07324,1.07637,0,1
2024-06-18T07:00:00+0700,1.07327,1.0761,1.07096,1.07384,36433,0.0051400000000001445,0.006747857142857131,0.0051400000000001445,0.0005699999999999594,0.0022600000000001508,0.0023100000000000342,0.5603112840466756,1,0,,0,0,0,0,1.0788245578105238,1.0794071653597126,1.08518,1.06671,1.07328,0,0
2024-06-19T07:00:00+0700,1.07379,1.0753,1.07244,1.07409,23397,0.0028599999999998627,0.006546428571428556,0.0028599999999998627,0.00029999999999996696,0.0012099999999999334,0.0013499999999999623,0.5769230769230799,0,0,,0,0,0,0,1.078373647542855,1.0791986490710965,1.08518,1.06671,1.07328,0,0
2024-06-20T07:00:00+0700,1.07384,1.07483,1.07003,1.07004,33879,0.0047999999999999154,0.0063814285714285535,0.0047999999999999154,0.0037999999999998035,0.0009900000000000464,1.0000000000065512e-05,0.0020833333333470185,0,0,,0,0,0,0,1.0775799668244879,1.0788394863624262,1.08518,1.06671,1.07328,0,0
2024-06-21T07:00:00+0700,1.07005,1.07201,1.06706,1.06911,36588,0.00495000000000001,0.006192857142857127,0.00495000000000001,0.0009399999999999409,0.0019599999999999618,0.0020500000000001073,0.41414141414143496,0,1,,0,0,0,0,1.0767733033173938,1.0784579378776251,1.08518,1.06671,1.07328,0,0
2024-06-24T07:00:00+0700,1.06799,1.07459,1.06799,1.07306,33213,0.006599999999999939,0.006257142857142834,0.006599999999999939,0.005069999999999908,0.0015300000000000313,0.0,0.7681818181818113,0,0,,0,0,0,0,1.076419655382404,1.0782462540392868,1.08518,1.06671,1.07328,0,0
2024-06-25T07:00:00+0700,1.0729899999999999,1.07437,1.06903,1.07127,31264,0.005340000000000122,0.006370714285714262,0.005340000000000122,0.0017199999999999438,0.0013800000000001589,0.0022400000000000198,0.4194756554307057,0,0,,0,0,0,0,1.0759292120126511,1.077972675449511,1.0761,1.06706,1.07306,0,0
2024-06-26T07:00:00+0700,1.07116,1.07175,1.06656,1.06791,35681,0.005190000000000028,0.006456428571428553,0.005190000000000028,0.003249999999999975,0.0005900000000000905,0.0013499999999999623,0.2601156069364075,0,1,,0,0,0,0,1.0751654775352557,1.0775780607260008,1.0761,1.06706,1.07306,0,1
2024-06-27T07:00:00+0700,1.06791,1.0726,1.06766,1.07024,35603,0.0049399999999999444,0.006079999999999974,0.0049399999999999444,0.0023300000000001653,0.0023599999999999177,0.00024999999999986144,0.522267206477744,0,0,,0,0,0,0,1.07469638443666,1.0772902936387068,1.0761,1.06706,1.07306,0,0
2024-06-28T07:00:00+0700,1.07024,1.07243,1.0685,1.07104,40497,0.003929999999999989,0.005877142857142835,0.003929999999999989,0.0007999999999999119,0.0013900000000000023,0.0017400000000000748,0.646310432569973,0,0,,0,0,0,0,1.0743481573474543,1.0770451840842479,1.0761,1.06706,1.07306,0,0
2024-07-01T07:00:00+0700,1.07426,1.07759,1.0719400000000001,1.07389,39014,0.006550000000000056,0.005959285714285707,0.005649999999999933,0.00036999999999998145,0.003330000000000055,0.0019499999999998963,0.3451327433628176,0,0,,0,0,0,0,1.0743045233143633,1.0769214513750618,1.0761,1.06706,1.07306,1,0
2024-07-02T07:00:00+0700,1.07389,1.07467,1.07095,1.07439,34676,0.0037199999999999456,0.005375714285714277,0.0037199999999999456,0.0004999999999999449,0.000280000000000058,0.0029399999999999427,0.9247311827956822,0,0,,0,0,0,0,1.0743126639510905,1.0768221787721182,1.07759,1.06656,1.07389,0,0
2024-07-03T07:00:00+0700,1.07437,1.08163,1.07358,1.07837,31157,0.008050000000000113,0.005353571428571434,0.008050000000000113,0.0040000000000000036,0.0032600000000000406,0.0007900000000000684,0.5950310559006218,0,0,CHOCH_UP,0,0,1,0,1.0746990769081295,1.0768828776437998,1.07759,1.06656,1.07389,0,0
2024-07-04T07:00:00+0700,1.07837,1.08134,1.07809,1.08093,21263,0.003249999999999975,0.005033571428571431,0.003249999999999975,0.0025599999999998957,0.00041000000000002146,0.000280000000000058,0.8738461538461463,0,0,BOS_UP,1,0,0,0,1.0752924981549743,1.077041588324435,1.07759,1.06656,1.07389,0,0
2024-07-05T07:00:00+0700,1.08093,1.08421,1.07985,1.08349,34574,0.0043599999999999195,0.0049771428571428545,0.0043599999999999195,0.0025600000000001177,0.0007199999999998319,0.0010799999999999699,0.8348623853211364,0,0,BOS_UP,1,0,0,0,1.0760732126164052,1.077294467213673,1.07759,1.06656,1.07389,0,0
2024-07-08T07:00:00+0700,1.07999,1.08446,1.07999,1.08225,33623,0.004469999999999974,0.004929285714285699,0.004469999999999974,0.0022599999999999287,0.0022100000000000453,0.0,0.505592841163298,1,0,,0,0,0,0,1.0766614780815094,1.0774888018327449,1.07759,1.06656,1.07389,0,0
2024-07-09T07:00:00+0700,1.08227,1.08329,1.0805,1.08123,32239,0.00279000000000007,0.004924285714285714,0.00279000000000007,0.001040000000000152,0.0010200000000000209,0.0007299999999998974,0.2616487455196699,0,0,,0,0,0,0,1.07709657540708,1.0776355154863628,1.08446,1.07095,1.08225,0,0
2024-07-10T07:00:00+0700,1.08116,1.08293,1.08105,1.08288,28357,0.0018799999999998818,0.004715714285714283,0.0018799999999998818,0.0017200000000001658,4.999999999988347e-05,0.00010999999999983245,0.9734042553192093,0,0,,0,0,0,0,1.077647377749263,1.0778411815457212,1.08446,1.07095,1.08225,0,0
2024-07-11T07:00:00+0700,1.08288,1.08995,1.0825,1.08667,40801,0.007449999999999957,0.004894285714285708,0.007449999999999957,0.00378999999999996,0.0032799999999999496,0.00038000000000004697,0.5597315436241653,0,0,BOS_UP,1,0,0,0,1.078506675106476,1.078187409720399,1.08446,1.07095,1.08225,0,0
2024-07-12T07:00:00+0700,1.08643,1.09109,1.08613,1.09049,39032,0.004959999999999853,0.004777142857142845,0.004959999999999853,0.0040599999999999525,0.0005999999999999339,0.00029999999999996696,0.8790322580645259,0,0,BOS_UP,1,0,0,0,1.0796479441439546,1.0786698642411676,1.08446,1.07095,1.08225,0,0
2024-07-15T07:00:00+0700,1.08832,1.09219,1.08812,1.08928,36529,0.004070000000000018,0.0046864285714285515,0.004070000000000018,0.0009600000000000719,0.002909999999999968,0.00019999999999997797,0.28501228501229603,0,0,BOS_UP,1,0,0,0,1.0805652827969112,1.0790859479964159,1.08446,1.07095,1.08225,0,0
2024-07-16T07:00:00+0700,1.08928,1.0905,1.08711,1.08979,32541,0.003390000000000004,0.004557857142857121,0.003390000000000004,0.0005100000000000104,0.0007099999999999884,0.0021700000000000053,0.7905604719764049,0,0,BOS_UP,1,0,0,0,1.0814438272924436,1.0795057147416547,1.09219,1.0805,1.08928,0,0
2024-07-17T07:00:00+0700,1.08975,1.09476,1.08947,1.0937999999999999,38127,0.005290000000000017,0.004582857142857126,0.005290000000000017,0.004049999999999887,0.0009600000000000719,0.000280000000000058,0.8185255198487582,1,0,,0,0,0,0,1.082620605645544,1.0800662749478642,1.09219,1.0805,1.08928,0,0
2024-07-18T07:00:00+0700,1.09374,1.09406,1.08931,1.08952,37489,0.004750000000000032,0.0046414285714285585,0.004750000000000032,0.0042199999999998905,0.000320000000000098,0.00021000000000004349,0.04421052631579833,0,0,,0,0,0,0,1.0832776908221589,1.0804370092636342,1.09219,1.0805,1.08928,1,0
2024-07-19T07:00:00+0700,1.0895,1.09013,1.08753,1.08794,31975,0.0025999999999999357,0.004359285714285692,0.0025999999999999357,0.0015600000000000058,0.0006300000000001305,0.0004099999999997994,0.15769230769223444,0,0,,0,0,0,0,1.0837217202676674,1.080731244194472,1.09219,1.0805,1.08928,0,0
2024-07-22T07:00:00+0700,1.08835,1.09022,1.0872600000000001,1.08893,31044,0.0029599999999998516,0.004304999999999971,0.0029599999999998516,0.0005800000000000249,0.0012900000000000134,0.0010899999999998133,0.5641891891891628,0,0,,0,0,0,0,1.0842177469088419,1.0810527640299832,1.09219,1.0805,1.08928,0,0
2024-07-23T07:00:00+0700,1.08894,1.08962,1.08434,1.08525,30575,0.005279999999999951,0.004107142857142817,0.005279999999999951,0.003689999999999971,0.0006800000000000139,0.0009099999999999664,0.17234848484848006,0,0,,0,0,0,0,1.0843160567270473,1.0812173615190035,1.09476,1.08711,1.08893,0,0
2024-07-24T07:00:00+0700,1.08525,1.0866,1.08252,1.08383,35285,0.0040800000000000836,0.004166428571428539,0.0040800000000000836,0.0014199999999999768,0.0013499999999999623,0.0013100000000001444,0.32107843137257785,0,1,,0,0,0,0,1.0842697656101856,1.0813198179300232,1.09476,1.08711,1.08893,0,0
2024-07-25T07:00:00+0700,1.08384,1.08696,1.08279,1.08443,45047,0.004170000000000007,0.004152857142857117,0.004170000000000007,0.0005900000000000905,0.002529999999999921,0.0010499999999999954,0.3932853717026578,0,0,,0,0,0,0,1.0842850260282633,1.081441785854336,1.09476,1.08711,1.08893,0,0
2024-07-26T07:00:00+0700,1.08441,1.08677,1.08416,1.08536,32707,0.002610000000000001,0.004019999999999976,0.002610000000000001,0.0009500000000000064,0.0014099999999999113,0.0002500000000000835,0.459770114942563,0,0,,0,0,0,0,1.084387404501762,1.0815954413110287,1.09476,1.08711,1.08893,0,0
2024-07-29T07:00:00+0700,1.08528,1.08694,1.08024,1.08199,30481,0.006699999999999928,0.00429928571428568,0.006699999999999928,0.003290000000000015,0.0016599999999999948,0.0017499999999999183,0.26119402985073686,0,0,CHOCH_DN,0,0,0,1,1.084159080263499,1.0816109142007921,1.09476,1.08711,1.08893,0,0
2024-07-30T07:00:00+0700,1.08155,1.08353,1.07978,1.08139,32703,0.003750000000000142,0.004432857142857127,0.003750000000000142,0.00015999999999993797,0.001980000000000093,0.0016100000000001113,0.4293333333333468,0,0,BOS_DN,0,1,0,0,1.083895358333642,1.0816022508988004,1.08962,1.08024,1.08199,0,1
2024-07-31T07:00:00+0700,1.08136,1.0849,1.08014,1.08242,49150,0.0047599999999998754,0.004240714285714264,0.0047599999999998754,0.0010599999999998388,0.0024800000000000377,0.0012199999999999989,0.4789915966386339,0,0,BOS_DN,0,1,0,0,1.0837548480161523,1.0816343194910043,1.08962,1.08024,1.08199,0,1
2024-08-01T07:00:00+0700,1.08241,1.08349,1.07771,1.07901,46127,0.005780000000000118,0.004299285714285712,0.005780000000000118,0.0034000000000000696,0.0010799999999999699,0.0013000000000000789,0.22491349480969763,0,1,,0,0,0,0,1.0833029577288997,1.0815314050011609,1.08962,1.08024,1.08199,0,0
2024-08-02T07:00:00+0700,1.07901,1.09262,1.07813,1.09085,55014,0.014489999999999892,0.005043571428571417,0.014489999999999892,0.011840000000000073,0.0017699999999998273,0.0008799999999999919,0.8778467908902802,0,0,,0,0,0,0,1.0840217236594807,1.0818968400991547,1.08962,1.08024,1.08199,0,1
2024-08-05T07:00:00+0700,1.09222,1.10082,1.08923,1.09505,88438,0.01158999999999999,0.005629285714285702,0.01158999999999999,0.00283000000000011,0.005769999999999831,0.002990000000000048,0.5021570319240866,1,0,,0,0,0,0,1.085072035691911,1.0824126502913447,1.08962,1.08024,1.08199,0,0
2024-08-06T07:00:00+0700,1.09505,1.09626,1.09032,1.09289,63318,0.005940000000000056,0.005675714285714276,0.005940000000000056,0.002160000000000162,0.0012099999999999334,0.002569999999999961,0.43265993265992203,0,0,,0,0,0,0,1.0858166037212529,1.0828235267505077,1.10082,1.07771,1.09505,0,0
2024-08-07T07:00:00+0700,1.09253,1.09361,1.0905,1.09206,48997,0.003109999999999946,0.005558571428571413,0.003109999999999946,0.00046999999999997044,0.0010799999999999699,0.0015600000000000058,0.5016077170418112,0,0,,0,0,0,0,1.0864112128906573,1.0831857413877428,1.10082,1.07771,1.09505,0,0
2024-08-08T07:00:00+0700,1.09205,1.09446,1.08812,1.09174,44665,0.006340000000000012,0.005825714285714275,0.006340000000000012,0.00031000000000003247,0.0024100000000000232,0.0036199999999999566,0.5709779179810646,0,1,,0,0,0,0,1.0869187164248804,1.0835212025097922,1.10082,1.07771,1.09505,0,0
2024-08-09T07:00:00+0700,1.09173,1.0930900000000001,1.09086,1.09111,31962,0.0022300000000001763,0.005773571428571441,0.0022300000000001763,0.0006200000000000649,0.0013600000000000279,0.0002500000000000835,0.11210762331841423,0,0,,0,0,0,0,1.0873178862891775,1.083818802411369,1.10082,1.07771,1.09505,0,0
2024-08-12T07:00:00+0700,1.09132,1.09389,1.09096,1.09301,27283,0.002930000000000099,0.005605714285714309,0.002930000000000099,0.0016899999999999693,0.0008799999999999919,0.000360000000000138,0.6996587030716853,0,0,,0,0,0,0,1.0878599923568748,1.084179241532492,1.10082,1.07771,1.09505,0,0
2024-08-13T07:00:00+0700,1.093,1.09991,1.09134,1.09916,31676,0.008569999999999967,0.005926428571428587,0.008569999999999967,0.006159999999999943,0.0007500000000000284,0.0016599999999999948,0.9124854142357023,0,0,,0,0,0,0,1.0889361835609819,1.0847667222567081,1.09626,1.08812,1.09301,0,0
2024-08-14T07:00:00+0700,1.09916,1.10469,1.09823,1.10109,33644,0.00645999999999991,0.006090000000000008,0.00645999999999991,0.0019299999999999873,0.0036000000000000476,0.0009299999999998754,0.44272445820431927,1,0,,0,0,0,0,1.0900936898885074,1.0854068507956607,1.09626,1.08812,1.09301,0,0
2024-08-15T07:00:00+0700,1.10099,1.10154,1.09491,1.09706,29383,0.006629999999999914,0.006377142857142859,0.006629999999999914,0.003929999999999989,0.0005500000000000504,0.0021499999999998742,0.3242835595776625,0,0,,0,0,0,0,1.0907571479943639,1.0858638370389682,1.09626,1.08812,1.09301,0,0
2024-08-16T07:00:00+0700,1.09712,1.1029,1.09671,1.10176,25740,0.006189999999999918,0.006340714285714287,0.006189999999999918,0.0046399999999999775,0.0011399999999999189,0.00041000000000002146,0.8158319870759396,0,0,,0,0,0,0,1.0918050386615672,1.0864872159786165,1.09626,1.08812,1.09301,0,0
2024-08-19T07:00:00+0700,1.10264,1.10859,1.1022,1.10837,30525,0.006829999999999892,0.006560714285714269,0.006389999999999896,0.005730000000000013,0.00021999999999988695,0.00043999999999999595,0.9655712050078419,0,0,CHOCH_UP,0,0,1,0,1.0933826540271323,1.087345364371612,1.09626,1.08812,1.09301,0,0
2024-08-20T07:00:00+0700,1.10835,1.11294,1.10715,1.11281,34928,0.005789999999999962,0.006634285714285704,0.005789999999999962,0.0044600000000001305,0.00012999999999996348,0.0011999999999998678,0.9775474956822169,0,0,BOS_UP,1,0,0,0,1.0952328774531197,1.0883439775335098,1.10859,1.09134,1.10837,0,0
2024-08-21T07:00:00+0700,1.11282,1.11735,1.10986,1.11481,38289,0.007489999999999997,0.006756428571428552,0.007489999999999997,0.0019900000000001583,0.0025399999999999867,0.0029599999999998516,0.6608811748998681,0,0,BOS_UP,1,0,0,0,1.0970973653147273,1.0893818607674897,1.10859,1.09134,1.10837,0,0
2024-08-22T07:00:00+0700,1.1148,1.11635,1.10976,1.11106,35247,0.006589999999999874,0.006192142857142836,0.006589999999999874,0.0037400000000000766,0.0015499999999999403,0.0012999999999998568,0.197268588770847,0,0,BOS_UP,1,0,0,0,1.098427140046658,1.090231983874647,1.10859,1.09134,1.10837,0,0
2024-08-23T07:00:00+0700,1.11106,1.12003,1.11031,1.11876,38041,0.009720000000000173,0.006058571428571421,0.009720000000000173,0.00770000000000004,0.0012700000000001044,0.0007500000000000284,0.8693415637859998,0,0,BOS_UP,1,0,0,0,1.1003636028993573,1.091350729605053,1.10859,1.09134,1.10837,0,0
2024-08-26T07:00:00+0700,1.11839,1.12012,1.11496,1.11596,34681,0.005160000000000053,0.006002857142857135,0.005160000000000053,0.002429999999999932,0.0017300000000000093,0.001000000000000112,0.1937984496124228,1,0,,0,0,0,0,1.1018489740517994,1.0923157990323058,1.10859,1.09134,1.10837,0,0
2024-08-27T07:00:00+0700,1.11574,1.11901,1.115,1.11824,31877,0.004010000000000069,0.006067142857142859,0.004010000000000069,0.0024999999999999467,0.0007700000000001594,0.0007399999999999629,0.8079800498752753,0,0,,0,0,0,0,1.103410024142104,1.0933324343643722,1.12012,1.10715,1.11596,0,0
2024-08-28T07:00:00+0700,1.11824,1.11845,1.11045,1.11182,35004,0.008000000000000007,0.006185714285714287,0.008000000000000007,0.00641999999999987,0.00021000000000004349,0.0013700000000000934,0.17125000000001153,0,0,,0,0,0,0,1.1042109742238084,1.0940574369383183,1.12012,1.10715,1.11596,0,0
2024-08-29T07:00:00+0700,1.11182,1.11395,1.10551,1.1076,39151,0.008440000000000003,0.006629285714285703,0.008440000000000003,0.0042200000000001125,0.0021299999999999653,0.0020899999999999253,0.24763033175354557,0,0,,0,0,0,0,1.1045337385834457,1.094588517842698,1.12012,1.10715,1.11596,0,1
2024-08-30T07:00:00+0700,1.10759,1.10946,1.10431,1.10436,37828,0.005149999999999988,0.006787857142857123,0.005149999999999988,0.003230000000000066,0.0018699999999998163,5.0000000000105516e-05,0.00970873786409818,0,0,,0,0,0,0,1.104517192051689,1.0949717132214156,1.12012,1.10715,1.11596,0,0
2024-09-02T07:00:00+0700,1.10445,1.1077,1.10415,1.10699,22039,0.003549999999999942,0.006429285714285693,0.003549999999999942,0.0025399999999999867,0.0007099999999999884,0.00029999999999996696,0.8,0,0,,0,0,0,0,1.1047526975705757,1.0954430185852817,1.12012,1.10715,1.11596,0,0
2024-09-03T07:00:00+0700,1.10699,1.10724,1.10259,1.10419,37789,0.004650000000000043,0.006299999999999988,0.004650000000000043,0.0027999999999999137,0.0002500000000000835,0.0016000000000000458,0.34408602150538303,0,1,,0,0,0,0,1.104699107325759,1.0957860374642903,1.11901,1.10415,1.10699,0,1
2024-09-04T07:00:00+0700,1.10419,1.10947,1.10346,1.10807,35928,0.006009999999999849,0.006255714285714269,0.006009999999999849,0.0038800000000001056,0.0013999999999998458,0.0007299999999998974,0.7670549084858767,0,0,,0,0,0,0,1.105020144723306,1.0962677614852985,1.11901,1.10415,1.10699,0,1
2024-09-05T07:00:00+0700,1.10807,1.11191,1.10742,1.1109,37435,0.004489999999999883,0.006134285714285695,0.004489999999999883,0.002829999999999888,0.0010099999999999554,0.0006500000000000394,0.7750556792873092,0,0,,0,0,0,0,1.1055801309401339,1.0968415747603848,1.11901,1.10415,1.10699,0,0
2024-09-06T07:00:00+0700,1.11071,1.11549,1.10652,1.10818,46451,0.008970000000000145,0.006287142857142857,0.008970000000000145,0.0025300000000001432,0.0047800000000000065,0.0016599999999999948,0.18506131549609456,1,0,,0,0,0,0,1.1058277375172638,1.0972862188874286,1.11901,1.10415,1.10699,0,0
2024-09-09T07:00:00+0700,1.10757,1.10906,1.10325,1.1033,32386,0.005809999999999871,0.006288571428571421,0.005809999999999871,0.004269999999999996,0.0014899999999999913,4.999999999988347e-05,0.00860585197932609,0,0,,0,0,0,0,1.105587000610858,1.0975220534408627,1.11901,1.10415,1.10699,0,0
2024-09-10T07:00:00+0700,1.10331,1.10492,1.10147,1.10181,28765,0.003449999999999953,0.00599999999999999,0.003449999999999953,0.0015000000000000568,0.0016099999999998893,0.00034000000000000696,0.09855072463768452,0,0,CHOCH_DN,0,0,0,1,1.1052272862669665,1.0976902082078879,1.11549,1.10259,1.1033,0,0
2024-09-11T07:00:00+0700,1.10181,1.10544,1.10016,1.10105,40874,0.005279999999999951,0.005906428571428567,0.005279999999999951,0.0007599999999998719,0.003630000000000022,0.0008900000000000574,0.16856060606061848,0,1,,0,0,0,0,1.1048294494796365,1.097821964748755,1.11549,1.10259,1.1033,0,0
2024-09-12T07:00:00+0700,1.10104,1.10746,1.1005,1.1072899999999999,36593,0.006960000000000077,0.005709285714285702,0.006960000000000077,0.006249999999999867,0.00017000000000022553,0.0005399999999999849,0.975574712643646,0,0,,0,0,0,0,1.105063787624433,1.0981932602488038,1.11549,1.10259,1.1033,0,1
2024-09-13T07:00:00+0700,1.1072899999999999,1.11013,1.10671,1.10697,36468,0.0034199999999999786,0.005584999999999983,0.0034199999999999786,0.00031999999999987594,0.0028400000000001757,0.00025999999999992696,0.07602339181284462,0,0,,0,0,0,0,1.1052453316602011,1.0985374461214,1.11549,1.10259,1.1033,0,0
2024-09-16T07:00:00+0700,1.10742,1.11371,1.10735,1.11311,31986,0.006739999999999968,0.005779999999999975,0.006359999999999921,0.005689999999999973,0.0005999999999999339,7.00000000000145e-05,0.9056603773584998,0,0,,0,0,0,0,1.1059943476925629,1.0991089188225214,1.11549,1.10259,1.1033,0,0
2024-09-17T07:00:00+0700,1.1131199999999999,1.11457,1.11104,1.11121,37334,0.003530000000000033,0.005460714285714263,0.003530000000000033,0.0019099999999998563,0.0014500000000001734,0.00017000000000000348,0.04815864022662943,0,0,,0,0,0,0,1.1064910764837472,1.0995834710255599,1.11371,1.10016,1.11311,1,0
2024-09-18T07:00:00+0700,1.11122,1.11885,1.10962,1.11173,42735,0.00922999999999985,0.005517142857142824,0.00922999999999985,0.0005100000000000104,0.007119999999999793,0.0016000000000000458,0.22860238353197082,1,0,,0,0,0,0,1.1069900215805333,1.1000598054951458,1.11371,1.10016,1.11311,1,0
2024-09-19T07:00:00+0700,1.11164,1.11784,1.10681,1.116,52991,0.011029999999999873,0.005937142857142815,0.011029999999999873,0.0043600000000001415,0.0018399999999998418,0.00482999999999989,0.8331822302810641,0,1,,0,0,0,0,1.1078481147633397,1.100684911162003,1.11371,1.10016,1.11311,0,0
2024-09-20T07:00:00+0700,1.11599,1.11815,1.11356,1.1162,44143,0.004589999999999872,0.006011428571428524,0.004589999999999872,0.00021000000000004349,0.0019499999999998963,0.002429999999999932,0.5751633986928212,0,0,,0,0,0,0,1.1086435324049264,1.1012933460183951,1.11371,1.10016,1.11311,0,0
2024-09-23T07:00:00+0700,1.11569,1.1166800000000001,1.10827,1.11098,39572,0.008410000000000029,0.006279999999999952,0.008410000000000029,0.004709999999999992,0.0009900000000000464,0.00270999999999999,0.3222354340071321,0,0,,0,0,0,0,1.1088660531282668,1.1016732148019874,1.11371,1.10016,1.11311,1,0
2024-09-24T07:00:00+0700,1.11103,1.1179999999999999,1.1103,1.11781,38848,0.007699999999999818,0.006400714285714236,0.007699999999999818,0.006780000000000008,0.00018999999999991246,0.0007299999999998974,0.9753246753246861,0,0,,0,0,0,0,1.1097178575922413,1.1023060299077918,1.11885,1.10681,1.11098,0,0
2024-09-25T07:00:00+0700,1.11776,1.12134,1.11211,1.11315,39226,0.009230000000000071,0.006739285714285678,0.009230000000000071,0.004610000000000003,0.0035799999999999166,0.001040000000000152,0.11267605633804376,1,0,,0,0,0,0,1.110044728297742,1.102731283636898,1.11885,1.10681,1.11098,1,0
2024-09-26T07:00:00+0700,1.11316,1.11888,1.11253,1.11754,44944,0.006350000000000078,0.006552142857142816,0.006350000000000078,0.0043800000000000505,0.0013400000000001189,0.0006299999999999084,0.7889763779527398,0,0,,0,0,0,0,1.110758563697957,1.1033120176119218,1.11885,1.10681,1.11098,1,0
2024-09-27T07:00:00+0700,1.11749,1.12024,1.11245,1.11606,50437,0.007789999999999964,0.006693571428571394,0.007789999999999964,0.0014300000000000423,0.002749999999999808,0.003610000000000113,0.46341463414635814,0,0,,0,0,0,0,1.1112634623933895,1.1038119384898857,1.11885,1.10681,1.11098,1,0
2024-09-30T07:00:00+0700,1.11539,1.12084,1.11132,1.11333,45557,0.009519999999999973,0.007127142857142824,0.009519999999999973,0.002060000000000173,0.005449999999999955,0.0020099999999998452,0.21113445378149695,1,0,,0,0,0,0,1.111460275498781,1.1041851958040079,1.11885,1.10681,1.11098,1,0
2024-10-01T07:00:00+0700,1.11333,1.11436,1.10453,1.10663,48948,0.009830000000000005,0.007452142857142828,0.009830000000000005,0.006699999999999928,0.0010300000000000864,0.0020999999999999908,0.21363173957273546,0,0,BOS_DN,0,1,0,0,1.1110002492608018,1.1042810704783605,1.12134,1.1103,1.11333,0,0
2024-10-02T07:00:00+0700,1.10651,1.10824,1.10322,1.10432,39413,0.005019999999999802,0.007313571428571379,0.005019999999999802,0.0021900000000001363,0.0017299999999997873,0.0010999999999998789,0.2191235059760801,0,0,BOS_DN,0,1,0,0,1.1103640350454873,1.104282597126268,1.12134,1.1103,1.11333,0,0
2024-10-03T07:00:00+0700,1.1042399999999999,1.1049,1.10078,1.10292,44041,0.0041199999999999015,0.007363571428571374,0.0041199999999999015,0.0013199999999999878,0.000660000000000105,0.0021399999999998087,0.5194174757281214,0,0,BOS_DN,0,1,0,0,1.1096550793268696,1.1042291619448457,1.12134,1.1103,1.11333,0,0
2024-10-04T07:00:00+0700,1.10292,1.10391,1.09508,1.09646,42937,0.008829999999999893,0.007512857142857083,0.008829999999999893,0.00645999999999991,0.0009900000000000464,0.0013799999999999368,0.15628539071347153,0,1,,0,0,0,0,1.1083984051052629,1.103924488927401,1.12134,1.1103,1.11333,0,0
2024-10-07T07:00:00+0700,1.0959,1.09864,1.09538,1.09697,42049,0.0032600000000000406,0.0074935714285713695,0.0032600000000000406,0.0010699999999999044,0.0016700000000000603,0.000520000000000076,0.4877300613496811,0,0,,0,0,0,0,1.1073099855714283,1.1036517638714245,1.12134,1.1103,1.11333,0,0
2024-10-08T07:00:00+0700,1.09703,1.09967,1.09605,1.09731,39753,0.0036199999999999566,0.007092857142857091,0.0036199999999999566,0.000280000000000058,0.0023599999999999177,0.0009799999999999809,0.34806629834255637,0,0,,0,0,0,0,1.106357605993197,1.1034030672490158,1.11436,1.09508,1.09697,0,0
2024-10-09T07:00:00+0700,1.09734,1.09806,1.09357,1.09375,35929,0.004490000000000105,0.00662571428571425,0.004490000000000105,0.003589999999999982,0.0007200000000000539,0.000180000000000069,0.040089086859702625,0,0,BOS_DN,0,1,0,0,1.1051568816128925,1.1030245155921918,1.11436,1.09508,1.09697,0,0
2024-10-10T07:00:00+0700,1.09375,1.09544,1.08998,1.0924,42390,0.00546000000000002,0.006687857142857119,0.00546000000000002,0.0013499999999999623,0.0016899999999999693,0.0024200000000000887,0.4432234432234578,0,0,BOS_DN,0,1,0,0,1.1039419405069026,1.1026078679219098,1.11436,1.09508,1.09697,0,0
2024-10-11T07:00:00+0700,1.0924,1.09533,1.09229,1.09299,29455,0.0030399999999999316,0.006304285714285683,0.0030399999999999316,0.0005899999999998684,0.0023400000000000087,0.0001100000000000545,0.23026315789471666,0,0,BOS_DN,0,1,0,0,1.1028988985538644,1.1022306966308546,1.11436,1.09508,1.09697,0,0
2024-10-14T07:00:00+0700,1.09312,1.09362,1.08877,1.09074,27728,0.004850000000000021,0.006100714285714269,0.004850000000000021,0.0023800000000000487,0.0004999999999999449,0.0019700000000000273,0.40618556701031316,0,0,BOS_DN,0,1,0,0,1.101740908215401,1.1017800810767036,1.11436,1.09508,1.09697,0,0
2024-10-15T07:00:00+0700,1.09074,1.09162,1.08815,1.08872,33221,0.003470000000000084,0.005689285714285698,0.003470000000000084,0.002020000000000133,0.0008799999999999919,0.0005699999999999594,0.16426512968298143,0,0,BOS_DN,0,1,0,0,1.100500821718696,1.1012679210344798,1.09967,1.08877,1.09074,0,0
2024-10-16T07:00:00+0700,1.08866,1.09009,1.08528,1.08605,31823,0.004809999999999981,0.005579285714285691,0.004809999999999981,0.002610000000000001,0.0014300000000000423,0.0007699999999999374,0.1600831600831477,0,0,BOS_DN,0,1,0,0,1.099124552983582,1.1006711398174414,1.09967,1.08877,1.09074,0,0
2024-10-17T07:00:00+0700,1.08599,1.08731,1.08106,1.08299,35917,0.006250000000000089,0.0054692857142857,0.006250000000000089,0.0030000000000001137,0.0013199999999999878,0.0019299999999999873,0.3087999999999936,0,1,,0,0,0,0,1.0975879288899075,1.0999777617853848,1.09967,1.08877,1.09074,0,0
2024-10-18T07:00:00+0700,1.08299,1.08691,1.08237,1.08652,28445,0.0045399999999999885,0.005113571428571416,0.0045399999999999885,0.003530000000000033,0.0003900000000001125,0.0006199999999998429,0.9140969162995345,0,0,,0,0,0,0,1.096533840424202,1.0994500064212522,1.09967,1.08877,1.09074,0,0
2024-10-21T07:00:00+0700,1.08601,1.0871,1.08107,1.08138,27347,0.00602999999999998,0.004842142857142843,0.00602999999999998,0.004629999999999912,0.0010900000000000354,0.00031000000000003247,0.05140961857380324,0,0,,0,0,0,0,1.095090617526659,1.0987413787184581,1.09967,1.08877,1.09074,0,0
2024-10-22T07:00:00+0700,1.08139,1.08376,1.07921,1.0796999999999999,30203,0.004550000000000054,0.004808571428571432,0.004550000000000054,0.0016900000000001913,0.0023699999999999832,0.0004899999999998794,0.10769230769227991,0,0,BOS_DN,0,1,0,0,1.093624844428882,1.097994657984401,1.09162,1.08106,1.08138,0,0
2024-10-23T07:00:00+0700,1.07973,1.08062,1.07608,1.07804,32886,0.0045399999999999885,0.004838571428571438,0.0045399999999999885,0.0016899999999999693,0.0008899999999998354,0.001960000000000184,0.4317180616740504,0,1,,0,0,0,0,1.0921405735308933,1.0972121223771696,1.09162,1.08106,1.08138,0,0
2024-10-24T07:00:00+0700,1.07801,1.08294,1.07701,1.08264,35202,0.005929999999999991,0.0046314285714285875,0.005929999999999991,0.004630000000000134,0.00029999999999996696,0.0009999999999998899,0.9494097807757221,0,0,,0,0,0,0,1.0912357570041415,1.096640666597673,1.09162,1.08106,1.08138,0,1
2024-10-25T07:00:00+0700,1.08262,1.08389,1.07925,1.07937,30043,0.0046399999999999775,0.004730000000000012,0.0046399999999999775,0.003249999999999975,0.0012700000000001044,0.00011999999999989797,0.025862068965495377,1,0,,0,0,0,0,1.0901056849085091,1.095963385554627,1.09162,1.08106,1.08138,0,0
2024-10-28T07:00:00+0700,1.07961,1.08271,1.07816,1.08107,32805,0.004550000000000054,0.00479642857142859,0.004550000000000054,0.0014600000000000168,0.0016400000000000858,0.0014499999999999513,0.639560439560425,0,0,,0,0,0,0,1.0892451434886512,1.0953793312191513,1.09162,1.08106,1.08138,0,1
2024-10-29T07:00:00+0700,1.08107,1.08259,1.07684,1.08169,38625,0.005749999999999922,0.004886428571428577,0.005749999999999922,0.0006200000000000649,0.0008999999999999009,0.004229999999999956,0.8434782608695803,0,1,,0,0,0,0,1.0885256060135415,1.0948424947007533,1.08389,1.07608,1.08107,0,0
2024-10-30T07:00:00+0700,1.08169,1.08709,1.08078,1.08542,40786,0.006309999999999816,0.004947142857142849,0.006309999999999816,0.003730000000000011,0.0016699999999998383,0.0009099999999999664,0.7353407290016026,0,0,CHOCH_UP,0,0,1,0,1.0882298340122518,1.0944729851046453,1.08389,1.07608,1.08107,0,0
2024-10-31T07:00:00+0700,1.08545,1.08877,1.08435,1.08822,44040,0.0044200000000000905,0.005045714285714288,0.0044200000000000905,0.002769999999999939,0.0005500000000000504,0.001100000000000101,0.8755656108597196,0,0,BOS_UP,1,0,0,0,1.0882288974396563,1.0942277700025025,1.08389,1.07608,1.08107,0,0
2024-11-01T07:00:00+0700,1.08822,1.09053,1.08314,1.08325,39583,0.007390000000000008,0.005227142857142859,0.007390000000000008,0.004969999999999919,0.0023100000000000342,0.0001100000000000545,0.014884979702307765,0,0,,0,0,0,0,1.0877547167311177,1.0937972692180908,1.08389,1.07608,1.08107,1,0
2024-11-04T07:00:00+0700,1.0876,1.09143,1.08693,1.08756,41038,0.008179999999999854,0.005563571428571413,0.0044999999999999485,3.999999999981796e-05,0.00383,0.0006300000000001305,0.1400000000000306,0,0,BOS_UP,1,0,0,0,1.087736172280535,1.0935526704252245,1.08389,1.07608,1.08107,0,0
2024-11-05T07:00:00+0700,1.08756,1.09361,1.08715,1.09268,31028,0.00645999999999991,0.005681428571428552,0.00645999999999991,0.005120000000000013,0.0009299999999998754,0.00041000000000002146,0.8560371517028037,0,0,BOS_UP,1,0,0,0,1.0882070130157222,1.093518448055608,1.09143,1.07684,1.08756,0,0
2024-11-06T07:00:00+0700,1.09266,1.09366,1.0682,1.07244,96654,0.025460000000000038,0.007053571428571405,0.025460000000000038,0.020219999999999905,0.001000000000000112,0.0042400000000000215,0.16653574234092755,1,1,,0,0,0,0,1.0867053927285106,1.0926918422495058,1.09143,1.07684,1.08756,1,0
2024-11-07T07:00:00+0700,1.07244,1.08243,1.07123,1.08033,59068,0.011200000000000099,0.0075292857142856984,0.011200000000000099,0.007889999999999953,0.0020999999999999908,0.0012100000000001554,0.8125000000000024,0,0,,0,0,0,0,1.0860982124686525,1.0922070641220742,1.09143,1.07684,1.08756,0,1
2024-11-08T07:00:00+0700,1.08042,1.08047,1.06864,1.07144,51361,0.011830000000000007,0.007943571428571414,0.011830000000000007,0.008979999999999988,5.0000000000105516e-05,0.0027999999999999137,0.23668639053253693,0,0,,0,0,0,0,1.0847021922335427,1.0913926694506204,1.09143,1.07684,1.08756,0,0
2024-11-11T07:00:00+0700,1.07035,1.07274,1.06282,1.06507,38453,0.009919999999999929,0.008327142857142835,0.009919999999999929,0.005279999999999951,0.0023900000000001143,0.0022499999999998632,0.2268145161290201,0,0,CHOCH_DN,0,0,0,1,1.082832459639872,1.0903604079035374,1.09143,1.07684,1.08756,0,0
2024-11-12T07:00:00+0700,1.06491,1.06626,1.05946,1.06194,46182,0.006799999999999917,0.008488571428571401,0.006799999999999917,0.002969999999999917,0.0013499999999999623,0.0024800000000000377,0.36470588235295115,0,0,BOS_DN,0,1,0,0,1.0808427015789317,1.0892458821033988,1.09366,1.06282,1.06507,0,0
2024-11-13T07:00:00+0700,1.06201,1.06535,1.05553,1.0562,50781,0.00981999999999994,0.00876642857142854,0.00981999999999994,0.005809999999999871,0.0033400000000001207,0.0006699999999999484,0.06822810590630882,0,0,BOS_DN,0,1,0,0,1.0784957776190334,1.0879499651581674,1.09366,1.06282,1.06507,0,0
2024-11-14T07:00:00+0700,1.05614,1.0582,1.0496,1.05288,54020,0.008599999999999941,0.00904928571428568,0.008599999999999941,0.0032600000000000406,0.0020599999999999508,0.0032799999999999496,0.38139534883720605,0,1,,0,0,0,0,1.076056179750554,1.0865746724068668,1.09366,1.06282,1.06507,0,0
2024-11-15T07:00:00+0700,1.05289,1.05926,1.05159,1.05396,51780,0.007670000000000066,0.009272142857142824,0.007670000000000066,0.0010699999999999044,0.005300000000000082,0.0013000000000000789,0.30899608865710076,0,0,,0,0,0,0,1.0739517816790727,1.0852956656458133,1.09366,1.06282,1.06507,0,0
2024-11-18T07:00:00+0700,1.05288,1.06067,1.05287,1.05969,42819,0.007800000000000029,0.009418571428571403,0.007800000000000029,0.006809999999999983,0.0009799999999999809,1.0000000000065512e-05,0.8743589743589772,0,0,,0,0,0,0,1.0725935167572562,1.084291521894997,1.09366,1.06282,1.06507,0,0
2024-11-19T07:00:00+0700,1.05969,1.06005,1.05235,1.05929,50215,0.00770000000000004,0.009517857142857133,0.00770000000000004,0.00039999999999995595,0.00035999999999991594,0.006940000000000168,0.9012987012987185,0,0,,0,0,0,0,1.071326515161327,1.0833110700559774,1.06626,1.0496,1.05969,0,0
2024-11-20T07:00:00+0700,1.05928,1.06093,1.05063,1.05422,41168,0.010299999999999976,0.009937857142857125,0.010299999999999976,0.0050600000000000644,0.0016499999999999293,0.003589999999999982,0.34854368932038743,1,0,,0,0,0,0,1.0696973232412006,1.0821702437792724,1.06626,1.0496,1.05969,0,0
2024-11-21T07:00:00+0700,1.05422,1.05544,1.04617,1.0473,47528,0.00926999999999989,0.010072142857142832,0.00926999999999989,0.006920000000000037,0.0012199999999999989,0.0011299999999998533,0.1218985976267386,0,0,BOS_DN,0,1,0,0,1.0675642448372766,1.0808027832389089,1.06626,1.0496,1.05969,0,0
2024-11-22T07:00:00+0700,1.04729,1.04974,1.03333,1.04141,54028,0.016409999999999814,0.010659999999999972,0.016409999999999814,0.005880000000000107,0.002449999999999841,0.008079999999999865,0.49238269347958297,0,1,,0,0,0,0,1.0650733643765835,1.0792579682099321,1.06626,1.0496,1.05969,0,0
2024-11-25T07:00:00+0700,1.04795,1.05297,1.04486,1.0492,55672,0.011560000000000015,0.011024285714285693,0.008110000000000062,0.0012499999999999734,0.003770000000000051,0.003090000000000037,0.5351418002466064,0,0,,0,0,0,0,1.0635616153883374,1.0780792243585622,1.06626,1.0496,1.05969,0,0
2024-11-26T07:00:00+0700,1.0492,1.05443,1.04245,1.04808,61593,0.01197999999999988,0.010061428571428539,0.01197999999999988,0.0011200000000000099,0.005230000000000068,0.005629999999999802,0.4699499165275341,0,0,,0,0,0,0,1.0620871758275434,1.0769027841876382,1.06093,1.03333,1.0492,0,0
2024-11-27T07:00:00+0700,1.04808,1.05872,1.04739,1.05643,55150,0.011330000000000062,0.01007071428571425,0.011330000000000062,0.00835000000000008,0.0022900000000001253,0.0006899999999998574,0.797881729920555,0,0,,0,0,0,0,1.0615483971773012,1.0760999299057699,1.06093,1.03333,1.0492,0,0
2024-11-28T07:00:00+0700,1.05643,1.05691,1.05271,1.05464,35565,0.0041999999999999815,0.009525714285714248,0.0041999999999999815,0.0017899999999999583,0.00048000000000003595,0.0019299999999999873,0.4595238095238085,0,0,,0,0,0,0,1.0608904545889868,1.0752583640271123,1.06093,1.03333,1.0492,0,0
2024-11-29T07:00:00+0700,1.05464,1.05968,1.0541,1.0574,55088,0.005579999999999918,0.009215714285714247,0.005579999999999918,0.0027599999999998737,0.0022800000000000598,0.0005399999999999849,0.5913978494623489,1,0,,0,0,0,0,1.0605580303424167,1.0745580360260492,1.06093,1.03333,1.0492,0,0
2024-12-02T07:00:00+0700,1.05652,1.05691,1.04601,1.04962,60942,0.01138999999999979,0.009543571428571382,0.01089999999999991,0.006899999999999906,0.0003900000000001125,0.003609999999999891,0.3311926605504515,0,1,,0,0,0,0,1.0595163131669485,1.0735800738289492,1.06093,1.03333,1.0492,0,0
2024-12-03T07:00:00+0700,1.04962,1.05346,1.04803,1.05049,51445,0.005430000000000046,0.00922999999999996,0.005430000000000046,0.0008699999999999264,0.002970000000000139,0.0015899999999999803,0.45303867403312814,0,0,,0,0,0,0,1.0586566642939057,1.072674580737618,1.05968,1.04245,1.04962,0,0
2024-12-04T07:00:00+0700,1.0505,1.05437,1.04719,1.05074,55624,0.007179999999999964,0.00912857142857139,0.007179999999999964,0.00024000000000001798,0.003630000000000022,0.003309999999999924,0.4944289693593259,0,0,,0,0,0,0,1.0579026962659146,1.0718144011008486,1.05968,1.04245,1.04962,0,0
2024-12-05T07:00:00+0700,1.0508,1.05891,1.05046,1.05827,45547,0.008450000000000069,0.009184285714285676,0.008450000000000069,0.007470000000000088,0.0006399999999999739,0.00034000000000000696,0.9242603550295895,0,0,,0,0,0,0,1.0579376775739227,1.0712832481165016,1.05968,1.04245,1.04962,0,0
2024-12-06T07:00:00+0700,1.05827,1.06292,1.05418,1.05668,46145,0.008740000000000192,0.009251428571428546,0.008740000000000192,0.0015899999999999803,0.004650000000000043,0.0025000000000001688,0.2860411899313631,1,0,,0,0,0,0,1.0578178987573585,1.070710571719776,1.05968,1.04245,1.04962,1,0
2024-12-09T07:00:00+0700,1.05591,1.0594,1.05316,1.05521,41272,0.006239999999999801,0.009147142857142814,0.006239999999999801,0.0006999999999999229,0.003489999999999993,0.0020499999999998852,0.3285256410256331,0,0,,0,0,0,0,1.057569527447134,1.0701027061621378,1.05968,1.04245,1.04962,0,0
2024-12-10T07:00:00+0700,1.05521,1.05676,1.0498,1.0526200000000001,41004,0.006959999999999855,0.008908571428571377,0.006959999999999855,0.00258999999999987,0.0015499999999999403,0.0028200000000000447,0.4051724137931183,0,0,,0,0,0,0,1.0570981438807403,1.069417109842054,1.06292,1.04719,1.05521,0,0
2024-12-11T07:00:00+0700,1.0526200000000001,1.05389,1.04798,1.04922,48783,0.005910000000000082,0.00866857142857139,0.005910000000000082,0.0034000000000000696,0.0012699999999998823,0.0012400000000001299,0.20981387478851315,0,0,,0,0,0,0,1.0563478444635268,1.0686250663188361,1.06292,1.04719,1.05521,0,0
2024-12-12T07:00:00+0700,1.04922,1.05304,1.04633,1.04648,51277,0.006709999999999994,0.007975714285714261,0.006709999999999994,0.0027399999999999647,0.0038199999999999346,0.0001500000000000945,0.02235469448585613,0,0,,0,0,0,0,1.0554080497527147,1.0677566323455483,1.06292,1.04719,1.05521,0,0
2024-12-13T07:00:00+0700,1.04648,1.05237,1.04527,1.04962,42763,0.007100000000000106,0.007657142857142839,0.007100000000000106,0.0031399999999999206,0.00275000000000003,0.0012100000000001554,0.6126760563380297,0,1,,0,0,0,0,1.0548568069191229,1.0670453918614091,1.06292,1.04719,1.05521,0,1
2024-12-16T07:00:00+0700,1.04834,1.05243,1.04742,1.05092,39647,0.005009999999999959,0.007159285714285701,0.005009999999999959,0.0025800000000000267,0.0015099999999999003,0.0009200000000000319,0.6986027944111951,0,0,,0,0,0,0,1.0544818729268255,1.0664130235531186,1.06292,1.04719,1.05521,0,0
2024-12-17T07:00:00+0700,1.05092,1.05339,1.04787,1.04898,41337,0.005519999999999969,0.006744285714285695,0.005519999999999969,0.0019400000000000528,0.0024699999999999722,0.0011099999999999444,0.20108695652173017,1,0,,0,0,0,0,1.0539578850290325,1.0657293755706434,1.05676,1.04527,1.05092,0,0
2024-12-18T07:00:00+0700,1.04898,1.0512299999999999,1.03437,1.03509,49069,0.016859999999999875,0.007648571428571401,0.016859999999999875,0.013889999999999958,0.0022499999999998632,0.0007200000000000539,0.042704626334523085,0,0,BOS_DN,0,1,0,0,1.0521609435976962,1.0645278314306184,1.05676,1.04527,1.05092,0,0
2024-12-19T07:00:00+0700,1.03509,1.04219,1.03465,1.03609,60353,0.00753999999999988,0.007788571428571399,0.00753999999999988,0.0009999999999998899,0.006099999999999994,0.00043999999999999595,0.1909814323607306,0,0,BOS_DN,0,1,0,0,1.0506303775407728,1.0634126223549079,1.05676,1.04527,1.05092,0,0
2024-12-20T07:00:00+0700,1.03578,1.0447,1.03426,1.04281,51143,0.010440000000000005,0.007720714285714271,0.010440000000000005,0.007030000000000092,0.0018899999999999473,0.0015199999999999658,0.8189655172413844,0,1,,0,0,0,0,1.0498855796797468,1.0626046763802055,1.05676,1.04527,1.05092,0,0
2024-12-23T07:00:00+0700,1.0429599999999999,1.04449,1.03837,1.04039,35865,0.006119999999999903,0.007769999999999976,0.006119999999999903,0.002569999999999961,0.0015300000000000313,0.0020199999999999108,0.3300653594771148,0,0,,0,0,0,0,1.0489812387578663,1.0617335126005896,1.05676,1.04527,1.05092,0,0
2024-12-24T07:00:00+0700,1.04039,1.04096,1.03831,1.03895,26436,0.002650000000000041,0.007446428571428553,0.002650000000000041,0.0014399999999998858,0.0005700000000001815,0.0006399999999999739,0.24150943396225055,0,0,,0,0,0,0,1.0480258826856885,1.0608400415182135,1.05339,1.03426,1.04039,0,0
2024-12-26T07:00:00+0700,1.03947,1.04294,1.039,1.04149,24710,0.003989999999999938,0.007127857142857115,0.003940000000000055,0.002020000000000133,0.0014499999999999513,0.00046999999999997044,0.6319796954314896,0,0,,0,0,0,0,1.0474034176680038,1.0600812163606366,1.05339,1.03426,1.04039,0,0
2024-12-27T07:00:00+0700,1.04148,1.0443500000000001,1.04046,1.04201,34006,0.003890000000000171,0.006781428571428542,0.003890000000000171,0.0005300000000001415,0.0023400000000000087,0.0010200000000000209,0.39845758354758204,0,0,,0,0,0,0,1.0468897588424797,1.0593725412092392,1.05339,1.03426,1.04039,0,0
2024-12-30T07:00:00+0700,1.04177,1.0458,1.03713,1.04057,35942,0.008669999999999956,0.006954999999999981,0.008669999999999956,0.0012000000000000899,0.004029999999999978,0.0034399999999998876,0.3967704728950294,1,0,,0,0,0,0,1.0462878770479578,1.058635186652014,1.05339,1.03426,1.04039,0,0
2024-12-31T07:00:00+0700,1.04057,1.0424,1.03434,1.0352,38896,0.008059999999999956,0.007033571428571417,0.008059999999999956,0.005370000000000097,0.0018299999999999983,0.0008599999999998609,0.10669975186102551,0,0,,0,0,0,0,1.0452318887576761,1.0577161597244842,1.0458,1.03713,1.04057,0,0
2025-01-02T07:00:00+0700,1.03504,1.03751,1.02241,1.02563,47303,0.015099999999999891,0.007689999999999975,0.015099999999999891,0.009409999999999918,0.0024699999999999722,0.0032200000000000006,0.21324503311258436,0,1,,0,0,0,0,1.0433650422093261,1.056457878950975,1.0458,1.03713,1.04057,0,0
2025-01-03T07:00:00+0700,1.02563,1.03094,1.02546,1.03058,36791,0.005479999999999929,0.007602142857142827,0.005479999999999929,0.00495000000000001,0.00035999999999991594,0.00017000000000000348,0.9343065693430802,0,0,,0,0,0,0,1.0421474191417712,1.0554430601685838,1.0458,1.03713,1.04057,0,0
2025-01-06T07:00:00+0700,1.03009,1.04363,1.02949,1.03883,55031,0.014140000000000041,0.008104999999999965,0.014140000000000041,0.00873999999999997,0.0048000000000001375,0.0005999999999999339,0.6605374823196518,1,0,,0,0,0,0,1.0418314744616026,1.0547915676129531,1.0458,1.03713,1.04057,0,1
2025-01-07T07:00:00+0700,1.03879,1.04339,1.03385,1.0339,47569,0.009540000000000104,0.008428571428571405,0.009540000000000104,0.004890000000000061,0.0045999999999999375,5.0000000000105516e-05,0.005241090146761528,0,0,,0,0,0,0,1.04107609594145,1.0539722904516609,1.04363,1.02241,1.03883,0,0
2025-01-08T07:00:00+0700,1.0339,1.03572,1.02726,1.03171,50153,0.008459999999999912,0.0086385714285714,0.008459999999999912,0.0021900000000001363,0.0018199999999999328,0.004449999999999843,0.5260047281323746,0,0,,0,0,0,0,1.040184086804169,1.0530992594535564,1.04363,1.02241,1.03883,0,0
2025-01-09T07:00:00+0700,1.03171,1.0321,1.02832,1.02981,35682,0.0037800000000001166,0.0077042857142857035,0.0037800000000001166,0.0019000000000000128,0.0003900000000001125,0.0014899999999999913,0.39417989417987975,0,0,,0,0,0,0,1.0391960785371053,1.0521859551612602,1.04363,1.02241,1.03883,0,0
2025-01-10T07:00:00+0700,1.02981,1.03114,1.02128,1.02403,48383,0.00985999999999998,0.007869999999999997,0.00985999999999998,0.005779999999999896,0.0013300000000000534,0.00275000000000003,0.2789046653144053,0,0,,0,0,0,0,1.0377516901050001,1.051081800056897,1.04363,1.02241,1.03883,0,1
2025-01-13T07:00:00+0700,1.02297,1.02494,1.01773,1.02433,48704,0.007209999999999939,0.007639285714285705,0.007209999999999939,0.0013600000000000279,0.0006099999999999994,0.005239999999999911,0.9153952843273225,0,1,,0,0,0,0,1.0364734339045238,1.0500327098585873,1.04363,1.02241,1.03883,0,1
2025-01-14T07:00:00+0700,1.02433,1.03082,1.02381,1.03066,51266,0.007009999999999961,0.007702857142857138,0.007009999999999961,0.006329999999999947,0.00016000000000016001,0.0005199999999998539,0.9771754636233722,0,0,,0,0,0,0,1.0359197735326644,1.049272995746486,1.04339,1.01773,1.02433,0,0
2025-01-15T07:00:00+0700,1.03066,1.03538,1.02587,1.02872,44496,0.009509999999999907,0.008192857142857128,0.009509999999999907,0.0019399999999998307,0.0047200000000000575,0.002850000000000019,0.2996845425867557,1,0,,0,0,0,0,1.0352340808152678,1.0484669959132904,1.04339,1.01773,1.02433,0,0
2025-01-16T07:00:00+0700,1.02872,1.03146,1.02602,1.02953,48713,0.005440000000000111,0.00829642857142857,0.005440000000000111,0.0008099999999999774,0.0019299999999999873,0.0027000000000001467,0.6452205882353037,0,0,,0,0,0,0,1.0346908350233375,1.0477243686225732,1.04339,1.01773,1.02433,0,0
2025-01-17T07:00:00+0700,1.02941,1.03301,1.02644,1.02647,43967,0.006569999999999965,0.008487857142857127,0.006569999999999965,0.0029399999999999427,0.0036000000000000476,2.999999999997449e-05,0.004566210045658242,0,0,,0,0,0,0,1.033907898354448,1.0468908639707075,1.04339,1.01773,1.02433,0,0
2025-01-20T07:00:00+0700,1.02775,1.04338,1.02659,1.04146,48803,0.01690999999999998,0.009076428571428556,0.016790000000000083,0.013710000000000111,0.0019199999999999218,0.0011600000000000499,0.8856462179869022,0,0,CHOCH_UP,0,0,1,0,1.034627146130215,1.0466778889130328,1.04339,1.01773,1.02433,0,0
2025-01-21T07:00:00+0700,1.04146,1.04349,1.03415,1.04241,58578,0.009340000000000126,0.00916785714285714,0.009340000000000126,0.0009500000000000064,0.0010799999999999699,0.00731000000000015,0.8843683083511825,0,0,BOS_UP,1,0,0,0,1.0353683703082899,1.0465105207203649,1.04338,1.02381,1.04146,1,0
2025-01-22T07:00:00+0700,1.04251,1.04568,1.03917,1.04075,45248,0.006510000000000016,0.00855428571428572,0.006510000000000016,0.0017599999999999838,0.003169999999999895,0.0015800000000001369,0.2427035330261341,0,0,BOS_UP,1,0,0,0,1.0358809064694052,1.0462846179470173,1.04338,1.02381,1.04146,1,0
2025-01-23T07:00:00+0700,1.04072,1.0437400000000001,1.03717,1.04141,45004,0.006570000000000187,0.008632142857142882,0.006570000000000187,0.0006899999999998574,0.0023300000000001653,0.003550000000000164,0.6453576864535618,0,0,BOS_UP,1,0,0,0,1.0364074868056523,1.046093456458899,1.04338,1.02381,1.04146,1,0
2025-01-24T07:00:00+0700,1.04141,1.0521,1.04111,1.04901,49905,0.010990000000000055,0.008407142857142882,0.010990000000000055,0.007600000000000051,0.003090000000000037,0.00029999999999996696,0.718835304822564,0,0,BOS_UP,1,0,0,0,1.037607726157495,1.046207830715413,1.04338,1.02381,1.04146,0,0
2025-01-27T07:00:00+0700,1.04737,1.05327,1.04535,1.04905,54136,0.007919999999999927,0.008291428571428585,0.007919999999999927,0.0016800000000001258,0.0042199999999998905,0.0020199999999999108,0.4671717171717261,1,0,,0,0,0,0,1.0386974665234479,1.0463192883344163,1.04338,1.02381,1.04146,0,0
2025-01-28T07:00:00+0700,1.04905,1.04922,1.04133,1.04289,48738,0.007889999999999953,0.008250714285714302,0.007889999999999953,0.006159999999999943,0.00017000000000000348,0.0015600000000000058,0.19771863117870914,0,0,,0,0,0,0,1.0390967554259767,1.0461848064389492,1.05327,1.03415,1.04905,0,0
2025-01-29T07:00:00+0700,1.04289,1.04432,1.03819,1.04198,49619,0.006129999999999969,0.008418571428571433,0.006129999999999969,0.0009100000000001884,0.0014299999999998203,0.00378999999999996,0.6182707993474681,0,0,,0,0,0,0,1.039371350147312,1.0460199120687943,1.05327,1.03415,1.04905,0,0
2025-01-30T07:00:00+0700,1.04198,1.04674,1.03857,1.0387,47932,0.00817000000000001,0.00829785714285715,0.00817000000000001,0.0032799999999999496,0.0047600000000000975,0.00012999999999996348,0.01591187270501387,0,0,,0,0,0,0,1.039307412038044,1.0457328566935475,1.05327,1.03415,1.04905,0,0
2025-01-31T07:00:00+0700,1.0387,1.04335,1.03496,1.03596,57953,0.008389999999999898,0.008382142857142862,0.008389999999999898,0.0027399999999999647,0.004650000000000043,0.0009999999999998899,0.11918951132299191,0,0,,0,0,0,0,1.0389886108915636,1.0453496074114477,1.05327,1.03415,1.04905,0,0
2025-02-03T07:00:00+0700,1.02419,1.03494,1.02102,1.03429,81344,0.014939999999999953,0.008948571428571432,0.013919999999999932,0.010099999999999998,0.0006500000000000394,0.003169999999999895,0.9533045977011464,0,1,,0,0,0,0,1.038541124139986,1.044915897316881,1.05327,1.03415,1.04905,0,1
2025-02-04T07:00:00+0700,1.03429,1.03871,1.02718,1.03776,52375,0.01153000000000004,0.009092857142857156,0.01153000000000004,0.003470000000000084,0.0009500000000000064,0.00710999999999995,0.9176062445793579,0,0,,0,0,0,0,1.0384667313647493,1.0446352738926896,1.04922,1.02102,1.03429,0,0
2025-02-05T07:00:00+0700,1.03776,1.0442,1.03693,1.04009,47317,0.00727000000000011,0.009223571428571442,0.00727000000000011,0.0023299999999999432,0.004110000000000058,0.0008300000000001084,0.4346629986244847,1,0,,0,0,0,0,1.0386213283776304,1.0444570278576821,1.04922,1.02102,1.03429,0,0
2025-02-06T07:00:00+0700,1.04009,1.0405,1.03521,1.03821,42953,0.005290000000000017,0.009132142857142875,0.005290000000000017,0.0018799999999998818,0.00041000000000002146,0.0030000000000001137,0.5671077504726094,0,0,,0,0,0,0,1.0385821542464275,1.0442120463730673,1.04922,1.02102,1.03429,0,0
2025-02-07T07:00:00+0700,1.03821,1.04118,1.03046,1.03261,49581,0.010720000000000063,0.008690000000000022,0.010720000000000063,0.005600000000000049,0.002969999999999917,0.0021500000000000963,0.20055970149254512,0,0,,0,0,0,0,1.0380133776515297,1.0437570641623588,1.04922,1.02102,1.03429,0,0
2025-02-10T07:00:00+0700,1.02879,1.0336,1.02791,1.03055,37201,0.005689999999999973,0.008429285714285726,0.005689999999999973,0.0017599999999999838,0.003049999999999997,0.0008799999999999919,0.4639718804920893,0,1,,0,0,0,0,1.0373025797799555,1.0432391400775605,1.04922,1.02102,1.03429,0,0
2025-02-11T07:00:00+0700,1.03055,1.03805,1.02916,1.03599,35503,0.008889999999999842,0.008599285714285714,0.008889999999999842,0.005439999999999889,0.0020599999999999508,0.0013900000000000023,0.7682789651293602,0,0,,0,0,0,0,1.0371775721818646,1.0429548600745189,1.0442,1.02718,1.03055,0,0
2025-02-12T07:00:00+0700,1.03599,1.04293,1.03167,1.0381,49933,0.011259999999999826,0.008934285714285688,0.011259999999999826,0.0021100000000000563,0.00482999999999989,0.0043199999999998795,0.5710479573712287,0,0,,0,0,0,0,1.0372654224502584,1.0427644734049297,1.0442,1.02718,1.03055,0,0
2025-02-13T07:00:00+0700,1.0381,1.04665,1.03726,1.04625,54938,0.00939000000000001,0.00881999999999997,0.00939000000000001,0.00814999999999988,0.000400000000000178,0.0008399999999999519,0.9574014909477979,0,0,BOS_UP,1,0,0,0,1.0381210965026146,1.0429011607223835,1.0442,1.02718,1.03055,0,0
2025-02-14T07:00:00+0700,1.04625,1.05138,1.04468,1.04899,42127,0.006699999999999928,0.008732857142857113,0.006699999999999928,0.0027400000000001867,0.002389999999999892,0.0015699999999998493,0.6432835820895645,1,0,,0,0,0,0,1.0391562301690322,1.0431399387332705,1.0442,1.02718,1.03055,0,0
2025-02-17T07:00:00+0700,1.04834,1.05059,1.04666,1.04827,28917,0.003929999999999989,0.008449999999999973,0.003929999999999989,7.00000000000145e-05,0.0022499999999998632,0.0016100000000001113,0.4096692111959582,0,0,,0,0,0,0,1.0400242082481719,1.0433411176064757,1.0442,1.02718,1.03055,0,0
2025-02-18T07:00:00+0700,1.04826,1.04858,1.04347,1.04444,35422,0.00511000000000017,0.008377142857142845,0.00511000000000017,0.0038199999999999346,0.000320000000000098,0.0009700000000001374,0.1898238747554022,0,0,,0,0,0,0,1.040444759843584,1.0433842110336728,1.05138,1.02916,1.04827,0,0
2025-02-19T07:00:00+0700,1.04444,1.04609,1.04003,1.04212,38438,0.006059999999999954,0.008226428571428555,0.006059999999999954,0.0023200000000000998,0.0016499999999999293,0.0020899999999999253,0.3448844884488351,0,1,,0,0,0,0,1.0406043065251473,1.0433346341303915,1.05138,1.02916,1.04827,0,0
2025-02-20T07:00:00+0700,1.04208,1.0503,1.04157,1.04999,40904,0.008729999999999905,0.00825071428571427,0.008729999999999905,0.007910000000000084,0.00031000000000003247,0.0005099999999997884,0.9644902634593315,0,0,,0,0,0,0,1.0414981820941809,1.0435956288703763,1.05138,1.02916,1.04827,0,0
2025-02-21T07:00:00+0700,1.04996,1.05052,1.0449,1.04516,42139,0.005619999999999958,0.007584999999999985,0.005619999999999958,0.0047999999999999154,0.0005599999999998939,0.000260000000000149,0.046263345195756395,0,0,,0,0,0,0,1.04184692665664,1.0436569767578125,1.05138,1.02916,1.04827,0,0
2025-02-24T07:00:00+0700,1.047,1.05278,1.04524,1.04664,48668,0.00761999999999996,0.007305714285714264,0.007540000000000102,0.00035999999999991594,0.005780000000000118,0.0014000000000000679,0.1856763925729508,0,0,,0,0,0,0,1.042303409832198,1.0437739580614278,1.05138,1.02916,1.04827,1,0
2025-02-25T07:00:00+0700,1.04664,1.05189,1.04558,1.05118,44388,0.006310000000000038,0.007237142857142831,0.006310000000000038,0.0045399999999999885,0.0007099999999999884,0.001060000000000061,0.887480190174329,0,0,,0,0,0,0,1.0431487993719886,1.0440643910786267,1.05278,1.04003,1.04664,0,0
2025-02-26T07:00:00+0700,1.05118,1.05282,1.04745,1.0483,46650,0.005370000000000097,0.007242857142857122,0.005370000000000097,0.0028799999999999937,0.0016400000000000858,0.0008500000000000174,0.15828677839851063,1,0,,0,0,0,0,1.0436393899079897,1.044230493389269,1.05278,1.04003,1.04664,1,0
2025-02-27T07:00:00+0700,1.04827,1.04921,1.0396,1.03966,45226,0.009609999999999896,0.007163571428571396,0.009609999999999896,0.008610000000000007,0.0009399999999999409,5.999999999994898e-05,0.006243496357955216,0,0,CHOCH_DN,0,0,0,1,1.043260400392943,1.0440512583543957,1.05278,1.04003,1.04664,0,0
2025-02-28T07:00:00+0700,1.03966,1.04195,1.03595,1.03711,49853,0.006000000000000005,0.007185714285714255,0.006000000000000005,0.0025500000000000522,0.0022899999999999032,0.0011600000000000499,0.19333333333334146,0,1,,0,0,0,0,1.0426746479745677,1.0437790521444195,1.05278,1.04003,1.04664,0,0
2025-03-03T07:00:00+0700,1.04025,1.05032,1.03882,1.04848,53509,0.013209999999999944,0.007494285714285691,0.011499999999999844,0.008230000000000182,0.0018399999999998418,0.0014299999999998203,0.8400000000000116,0,0,,0,0,0,0,1.0432275386436565,1.0439634030407168,1.05278,1.04003,1.04664,0,1
2025-03-04T07:00:00+0700,1.04848,1.06268,1.04706,1.06246,68725,0.015619999999999967,0.007805714285714273,0.015619999999999967,0.013979999999999881,0.000220000000000109,0.0014199999999999768,0.9859154929577395,0,0,CHOCH_UP,0,0,1,0,1.045059201629975,1.044688759784218,1.05282,1.03595,1.04848,0,0
2025-03-05T07:00:00+0700,1.06247,1.07962,1.06016,1.07871,74310,0.019460000000000033,0.00852499999999999,0.019460000000000033,0.016240000000000032,0.0009099999999999664,0.0023100000000000342,0.9532374100719443,0,0,BOS_UP,1,0,0,0,1.0482640395699774,1.04602292606719,1.05282,1.03595,1.04848,0,0
2025-03-06T07:00:00+0700,1.07871,1.0853,1.07652,1.07797,72769,0.00878000000000001,0.008673571428571423,0.00878000000000001,0.0007399999999999629,0.006589999999999874,0.0014500000000001734,0.16514806378134075,0,0,BOS_UP,1,0,0,0,1.051093178658551,1.0472757524959277,1.05282,1.03595,1.04848,0,0
2025-03-07T07:00:00+0700,1.07795,1.08882,1.0778699999999999,1.08305,63408,0.010950000000000015,0.009174999999999997,0.010950000000000015,0.0051000000000001044,0.005769999999999831,8.000000000008001e-05,0.4730593607306098,0,0,BOS_UP,1,0,0,0,1.0541366854529746,1.0486786641627541,1.05282,1.03595,1.04848,0,0
2025-03-10T07:00:00+0700,1.08297,1.08742,1.08046,1.08333,58090,0.006960000000000077,0.009307142857142847,0.006960000000000077,0.00035999999999991594,0.004090000000000149,0.0025100000000000122,0.41235632183906556,0,0,BOS_UP,1,0,0,0,1.0569170011241198,1.0500375400779403,1.05282,1.03595,1.04848,0,0
2025-03-11T07:00:00+0700,1.08333,1.09467,1.0826500000000001,1.09174,58906,0.01201999999999992,0.00973285714285713,0.01201999999999992,0.008410000000000029,0.002930000000000099,0.0006799999999997919,0.7562396006655475,1,0,,0,0,0,0,1.060233477207537,1.0516729306631192,1.08882,1.04706,1.08333,0,0
2025-03-12T07:00:00+0700,1.09174,1.09308,1.08752,1.08864,52937,0.005560000000000009,0.009506428571428567,0.005560000000000009,0.0030999999999998806,0.0013400000000001189,0.0011200000000000099,0.20143884892086475,0,0,,0,0,0,0,1.062938860330629,1.0531226196567225,1.08882,1.04706,1.08333,1,0
2025-03-13T07:00:00+0700,1.08863,1.08967,1.08221,1.08512,49809,0.007460000000000022,0.009637857142857142,0.007460000000000022,0.003509999999999902,0.0010399999999999299,0.00291000000000019,0.39008042895444794,0,1,,0,0,0,0,1.06505134982295,1.0543774188858706,1.08882,1.04706,1.08333,1,0
2025-03-14T07:00:00+0700,1.08511,1.09121,1.08302,1.08742,49652,0.00818999999999992,0.009678571428571425,0.00818999999999992,0.0023100000000000342,0.00378999999999996,0.0020899999999999253,0.5372405372405376,0,0,,0,0,0,0,1.0671816974588595,1.0556732063805423,1.08882,1.04706,1.08333,1,0
2025-03-17T07:00:00+0700,1.08743,1.0929,1.08681,1.09213,40265,0.006089999999999929,0.009662857142857131,0.006089999999999929,0.0047000000000001485,0.0007699999999999374,0.0006199999999998429,0.8735632183908134,0,0,,0,0,0,0,1.0695577262723015,1.0571028845616974,1.08882,1.04706,1.08333,0,0
2025-03-18T07:00:00+0700,1.09212,1.09542,1.08921,1.09429,39163,0.006210000000000049,0.009722857142857129,0.006210000000000049,0.0021700000000000053,0.0011300000000000754,0.002909999999999968,0.8180354267310682,1,0,,0,0,0,0,1.0719131809130347,1.05856120281418,1.09467,1.08221,1.09213,1,0
2025-03-19T07:00:00+0700,1.09432,1.09456,1.08601,1.09011,44288,0.008550000000000058,0.009647142857142854,0.008550000000000058,0.004210000000000047,0.00024000000000001798,0.0040999999999999925,0.479532163742686,0,0,,0,0,0,0,1.0736462113022693,1.0597984105469571,1.09467,1.08221,1.09213,0,0
2025-03-20T07:00:00+0700,1.09011,1.09169,1.08142,1.08477,41931,0.010270000000000001,0.009952142857142854,0.010270000000000001,0.0053399999999999,0.0015800000000001369,0.003349999999999964,0.3261927945472214,0,0,,0,0,0,0,1.0747056197496723,1.0607776885647235,1.09467,1.08221,1.09213,0,1
2025-03-21T07:00:00+0700,1.08486,1.08608,1.07971,1.08081,39839,0.006369999999999987,0.009463571428571429,0.006369999999999987,0.004049999999999887,0.0012199999999999989,0.001100000000000101,0.17268445839876032,0,0,CHOCH_DN,0,0,0,1,1.0752869892973225,1.0615632694053228,1.09467,1.08221,1.09213,0,0
2025-03-24T07:00:00+0700,1.08116,1.08578,1.07812,1.07997,42900,0.00766,0.008895000000000002,0.00766,0.0011899999999998023,0.0046200000000000685,0.0018500000000001293,0.24151436031333282,0,0,BOS_DN,0,1,0,0,1.075732990316625,1.0622851019776631,1.09467,1.08221,1.09213,0,0
2025-03-25T07:00:00+0700,1.07998,1.08297,1.07765,1.07908,39582,0.005319999999999991,0.007885,0.005319999999999991,0.0008999999999999009,0.002990000000000048,0.0014300000000000423,0.2687969924812114,0,0,BOS_DN,0,1,0,0,1.0760517531436131,1.0629437254295195,1.09542,1.07812,1.07997,0,1
2025-03-26T07:00:00+0700,1.07898,1.08023,1.07435,1.0751,42185,0.005880000000000107,0.007677857142857149,0.005880000000000107,0.0038800000000001056,0.0012499999999999734,0.0007500000000000284,0.12755102040816577,0,0,BOS_DN,0,1,0,0,1.0759611099870785,1.0634204420793423,1.09542,1.07812,1.07997,0,0
2025-03-27T07:00:00+0700,1.07551,1.08207,1.07325,1.08005,45811,0.00882000000000005,0.007525714285714294,0.00882000000000005,0.0045399999999999885,0.002020000000000133,0.0022599999999999287,0.7709750566893286,0,1,,0,0,0,0,1.0763505280835473,1.0640725816056427,1.09542,1.07812,1.07997,0,1
2025-03-28T07:00:00+0700,1.07976,1.08443,1.07642,1.08261,40648,0.008010000000000073,0.007600714285714294,0.008010000000000073,0.002850000000000019,0.0018199999999999328,0.0033400000000001207,0.7727840199750416,0,0,,0,0,0,0,1.0769466682660667,1.0647995391897351,1.09542,1.07812,1.07997,0,1
2025-03-31T07:00:00+0700,1.08241,1.08489,1.07837,1.08134,48066,0.006519999999999859,0.007207857142857147,0.006519999999999859,0.0010700000000001264,0.0024799999999998157,0.002969999999999917,0.4555214723926352,0,0,,0,0,0,0,1.0773650808121555,1.0654481847117063,1.09542,1.07812,1.07997,0,0
2025-04-01T07:00:00+0700,1.08169,1.08297,1.0778,1.07907,43331,0.005169999999999897,0.007179999999999996,0.005169999999999897,0.0026200000000000667,0.0012799999999999478,0.0012699999999998823,0.2456479690522065,0,0,,0,0,0,0,1.0775274540681408,1.0659823735465415,1.08489,1.07325,1.08134,0,0
2025-04-02T07:00:00+0700,1.07892,1.09239,1.07798,1.08592,45527,0.014410000000000034,0.007676428571428568,0.014410000000000034,0.006999999999999895,0.006469999999999976,0.0009400000000001629,0.5510062456627369,0,0,,0,0,0,0,1.0783267441568891,1.0667642412505987,1.08489,1.07325,1.08134,0,0
2025-04-03T07:00:00+0700,1.08476,1.1145,1.08047,1.10499,94583,0.034030000000000005,0.00952214285714286,0.034030000000000005,0.02022999999999997,0.00951000000000013,0.004289999999999905,0.7205406993828937,1,0,,0,0,0,0,1.080866101856233,1.0682632906133205,1.08489,1.07325,1.08134,0,0
2025-04-04T07:00:00+0700,1.1049,1.11072,1.09241,1.09626,109043,0.018309999999999826,0.010394999999999996,0.018309999999999826,0.008639999999999981,0.005819999999999936,0.003849999999999909,0.21026761332604837,0,0,,0,0,0,0,1.0823321873937346,1.0693612007853472,1.08489,1.07325,1.08134,0,0
2025-04-07T07:00:00+0700,1.08889,1.10495,1.08796,1.09038,122790,0.01699000000000006,0.011164999999999996,0.01699000000000006,0.0014899999999999913,0.014570000000000194,0.0009299999999998754,0.14243672748674857,0,0,,0,0,0,0,1.0830986457371885,1.070185467421216,1.08489,1.07325,1.08134,0,0
2025-04-08T07:00:00+0700,1.09026,1.09914,1.0888,1.09567,90170,0.010340000000000016,0.011292857142857136,0.010340000000000016,0.005409999999999915,0.003470000000000084,0.0014600000000000168,0.6644100580270716,0,0,,0,0,0,0,1.084295917571742,1.071184860855678,1.1145,1.0778,1.09038,0,0
2025-04-09T07:00:00+0700,1.09525,1.10947,1.09129,1.09463,123970,0.018179999999999863,0.011857857142857127,0.018179999999999863,0.0006200000000000649,0.0142199999999999,0.0033399999999998986,0.18371837183717954,0,0,,0,0,0,0,1.0852801158982426,1.072104278077024,1.1145,1.0778,1.09038,0,0
2025-04-10T07:00:00+0700,1.09474,1.1241,1.09427,1.12003,100791,0.029830000000000023,0.013533571428571414,0.029830000000000023,0.025290000000000035,0.004070000000000018,0.00046999999999997044,0.8635601743211527,0,0,CHOCH_UP,0,0,1,0,1.0885896286698384,1.073983718152435,1.1145,1.0778,1.09038,0,0
2025-04-11T07:00:00+0700,1.11925,1.1473,1.11801,1.13583,124286,0.029290000000000038,0.015078571428571417,0.029290000000000038,0.016579999999999817,0.011470000000000091,0.0012400000000001299,0.6083987709115714,1,0,,0,0,0,0,1.0930887116536634,1.076409062538614,1.1145,1.0778,1.09038,0,0
2025-04-14T07:00:00+0700,1.13113,1.14241,1.12955,1.13483,84891,0.012859999999999872,0.015617142857142838,0.012859999999999872,0.0037000000000000366,0.00757999999999992,0.0015799999999999148,0.41057542768273747,0,0,,0,0,0,0,1.0970640724485525,1.0787000796939625,1.1145,1.0778,1.09038,0,0
2025-04-15T07:00:00+0700,1.13442,1.13784,1.12638,1.12797,65455,0.011460000000000026,0.01601571428571426,0.011460000000000026,0.006450000000000067,0.0034199999999999786,0.0015899999999999803,0.13874345549738018,0,0,,0,0,0,0,1.100007494120119,1.0806322334314542,1.1473,1.0888,1.13483,0,0
2025-04-16T07:00:00+0700,1.12801,1.14123,1.1279,1.13971,74697,0.013330000000000064,0.01633785714285712,0.013330000000000064,0.011700000000000044,0.0015199999999999658,0.0001100000000000545,0.8859714928732214,0,0,,0,0,0,0,1.1037886851562981,1.082949008591005,1.1473,1.0888,1.13483,0,0
2025-04-17T07:00:00+0700,1.13973,1.14089,1.13347,1.13603,62033,0.007419999999999982,0.016295714285714254,0.007419999999999982,0.0036999999999998145,0.0011600000000000499,0.0025600000000001177,0.34501347708896546,0,0,,0,0,0,0,1.106859286569984,1.08503061609724,1.1473,1.0888,1.13483,0,0
2025-04-18T07:00:00+0700,1.13585,1.13971,1.13564,1.13904,66661,0.004070000000000018,0.016120714285714266,0.004070000000000018,0.003190000000000026,0.0006699999999999484,0.00021000000000004349,0.8353808353808488,0,0,,0,0,0,0,1.1099241164204616,1.0871486311522502,1.1473,1.0888,1.13483,0,0
2025-04-21T07:00:00+0700,1.13945,1.15728,1.13819,1.1510799999999999,62186,0.01909000000000005,0.01711499999999999,0.01909000000000005,0.011629999999999807,0.006200000000000205,0.0012600000000000389,0.675222629649021,1,0,,0,0,0,0,1.1138437243804176,1.0896557436560836,1.1473,1.0888,1.13483,0,0
2025-04-22T07:00:00+0700,1.15077,1.15468,1.14172,1.14193,66928,0.01295999999999986,0.01701142857142855,0.01295999999999986,0.008840000000000181,0.003909999999999858,0.00020999999999982144,0.0162037037036901,0,0,,0,0,0,0,1.1165186077727587,1.0917057144931,1.15728,1.12638,1.1510799999999999,0,0
2025-04-23T07:00:00+0700,1.14212,1.14394,1.13075,1.13133,79811,0.013190000000000035,0.015522857142857125,0.013190000000000035,0.010790000000000077,0.0018199999999999328,0.0005800000000000249,0.04397270659590776,0,1,,0,0,0,0,1.1179292165563055,1.0932596080423902,1.15728,1.12638,1.1510799999999999,0,0
2025-04-24T07:00:00+0700,1.1314,1.13973,1.13132,1.13875,56229,0.008409999999999807,0.014815714285714265,0.008409999999999807,0.007349999999999968,0.0009799999999999809,7.999999999985796e-05,0.8834720570749104,0,0,,0,0,0,0,1.1199121483128478,1.0950435449819043,1.15728,1.12638,1.1510799999999999,0,0
2025-04-25T07:00:00+0700,1.1383,1.1391,1.13153,1.13614,52600,0.007570000000000077,0.014142857142857124,0.007570000000000077,0.002160000000000162,0.0007999999999999119,0.004610000000000003,0.608982826948475,0,0,,0,0,0,0,1.1214576579973385,1.0966551706688883,1.15728,1.12638,1.1510799999999999,0,0
2025-04-28T07:00:00+0700,1.13633,1.1424400000000001,1.1329,1.14201,50678,0.009540000000000104,0.014085714285714273,0.009540000000000104,0.005679999999999907,0.0004300000000001525,0.003430000000000044,0.95492662473793,1,0,,0,0,0,0,1.123415023902354,1.098433791426971,1.15728,1.12638,1.1510799999999999,0,0
2025-04-29T07:00:00+0700,1.14199,1.14215,1.1369799999999999,1.13817,53855,0.005170000000000119,0.013156428571428578,0.005170000000000119,0.0038200000000001566,0.00015999999999993797,0.0011900000000000244,0.23017408123791044,0,0,,0,0,0,0,1.1248202597211774,1.0999920741161096,1.15468,1.13075,1.14201,0,0
2025-04-30T07:00:00+0700,1.13864,1.13989,1.13167,1.13277,56533,0.008220000000000116,0.011612857142857156,0.008220000000000116,0.005870000000000042,0.0012499999999999734,0.001100000000000101,0.1338199513382099,0,0,,0,0,0,0,1.12557737784297,1.1012774829743013,1.15468,1.13075,1.14201,0,0
2025-05-01T07:00:00+0700,1.13245,1.13405,1.12654,1.12886,50197,0.007509999999999906,0.01005714285714286,0.007509999999999906,0.003589999999999982,0.0016000000000000458,0.0023199999999998777,0.3089214380825442,0,1,,0,0,0,0,1.125890008524592,1.1023591503086425,1.15468,1.13075,1.14201,0,0
2025-05-02T07:00:00+0700,1.12855,1.13805,1.12738,1.12992,60434,0.010669999999999957,0.009900714285714294,0.010669999999999957,0.0013700000000000934,0.00812999999999997,0.0011699999999998933,0.2380506091846295,0,0,,0,0,0,0,1.1262738172365354,1.1034399679435978,1.15468,1.13075,1.14201,0,0
2025-05-05T07:00:00+0700,1.13031,1.13644,1.12919,1.13134,52680,0.007249999999999979,0.009600000000000006,0.007249999999999979,0.0010300000000000864,0.005099999999999882,0.0011200000000000099,0.29655172413794517,0,0,,0,0,0,0,1.1267563108330558,1.1045340868477704,1.15468,1.13075,1.14201,0,1
2025-05-06T07:00:00+0700,1.13134,1.13806,1.12794,1.13663,53235,0.010120000000000129,0.009370714285714296,0.010120000000000129,0.005290000000000017,0.0014300000000000423,0.0034000000000000696,0.8586956521739106,1,0,,0,0,0,0,1.1276966621822886,1.1057927501086422,1.14215,1.12654,1.13134,0,0
2025-05-07T07:00:00+0700,1.13633,1.13773,1.12913,1.12985,64587,0.008599999999999941,0.009455000000000007,0.008599999999999941,0.006480000000000041,0.0013999999999998458,0.0007200000000000539,0.08372093023256498,0,0,,0,0,0,0,1.1279017419744517,1.1067361716730093,1.14215,1.12654,1.13134,0,0
2025-05-08T07:00:00+0700,1.13,1.13357,1.12115,1.12263,62161,0.012419999999999876,0.010051428571428569,0.012419999999999876,0.007369999999999877,0.003570000000000073,0.0014799999999999258,0.11916264090176656,0,0,CHOCH_DN,0,0,0,1,1.1273996713102183,1.1073594590583815,1.14215,1.12654,1.13134,0,0
2025-05-09T07:00:00+0700,1.1221700000000001,1.12926,1.11961,1.12454,47809,0.009649999999999936,0.009377142857142846,0.009649999999999936,0.0023699999999999832,0.0047199999999998354,0.0025600000000001177,0.5108808290155579,0,0,BOS_DN,0,1,0,0,1.1271273216616262,1.1080332057619744,1.14215,1.12654,1.13134,0,0
2025-05-12T07:00:00+0700,1.11957,1.12423,1.10648,1.1085,70536,0.018060000000000187,0.009741428571428583,0.017750000000000155,0.011069999999999913,0.0046600000000001085,0.002020000000000133,0.11380281690141494,0,1,,0,0,0,0,1.1253532910271857,1.1080515114183676,1.14215,1.12654,1.13134,0,0
2025-05-13T07:00:00+0700,1.10873,1.11942,1.10845,1.11836,54465,0.010970000000000146,0.009582857142857162,0.010970000000000146,0.009630000000000027,0.001060000000000061,0.000280000000000058,0.9033728350045537,0,0,,0,0,0,0,1.1246872633103109,1.1084557658725491,1.13806,1.10648,1.1085,0,0
2025-05-14T07:00:00+0700,1.11844,1.12654,1.11639,1.11708,60356,0.010150000000000103,0.009707142857142899,0.010150000000000103,0.0013600000000000279,0.008099999999999996,0.0006900000000000794,0.0679802955665096,1,0,,0,0,0,0,1.1239627620426622,1.108793971132449,1.13806,1.10648,1.1085,0,0
2025-05-15T07:00:00+0700,1.11769,1.12274,1.11699,1.11807,51539,0.005750000000000144,0.009577142857142904,0.005750000000000144,0.0003799999999998249,0.004670000000000174,0.000700000000000145,0.1878260869565118,0,0,,0,0,0,0,1.1234015466100278,1.1091577369703922,1.13806,1.10648,1.1085,0,0
2025-05-16T07:00:00+0700,1.11855,1.12192,1.11306,1.11611,46793,0.00886000000000009,0.009528571428571473,0.00886000000000009,0.0024399999999999977,0.003370000000000095,0.003049999999999997,0.3442437923250526,0,1,,0,0,0,0,1.122707113599549,1.109430374736259,1.13806,1.10648,1.1085,0,0
2025-05-19T07:00:00+0700,1.11742,1.12877,1.117,1.12397,53550,0.012660000000000116,0.010063571428571474,0.011770000000000058,0.006549999999999834,0.0048000000000001375,0.00042000000000008697,0.5921835174171526,0,0,,0,0,0,0,1.12282738849483,1.1100005561191508,1.13806,1.10648,1.1085,0,0
2025-05-20T07:00:00+0700,1.12329,1.12845,1.12176,1.1283,47868,0.006689999999999863,0.00995428571428574,0.006689999999999863,0.005010000000000181,0.00014999999999987246,0.0015299999999998093,0.9775784753363415,0,0,CHOCH_UP,0,0,1,0,1.1233485895905606,1.1107181813693803,1.12877,1.10845,1.12397,0,0
2025-05-21T07:00:00+0700,1.1280999999999999,1.13623,1.1279,1.1329500000000001,55064,0.00833000000000017,0.010012857142857188,0.00833000000000017,0.004850000000000243,0.0032799999999999496,0.00019999999999997797,0.6062424969988136,0,0,BOS_UP,1,0,0,0,1.124263009629555,1.1115900173941105,1.12877,1.10845,1.12397,0,0
2025-05-22T07:00:00+0700,1.13229,1.13443,1.12554,1.12775,56506,0.008890000000000065,0.00988571428571434,0.008890000000000065,0.0045399999999999885,0.0021400000000000308,0.0022100000000000453,0.24859392575928338,0,0,BOS_UP,1,0,0,0,1.1245951039505497,1.1122237422021846,1.12877,1.10845,1.12397,1,0
2025-05-23T07:00:00+0700,1.12787,1.13751,1.12776,1.13561,52987,0.009759999999999991,0.010065000000000055,0.009749999999999925,0.00774000000000008,0.0019000000000000128,0.00010999999999983245,0.8051282051282024,0,0,BOS_UP,1,0,0,0,1.125644141669545,1.1131408503511184,1.12877,1.10845,1.12397,0,0
2025-05-26T07:00:00+0700,1.13639,1.14182,1.13603,1.13856,35182,0.006210000000000049,0.009785714285714333,0.005789999999999962,0.0021700000000000053,0.0032600000000000406,0.00035999999999991594,0.43696027633850393,1,0,,0,0,0,0,1.1268742234153026,1.1141376797491138,1.12877,1.10845,1.12397,0,0
2025-05-27T07:00:00+0700,1.138,1.14067,1.13228,1.13267,45757,0.00839000000000012,0.009770714285714346,0.00839000000000012,0.005329999999999835,0.0026700000000001722,0.0003900000000001125,0.04648390941598414,0,0,,0,0,0,0,1.1274262021376547,1.1148644374060115,1.14182,1.12176,1.13856,0,0
2025-05-28T07:00:00+0700,1.13233,1.13445,1.1283400000000001,1.12903,48100,0.006109999999999838,0.00932000000000006,0.006109999999999838,0.0033000000000000806,0.0021199999999998997,0.0006899999999998574,0.1129296235679011,0,0,,0,0,0,0,1.1275789447912112,1.1154199496645991,1.14182,1.12176,1.13856,0,0
2025-05-29T07:00:00+0700,1.12906,1.1384,1.12101,1.13649,60157,0.017390000000000017,0.009872857142857207,0.017390000000000017,0.007430000000000048,0.0019100000000000783,0.00804999999999989,0.8901667625071836,0,1,,0,0,0,0,1.1284276167158578,1.1162462261483403,1.14182,1.12176,1.13856,0,1
2025-05-30T07:00:00+0700,1.13666,1.13893,1.13122,1.13459,55136,0.007710000000000106,0.009133571428571487,0.007710000000000106,0.0020700000000000163,0.0022699999999999942,0.003370000000000095,0.43709468223087533,0,0,,0,0,0,0,1.1290145103619667,1.1169655898287976,1.14182,1.12176,1.13856,0,0
2025-06-02T07:00:00+0700,1.13435,1.14493,1.13427,1.1442,50506,0.010660000000000114,0.009111428571428628,0.010660000000000114,0.009850000000000136,0.0007299999999998974,8.000000000008001e-05,0.9315196998123931,0,0,BOS_UP,1,0,0,0,1.1304607474703507,1.1180336059139429,1.14182,1.12176,1.13856,0,0
2025-06-03T07:00:00+0700,1.14379,1.14541,1.13638,1.13695,44110,0.009030000000000094,0.009031428571428626,0.009030000000000094,0.006840000000000179,0.0016199999999999548,0.0005699999999999594,0.06312292358803472,0,0,,0,0,0,0,1.1310787715207935,1.1187754252898667,1.14493,1.12101,1.1442,1,0
2025-06-04T07:00:00+0700,1.13717,1.1434,1.1356600000000001,1.14157,46199,0.007739999999999858,0.009173571428571463,0.007739999999999858,0.0043999999999999595,0.0018299999999999983,0.0015099999999999003,0.7635658914728641,0,0,,0,0,0,0,1.1320779361378608,1.11966933018046,1.14493,1.12101,1.1442,0,0
2025-06-05T07:00:00+0700,1.14138,1.14945,1.14042,1.14428,51493,0.009030000000000094,0.009185714285714321,0.009030000000000094,0.0028999999999999027,0.005170000000000119,0.0009600000000000719,0.42746400885935043,1,0,,0,0,0,0,1.1332400374580645,1.1206344544871087,1.14493,1.12101,1.1442,1,0
2025-06-06T07:00:00+0700,1.1442700000000001,1.14568,1.13712,1.13932,46239,0.008560000000000123,0.008892857142857178,0.008560000000000123,0.00495000000000001,0.0014099999999999113,0.002200000000000202,0.2570093457944124,0,0,,0,0,0,0,1.1338190815096774,1.1213672209778105,1.14493,1.12101,1.1442,1,0
2025-06-09T07:00:00+0700,1.14028,1.14388,1.13861,1.1419,33978,0.005270000000000108,0.008791428571428625,0.005270000000000108,0.0016199999999999548,0.001980000000000093,0.0016700000000000603,0.6242884250474284,0,0,,0,0,0,0,1.13458869279447,1.1221724279982885,1.14493,1.12101,1.1442,0,0
2025-06-10T07:00:00+0700,1.14199,1.14471,1.13725,1.14238,43273,0.0074599999999998,0.008729285714285741,0.0074599999999998,0.00038999999999989043,0.0023299999999999432,0.0047399999999999665,0.687667560321715,0,0,,0,0,0,0,1.1353307220521394,1.1229648818022773,1.14945,1.1356600000000001,1.1419,0,0
2025-06-11T07:00:00+0700,1.14223,1.1499,1.14049,1.14872,47160,0.009409999999999918,0.008766428571428588,0.009409999999999918,0.006489999999999885,0.0011799999999999589,0.0017400000000000748,0.8746014877789619,0,0,,0,0,0,0,1.136605891380507,1.1239748864374821,1.14945,1.1356600000000001,1.1419,1,0
2025-06-12T07:00:00+0700,1.14841,1.16309,1.14833,1.15838,55778,0.014759999999999884,0.009123571428571437,0.014759999999999884,0.009970000000000034,0.004709999999999992,7.999999999985796e-05,0.6808943089430874,1,0,,0,0,0,0,1.1386796160109351,1.1253241065771888,1.14945,1.1356600000000001,1.1419,0,0
2025-06-13T07:00:00+0700,1.15789,1.16139,1.14885,1.15454,70619,0.012539999999999996,0.00957571428571429,0.012539999999999996,0.003350000000000186,0.0034999999999998366,0.005689999999999973,0.45374800637958335,0,0,,0,0,0,0,1.1401901287717986,1.1264698278878873,1.14945,1.1356600000000001,1.1419,0,0
2025-06-16T07:00:00+0700,1.15308,1.1614200000000001,1.15233,1.15592,56271,0.009090000000000042,0.009625714285714284,0.009090000000000042,0.0028399999999999537,0.00550000000000006,0.0007500000000000284,0.3949394939493911,0,0,,0,0,0,0,1.141688211745913,1.1276247365981662,1.14945,1.1356600000000001,1.1419,0,0
2025-06-17T07:00:00+0700,1.15581,1.15796,1.1474199999999999,1.1479,57018,0.010540000000000216,0.009942142857142884,0.010540000000000216,0.007910000000000084,0.0021500000000000963,0.00048000000000003595,0.045540796963949345,0,0,,0,0,0,0,1.1422798106272547,1.1284198449668654,1.16309,1.13725,1.15592,0,0
2025-06-18T07:00:00+0700,1.14747,1.15298,1.14605,1.14819,57772,0.006929999999999881,0.009195000000000017,0.006929999999999881,0.0007200000000000539,0.00478999999999985,0.0014199999999999768,0.30880230880231857,0,0,,0,0,0,0,1.1428426858056113,1.1291951451642432,1.16309,1.13725,1.15592,0,0
2025-06-19T07:00:00+0700,1.14736,1.14995,1.14459,1.14958,45724,0.005360000000000031,0.009027142857142869,0.005360000000000031,0.0022200000000001108,0.00036999999999998145,0.002769999999999939,0.9309701492537352,0,1,,0,0,0,0,1.1434843347765056,1.1299945512362337,1.16309,1.13725,1.15592,0,0
2025-06-20T07:00:00+0700,1.14903,1.15435,1.14899,1.15204,49845,0.005360000000000031,0.008648571428571434,0.005360000000000031,0.003009999999999957,0.0023100000000000342,4.0000000000040004e-05,0.5690298507462648,0,0,,0,0,0,0,1.1442991600358858,1.1308590786387342,1.16309,1.13725,1.15592,0,0
2025-06-23T07:00:00+0700,1.14561,1.15812,1.14531,1.1577,66778,0.012809999999999988,0.008918571428571427,0.012809999999999988,0.012089999999999934,0.00042000000000008697,0.00029999999999996696,0.9672131147540916,0,0,,0,0,0,0,1.1455754305086585,1.1319116637901563,1.16309,1.13725,1.15592,0,0
2025-06-24T07:00:00+0700,1.15774,1.16413,1.15721,1.16073,58817,0.006920000000000037,0.00886000000000001,0.006920000000000037,0.002990000000000048,0.0034000000000000696,0.0005299999999999194,0.5086705202312064,0,0,,0,0,0,0,1.1470187228411672,1.133041794621915,1.15812,1.14459,1.1577,0,0
2025-06-25T07:00:00+0700,1.1605699999999999,1.16646,1.15896,1.16585,43169,0.007500000000000062,0.008750714285714294,0.007500000000000062,0.0052800000000001734,0.0006099999999999994,0.0016099999999998893,0.9186666666666674,0,0,BOS_UP,1,0,0,0,1.148812177808675,1.1343283909112516,1.15812,1.14459,1.1577,0,0
2025-06-26T07:00:00+0700,1.16545,1.17444,1.16527,1.17004,54913,0.0091699999999999,0.008794285714285708,0.0091699999999999,0.004589999999999872,0.0043999999999999595,0.000180000000000069,0.5201744820065423,0,0,BOS_UP,1,0,0,0,1.1508338751602298,1.135728846169634,1.15812,1.14459,1.1577,0,0
2025-06-27T07:00:00+0700,1.16987,1.17532,1.16805,1.17146,50485,0.007269999999999888,0.008937142857142834,0.007269999999999888,0.0015899999999999803,0.0038599999999999746,0.0018199999999999328,0.4690508940852773,0,0,BOS_UP,1,0,0,0,1.1527982680021127,1.137130067888472,1.15812,1.14459,1.1577,0,0
2025-06-30T07:00:00+0700,1.17285,1.17869,1.17073,1.17864,48858,0.007959999999999967,0.008972857142857131,0.007959999999999967,0.005789999999999962,5.0000000000105516e-05,0.0021199999999998997,0.9937185929648108,0,0,BOS_UP,1,0,0,0,1.1552593853352446,1.1387579083634338,1.15812,1.14459,1.1577,0,0
2025-07-01T07:00:00+0700,1.1781,1.18292,1.17609,1.18041,48305,0.006829999999999892,0.008788571428571415,0.006829999999999892,0.0023100000000000342,0.0025100000000000122,0.0020099999999998452,0.6325036603221007,1,0,,0,0,0,0,1.1576546819699831,1.1403913237217307,1.17869,1.15721,1.17864,0,0
2025-07-02T07:00:00+0700,1.18002,1.18094,1.17465,1.1797900000000001,46228,0.006290000000000129,0.008183571428571432,0.006290000000000129,0.00022999999999995246,0.0009200000000000319,0.0051400000000001445,0.8171701112877646,0,0,,0,0,0,0,1.1597628074966513,1.1419363698502902,1.17869,1.15721,1.17864,0,0
2025-07-03T07:00:00+0700,1.17946,1.18095,1.1717,1.1756,42420,0.00924999999999998,0.007948571428571432,0.00924999999999998,0.0038599999999999746,0.0014899999999999913,0.0039000000000000146,0.4216216216216241,0,0,,0,0,0,0,1.1612711115445893,1.1432565122091023,1.17869,1.15721,1.17864,1,0
2025-07-04T07:00:00+0700,1.17577,1.1787,1.17515,1.17733,39448,0.003550000000000164,0.0075528571428571546,0.003550000000000164,0.0015600000000000058,0.0013700000000000934,0.0006200000000000649,0.614084507042245,0,0,,0,0,0,0,1.1628005294927237,1.1445927274165884,1.17869,1.15721,1.17864,1,0
2025-07-07T07:00:00+0700,1.17811,1.17898,1.16865,1.1707,44977,0.01032999999999995,0.007537857142857136,0.01032999999999995,0.007409999999999917,0.0008699999999999264,0.0020500000000001073,0.19845111326235404,0,0,,0,0,0,0,1.1635528600172262,1.1456165420277025,1.17869,1.15721,1.17864,1,0
2025-07-08T07:00:00+0700,1.17071,1.17647,1.16822,1.1724,46059,0.008249999999999869,0.0076321428571428495,0.008249999999999869,0.0016900000000001913,0.004069999999999796,0.002489999999999881,0.5066666666666836,0,0,,0,0,0,0,1.1643954447774905,1.1466668737128907,1.18292,1.16865,1.1707,0,1
2025-07-09T07:00:00+0700,1.1718600000000001,1.17288,1.16892,1.1721,42201,0.0039599999999999635,0.007532142857142844,0.0039599999999999635,0.00023999999999979593,0.0007800000000000029,0.0029400000000001647,0.8030303030303004,0,0,,0,0,0,0,1.165129211941539,1.147664251214346,1.18292,1.16865,1.1707,0,0
2025-07-10T07:00:00+0700,1.1715,1.1749100000000001,1.16622,1.16992,37602,0.008690000000000087,0.007769999999999991,0.008690000000000087,0.0015799999999999148,0.003410000000000135,0.0037000000000000366,0.4257767548906789,0,0,,0,0,0,0,1.1655854774709162,1.1485370256765286,1.18292,1.16865,1.1707,0,1
2025-07-11T07:00:00+0700,1.1696900000000001,1.17135,1.16642,1.16886,45215,0.004929999999999879,0.007207142857142841,0.004929999999999879,0.0008300000000001084,0.0016599999999997728,0.0024399999999999977,0.4949290060852044,0,0,,0,0,0,0,1.1658973367594005,1.1493340050617629,1.18292,1.16865,1.1707,0,1
2025-07-14T07:00:00+0700,1.16665,1.16972,1.16538,1.1663999999999999,40450,0.0043400000000000105,0.007022857142857124,0.0043400000000000105,0.0002500000000000835,0.003070000000000128,0.0010199999999997988,0.23502304147460745,0,0,,0,0,0,0,1.1659452094489815,1.1500032597652232,1.18292,1.16865,1.1707,0,0
2025-07-15T07:00:00+0700,1.16617,1.16923,1.15924,1.16013,41142,0.009989999999999943,0.007200714285714259,0.009989999999999943,0.006039999999999823,0.0030600000000000627,0.0008900000000000574,0.08908908908909534,0,0,,0,0,0,0,1.16539137997765,1.1504003868332535,1.17647,1.16538,1.1663999999999999,0,0
2025-07-16T07:00:00+0700,1.15977,1.17211,1.15619,1.16387,52659,0.015919999999999934,0.007682857142857118,0.015919999999999934,0.0040999999999999925,0.008240000000000025,0.0035799999999999166,0.4824120603015038,1,0,,0,0,0,0,1.1652464866464454,1.1509286069574396,1.17647,1.16538,1.1663999999999999,0,0
2025-07-17T07:00:00+0700,1.16329,1.16419,1.15566,1.15964,40503,0.008530000000000149,0.007772857142857137,0.008530000000000149,0.003649999999999931,0.0009000000000001229,0.003980000000000095,0.46658851113716593,0,1,,0,0,0,0,1.16471253553726,1.1512702302140108,1.17647,1.16538,1.1663999999999999,0,0
2025-07-18T07:00:00+0700,1.15928,1.16716,1.15923,1.16242,39539,0.007929999999999993,0.007770714285714282,0.007929999999999993,0.0031399999999999206,0.0047399999999999665,5.0000000000105516e-05,0.4022698612862584,0,0,,0,0,0,0,1.164494198819426,1.151707476087971,1.17647,1.16538,1.1663999999999999,0,0
2025-07-21T07:00:00+0700,1.16247,1.17163,1.1614200000000001,1.16946,38065,0.01020999999999983,0.008012142857142848,0.01020999999999983,0.006990000000000052,0.0021700000000000053,0.0010499999999997733,0.7874632713026404,0,0,,0,0,0,0,1.1649671322651949,1.152403653496286,1.17647,1.16538,1.1663999999999999,0,1
2025-07-22T07:00:00+0700,1.16896,1.176,1.16784,1.17529,36810,0.008159999999999945,0.008145714285714265,0.008159999999999945,0.006329999999999947,0.0007099999999999884,0.0011200000000000099,0.9129901960784322,0,0,BOS_UP,1,0,0,0,1.1659502625256524,1.1533011572807454,1.17211,1.15566,1.16946,0,0
2025-07-23T07:00:00+0700,1.17529,1.17747,1.17104,1.17718,44992,0.006429999999999936,0.00794428571428569,0.006429999999999936,0.0018899999999999473,0.0002900000000001235,0.004249999999999865,0.954898911353013,0,0,BOS_UP,1,0,0,0,1.167019761332733,1.154237582485422,1.17211,1.15566,1.16946,0,0
2025-07-24T07:00:00+0700,1.17671,1.17883,1.17301,1.17475,43123,0.005819999999999936,0.00810642857142853,0.005819999999999936,0.0019599999999999618,0.002120000000000122,0.0017399999999998528,0.2989690721649264,1,0,,0,0,0,0,1.1677559745391395,1.1550419910154055,1.17211,1.15566,1.16946,0,0
2025-07-25T07:00:00+0700,1.17346,1.17604,1.17028,1.174,43844,0.005759999999999987,0.007779999999999961,0.005759999999999987,0.0005399999999999849,0.0020400000000000418,0.0031799999999999606,0.6458333333333253,0,0,,0,0,0,0,1.16835064363065,1.1557854423481349,1.17211,1.15566,1.16946,0,0
2025-07-28T07:00:00+0700,1.17586,1.17699,1.1584,1.1587399999999999,48957,0.018589999999999884,0.008518571428571391,0.018589999999999884,0.017120000000000024,0.0011300000000000754,0.0003399999999997849,0.018289402904776063,0,0,,0,0,0,0,1.167435344237255,1.1559013073540902,1.17211,1.15566,1.16946,1,0
2025-07-29T07:00:00+0700,1.15886,1.15987,1.15184,1.15441,49031,0.008029999999999982,0.008809285714285678,0.008029999999999982,0.004450000000000065,0.0010099999999999554,0.002569999999999961,0.320049813200494,0,0,CHOCH_DN,0,0,0,1,1.1661948352622782,1.1558428247127535,1.17883,1.1584,1.1587399999999999,0,0
2025-07-30T07:00:00+0700,1.15458,1.15723,1.13997,1.14023,53780,0.017260000000000053,0.009421428571428534,0.017260000000000053,0.014349999999999863,0.002650000000000041,0.000260000000000149,0.015063731170344624,0,0,BOS_DN,0,1,0,0,1.163721993808728,1.1552305570769592,1.17883,1.1584,1.1587399999999999,0,0
2025-07-31T07:00:00+0700,1.14032,1.14605,1.14026,1.14134,50914,0.005819999999999936,0.009484999999999966,0.005789999999999962,0.0010200000000000209,0.004709999999999992,5.999999999994898e-05,0.18652849740932245,0,0,BOS_DN,0,1,0,0,1.161590375350754,1.1546858293484512,1.17883,1.1584,1.1587399999999999,0,0
2025-08-01T07:00:00+0700,1.14147,1.15965,1.13912,1.15858,64123,0.02053000000000016,0.010641428571428548,0.02053000000000016,0.01710999999999996,0.0010700000000001264,0.0023500000000000743,0.9478811495372568,1,1,,0,0,0,0,1.1613036729363966,1.1548385419230218,1.17883,1.1584,1.1587399999999999,0,1
2025-08-04T07:00:00+0700,1.15907,1.15951,1.15492,1.15711,54006,0.004590000000000094,0.010255714285714273,0.004590000000000094,0.0019599999999999618,0.00043999999999999595,0.0021900000000001363,0.47712418300655585,0,0,,0,0,0,0,1.1609042755138828,1.1549276187103543,1.17883,1.1584,1.1587399999999999,0,0
2025-08-05T07:00:00+0700,1.15666,1.1587399999999999,1.15272,1.15736,47342,0.006019999999999914,0.009548571428571415,0.006019999999999914,0.0006999999999999229,0.0013799999999999368,0.003940000000000055,0.7707641196013362,0,0,,0,0,0,0,1.1605667254649414,1.1550230062119091,1.15987,1.13912,1.15711,0,0
2025-08-06T07:00:00+0700,1.15711,1.16681,1.15639,1.16587,42548,0.010419999999999874,0.009683571428571394,0.010419999999999874,0.008759999999999879,0.0009399999999999409,0.0007200000000000539,0.9097888675623846,0,0,CHOCH_UP,0,0,1,0,1.161071799230185,1.1554483785173244,1.15987,1.13912,1.15711,0,0
2025-08-07T07:00:00+0700,1.16529,1.16984,1.16105,1.16628,49191,0.008790000000000076,0.009744999999999972,0.008790000000000076,0.0009900000000000464,0.0035600000000000076,0.0042400000000000215,0.5949943117178638,1,0,,0,0,0,0,1.1615678183511198,1.1558731479872333,1.15987,1.13912,1.15711,0,0
2025-08-08T07:00:00+0700,1.16607,1.16789,1.16284,1.16391,44551,0.005049999999999999,0.009376428571428555,0.005049999999999999,0.0021599999999999397,0.0018200000000001548,0.0010699999999999044,0.211881188118793,0,0,,0,0,0,0,1.1617908832700607,1.1561883186544006,1.15987,1.13912,1.15711,0,0
2025-08-11T07:00:00+0700,1.16446,1.1675,1.15896,1.16148,36288,0.008539999999999992,0.009403571428571416,0.008539999999999992,0.0029799999999999827,0.0030399999999999316,0.0025200000000000777,0.29508196721312413,0,1,,0,0,0,0,1.161761275339579,1.1563958355699144,1.15987,1.13912,1.15711,0,0
2025-08-12T07:00:00+0700,1.16076,1.1696900000000001,1.15982,1.16718,50701,0.009870000000000045,0.00964928571428571,0.009870000000000045,0.006420000000000092,0.0025100000000000122,0.0009399999999999409,0.7456940222897669,0,0,,0,0,0,0,1.162277344354857,1.1568187439789375,1.16984,1.15272,1.16148,0,0
2025-08-13T07:00:00+0700,1.16685,1.17298,1.16684,1.17032,38291,0.006139999999999812,0.009672142857142843,0.006139999999999812,0.003470000000000084,0.0026599999999998847,9.999999999843467e-06,0.5667752442996798,1,0,,0,0,0,0,1.1630433115591563,1.1573482049993713,1.16984,1.15272,1.16148,0,0
2025-08-14T07:00:00+0700,1.17013,1.17146,1.16306,1.1647,45984,0.008399999999999963,0.00986071428571427,0.008399999999999963,0.005429999999999824,0.0013300000000000534,0.0016400000000000858,0.1952380952381063,0,0,,0,0,0,0,1.1632010914106652,1.1576365106856705,1.16984,1.15272,1.16148,1,0
2025-08-15T07:00:00+0700,1.1648100000000001,1.17147,1.1645699999999999,1.17029,37572,0.006900000000000128,0.009025714285714288,0.006900000000000128,0.005479999999999929,0.0011799999999999589,0.00024000000000024002,0.828985507246386,0,0,,0,0,0,0,1.1638762255620303,1.1581327259528993,1.16984,1.15272,1.16148,0,0
2025-08-18T07:00:00+0700,1.171,1.17149,1.16555,1.16599,34452,0.005939999999999834,0.008876428571428563,0.005939999999999834,0.005009999999999959,0.0004899999999998794,0.00043999999999999595,0.07407407407407546,1,0,,0,0,0,0,1.1640775374132657,1.1584408543469031,1.16984,1.15272,1.16148,1,0
2025-08-19T07:00:00+0700,1.16597,1.16925,1.16387,1.16454,34736,0.00537999999999994,0.008027857142857127,0.00537999999999994,0.0014300000000000423,0.0032799999999999496,0.0006699999999999484,0.12453531598512191,0,0,,0,0,0,0,1.164121581469145,1.1586800365293775,1.17298,1.15982,1.16599,0,0
2025-08-20T07:00:00+0700,1.16428,1.16732,1.16218,1.16491,39407,0.005139999999999922,0.007979285714285697,0.005139999999999922,0.0006299999999999084,0.0024100000000000232,0.0020999999999999908,0.5311284046692492,0,0,,0,0,0,0,1.1641966689482741,1.158924348822343,1.17298,1.15982,1.16599,0,0
2025-08-21T07:00:00+0700,1.1649,1.16623,1.16007,1.16052,39813,0.006160000000000165,0.006952857142857126,0.006160000000000165,0.0043800000000000505,0.0013300000000000534,0.00045000000000006146,0.07305194805195607,0,0,,0,0,0,0,1.1638465100008195,1.1589869233783296,1.17298,1.15982,1.16599,0,0
2025-08-22T07:00:00+0700,1.16042,1.17421,1.15825,1.17204,42307,0.015959999999999974,0.007764999999999974,0.015959999999999974,0.011619999999999964,0.0021700000000000053,0.0021700000000000053,0.8640350877192977,1,1,,0,0,0,0,1.164626842381694,1.1594988087360423,1.17298,1.15982,1.16599,1,1
2025-08-25T07:00:00+0700,1.1721,1.17255,1.16023,1.16183,34353,0.012319999999999887,0.008214999999999972,0.012319999999999887,0.010270000000000001,0.00045000000000006146,0.0015999999999998238,0.12987012987011676,0,0,,0,0,0,0,1.1643604764405802,1.1595902280012955,1.17298,1.15982,1.16599,0,0
2025-08-26T07:00:00+0700,1.1617,1.16648,1.16018,1.16395,46479,0.006299999999999972,0.007920714285714265,0.006299999999999972,0.0022500000000000853,0.002529999999999921,0.0015199999999999658,0.5984126984127092,0,0,,0,0,0,0,1.1643213834462391,1.1597611994522252,1.17421,1.15825,1.16183,0,0
2025-08-27T07:00:00+0700,1.16419,1.16471,1.15736,1.16361,37382,0.007349999999999968,0.007817857142857114,0.007349999999999968,0.0005800000000000249,0.0005199999999998539,0.006250000000000089,0.8503401360544376,0,1,,0,0,0,0,1.1642536326418353,1.1599121328070399,1.17421,1.15825,1.16183,0,1
2025-08-28T07:00:00+0700,1.16336,1.1696900000000001,1.16287,1.16812,37903,0.006820000000000048,0.00794428571428569,0.006820000000000048,0.0047600000000000975,0.0015700000000000713,0.0004899999999998794,0.7697947214076158,0,0,,0,0,0,0,1.1646218581045178,1.1602340099518618,1.17421,1.15825,1.16183,0,0
2025-08-29T07:00:00+0700,1.16798,1.17085,1.16504,1.16836,38175,0.005809999999999871,0.007749285714285681,0.005809999999999871,0.00038000000000004697,0.002489999999999881,0.0029399999999999427,0.5714285714285824,0,0,,0,0,0,0,1.1649778716183734,1.1605526762282592,1.17421,1.15825,1.16183,0,0
2025-09-01T07:00:00+0700,1.16932,1.17361,1.1685699999999999,1.171,29480,0.005249999999999977,0.007419285714285676,0.0050400000000001555,0.0016800000000001258,0.002610000000000001,0.0007500000000000284,0.48214285714287286,1,0,,0,0,0,0,1.1655514076547189,1.1609623751997,1.17421,1.15825,1.16183,0,0
2025-09-02T07:00:00+0700,1.17072,1.17178,1.16125,1.16403,50430,0.01053000000000015,0.007732857142857129,0.01053000000000015,0.006690000000000085,0.001060000000000061,0.0027800000000000047,0.2640075973409273,0,0,,0,0,0,0,1.1654065116876027,1.1610826742114766,1.17361,1.15736,1.171,0,0
2025-09-03T07:00:00+0700,1.1638600000000001,1.16816,1.16077,1.166,40446,0.007390000000000008,0.007660714285714275,0.007390000000000008,0.0021399999999998087,0.002160000000000162,0.003090000000000037,0.7077131258457159,0,1,,0,0,0,0,1.1654630343840215,1.1612755105169088,1.17361,1.15736,1.171,0,0
2025-09-04T07:00:00+0700,1.16572,1.1669,1.16295,1.16495,39072,0.00395000000000012,0.007449999999999989,0.00395000000000012,0.0007700000000001594,0.0011799999999999589,0.0020000000000000018,0.5063291139240357,0,0,,0,0,0,0,1.1654141739664958,1.1614196081436967,1.17361,1.15736,1.171,0,0
2025-09-05T07:00:00+0700,1.16454,1.1759,1.16454,1.17166,46361,0.011360000000000037,0.00783714285714286,0.011360000000000037,0.007120000000000015,0.0042400000000000215,0.0,0.626760563380281,0,0,,0,0,0,0,1.1660090145411153,1.1618211921380615,1.17361,1.15736,1.171,1,0
2025-09-08T07:00:00+0700,1.1710099999999999,1.17649,1.17031,1.17616,39986,0.006180000000000074,0.007894285714285727,0.006180000000000074,0.00515000000000021,0.00032999999999994145,0.0006999999999999229,0.9466019417475829,0,0,BOS_UP,1,0,0,0,1.1669757750610092,1.1623834983287258,1.17361,1.15736,1.171,0,0
2025-09-09T07:00:00+0700,1.17595,1.1779600000000001,1.17033,1.17084,43636,0.007630000000000026,0.008072142857142877,0.007630000000000026,0.005109999999999948,0.0020100000000000673,0.0005100000000000104,0.06684141546526982,1,0,,0,0,0,0,1.1673437964837703,1.1627151258452464,1.17649,1.16077,1.17616,1,0
2025-09-10T07:00:00+0700,1.1703999999999999,1.17298,1.16822,1.1693500000000001,42513,0.0047599999999998754,0.007972142857142856,0.0047599999999998754,0.0010499999999997733,0.0025800000000000267,0.0011300000000000754,0.23739495798321533,0,0,,0,0,0,0,1.167534863485316,1.1629753169885702,1.17649,1.16077,1.17616,0,0
2025-09-11T07:00:00+0700,1.16936,1.17455,1.16597,1.17346,45834,0.008580000000000032,0.007445000000000003,0.008580000000000032,0.0040999999999999925,0.0010900000000000354,0.003390000000000004,0.8729603729603693,0,1,,0,0,0,0,1.1680991622010002,1.1633864810282342,1.17649,1.16077,1.17616,0,0
2025-09-12T07:00:00+0700,1.17314,1.17471,1.1701,1.1733500000000001,38537,0.004610000000000003,0.006894285714285726,0.004610000000000003,0.00021000000000004349,0.0013599999999998058,0.0030400000000001537,0.7049891540130575,0,0,,0,0,0,0,1.168599241991381,1.163777207262421,1.17649,1.16077,1.17616,0,0
2025-09-15T07:00:00+0700,1.17269,1.1774,1.17158,1.17599,33887,0.005819999999999936,0.006860000000000009,0.005819999999999936,0.0033000000000000806,0.0014099999999999113,0.0011099999999999444,0.7577319587628992,0,0,,0,0,0,0,1.1693031237064877,1.1642561403109537,1.17649,1.16077,1.17616,1,0
2025-09-16T07:00:00+0700,1.17605,1.1877900000000001,1.17569,1.1865700000000001,46784,0.012100000000000222,0.007199285714285741,0.012100000000000222,0.010520000000000085,0.0012199999999999989,0.000360000000000138,0.8991735537190102,0,0,BOS_UP,1,0,0,0,1.1709475881153937,1.1651311936320927,1.1779600000000001,1.16597,1.17599,0,0
2025-09-17T07:00:00+0700,1.18652,1.1918,1.1807400000000001,1.18121,46889,0.011059999999999848,0.0075021428571428695,0.011059999999999848,0.005309999999999926,0.005279999999999951,0.00046999999999997044,0.042495479204337876,1,0,,0,0,0,0,1.1719249606758324,1.1657617350582852,1.1779600000000001,1.16597,1.17599,0,0
2025-09-18T07:00:00+0700,1.181,1.18478,1.17497,1.17847,51207,0.009809999999999874,0.007787857142857156,0.009809999999999874,0.0025300000000001432,0.0037799999999998946,0.0034999999999998366,0.35677879714575755,0,0,,0,0,0,0,1.1725482977543245,1.1662600983893328,1.1779600000000001,1.16597,1.17599,0,0
2025-09-19T07:00:00+0700,1.17822,1.1792,1.17283,1.17427,46232,0.006369999999999987,0.007867857142857157,0.006369999999999987,0.00395000000000012,0.0009799999999999809,0.0014399999999998858,0.22605965463106575,0,0,,0,0,0,0,1.1727122693967698,1.1665742121779865,1.1779600000000001,1.16597,1.17599,1,0
2025-09-22T07:00:00+0700,1.17379,1.18023,1.17256,1.18008,36067,0.007669999999999844,0.007663571428571421,0.007669999999999844,0.006290000000000129,0.00014999999999987246,0.0012299999999998423,0.9804432855280475,0,1,,0,0,0,0,1.1734139580256489,1.1671038509161047,1.1779600000000001,1.16597,1.17599,0,0
2025-09-23T07:00:00+0700,1.17937,1.1819600000000001,1.17777,1.18132,41796,0.004190000000000138,0.0074350000000000015,0.004190000000000138,0.0019499999999998963,0.000640000000000196,0.0016000000000000458,0.8472553699283593,1,0,,0,0,0,0,1.1741669144041587,1.1676613469586103,1.1918,1.17256,1.18008,0,0
2025-09-24T07:00:00+0700,1.18113,1.18185,1.17276,1.1737,41461,0.009090000000000042,0.007802142857142853,0.009090000000000042,0.007430000000000048,0.0007200000000000539,0.0009399999999999409,0.10341034103409642,0,0,,0,0,0,0,1.1741224463656672,1.167898156881802,1.1918,1.17256,1.18008,0,0
2025-09-25T07:00:00+0700,1.17367,1.17535,1.16451,1.16642,44746,0.01083999999999996,0.00776499999999999,0.01083999999999996,0.007249999999999979,0.0016799999999999038,0.0019100000000000783,0.17619926199262778,0,1,,0,0,0,0,1.1733888800451275,1.1678401899452608,1.1918,1.17256,1.18008,0,0
2025-09-26T07:00:00+0700,1.16564,1.1706699999999999,1.16564,1.16986,41960,0.005029999999999868,0.007682857142857118,0.005029999999999868,0.0042199999999998905,0.0008099999999999774,0.0,0.8389662027833005,0,0,,0,0,0,0,1.1730527962313058,1.1679193981827016,1.1918,1.17256,1.18008,0,0
2025-09-29T07:00:00+0700,1.16975,1.1754,1.16975,1.17256,37245,0.005649999999999933,0.00754142857142854,0.005649999999999933,0.002809999999999979,0.0028399999999999537,0.0,0.49734513274336506,0,0,,0,0,0,0,1.1730058632568958,1.1681013825676938,1.1918,1.17256,1.18008,0,0
2025-09-30T07:00:00+0700,1.17233,1.1761,1.17117,1.17324,41193,0.004929999999999879,0.007553571428571397,0.004929999999999879,0.0009099999999999664,0.0028599999999998627,0.0011600000000000499,0.41987829614605826,0,0,,0,0,0,0,1.1730281619943341,1.168302896976804,1.1819600000000001,1.16451,1.17256,0,0
2025-10-01T07:00:00+0700,1.17319,1.17782,1.17151,1.17294,49831,0.006310000000000038,0.007391428571428541,0.006310000000000038,0.00024999999999986144,0.004630000000000134,0.0014300000000000423,0.22662440570523515,1,0,,0,0,0,0,1.1730197656139214,1.1684847441541841,1.1819600000000001,1.16451,1.17256,0,0
2025-10-02T07:00:00+0700,1.17275,1.17577,1.16827,1.17148,39029,0.007500000000000062,0.007597857142857116,0.007500000000000062,0.0012699999999998823,0.0030200000000000227,0.003210000000000157,0.4280000000000174,0,0,,0,0,0,0,1.1728731212697383,1.1686022051677456,1.1819600000000001,1.16451,1.17256,0,0
2025-10-03T07:00:00+0700,1.1713,1.17586,1.17129,1.1740599999999999,35783,0.004569999999999963,0.007508571428571404,0.004569999999999963,0.0027599999999998737,0.0018000000000000238,1.0000000000065512e-05,0.6061269146608231,0,0,,0,0,0,0,1.1729861573392872,1.168816236337638,1.1819600000000001,1.16451,1.17256,0,0
2025-10-06T07:00:00+0700,1.1718600000000001,1.17303,1.16514,1.17111,46613,0.008919999999999817,0.007281428571428518,0.007889999999999953,0.0007500000000000284,0.0011699999999998933,0.005970000000000031,0.7566539923954457,0,0,,0,0,0,0,1.1728074756879268,1.168906187853809,1.1819600000000001,1.16451,1.17256,0,0
2025-10-07T07:00:00+0700,1.17062,1.17141,1.16472,1.16564,39023,0.006690000000000085,0.006969285714285678,0.006690000000000085,0.0049799999999999844,0.0007900000000000684,0.0009200000000000319,0.1375186846038894,0,0,,0,0,0,0,1.1721248589557434,1.1687781020556205,1.17782,1.16514,1.17111,0,1
2025-10-08T07:00:00+0700,1.16564,1.16607,1.1598,1.16272,43074,0.006269999999999998,0.006716428571428544,0.006269999999999998,0.0029200000000000337,0.00042999999999993044,0.0029200000000000337,0.4657097288676291,0,0,CHOCH_DN,0,0,0,1,1.1712291581028154,1.1685405294259883,1.17782,1.16514,1.17111,0,0
2025-10-09T07:00:00+0700,1.16226,1.16476,1.15416,1.15629,50286,0.010599999999999943,0.0070185714285713975,0.010599999999999943,0.005970000000000031,0.0024999999999999467,0.0021299999999999653,0.2009433962264129,0,1,,0,0,0,0,1.1698063811406425,1.168060116507322,1.17782,1.16514,1.17111,0,0
2025-10-10T07:00:00+0700,1.15527,1.1630099999999999,1.15527,1.16173,47388,0.007739999999999858,0.007023571428571399,0.007739999999999858,0.00645999999999991,0.0012799999999999478,0.0,0.8346253229974198,0,0,,0,0,0,0,1.1690372019843909,1.16781187664429,1.17782,1.16514,1.17111,0,0
2025-10-13T07:00:00+0700,1.16106,1.16293,1.15571,1.1569,43319,0.007220000000000004,0.007239999999999961,0.007220000000000004,0.0041599999999999415,0.0018700000000000383,0.0011900000000000244,0.16481994459834123,0,0,,0,0,0,0,1.1678812779858774,1.1673839599131413,1.17782,1.16514,1.17111,0,0
2025-10-14T07:00:00+0700,1.15668,1.16143,1.15419,1.16066,53082,0.007239999999999913,0.007107857142857095,0.007239999999999913,0.003980000000000095,0.0007699999999999374,0.002489999999999881,0.8936464088397864,0,1,,0,0,0,0,1.1671935372253175,1.1671202752106653,1.17141,1.15416,1.1569,0,0
2025-10-15T07:00:00+0700,1.16048,1.16472,1.16013,1.16458,43536,0.004589999999999872,0.006661428571428517,0.004589999999999872,0.0040999999999999925,0.000140000000000029,0.00034999999999985043,0.9694989106753741,0,0,,0,0,0,0,1.1669446289181444,1.167020656574953,1.17141,1.15416,1.1569,0,0
2025-10-16T07:00:00+0700,1.16419,1.16936,1.16406,1.16861,49328,0.00529999999999986,0.00668071428571423,0.00529999999999986,0.0044199999999998685,0.0007500000000000284,0.00012999999999996348,0.8584905660377268,0,0,,0,0,0,0,1.167103235687845,1.1670829837680923,1.17141,1.15416,1.1569,0,0
2025-10-17T07:00:00+0700,1.16821,1.17279,1.16491,1.16492,50769,0.00788000000000011,0.006839999999999957,0.00788000000000011,0.003290000000000015,0.0045800000000000285,1.0000000000065512e-05,0.00126903553300322,1,0,,0,0,0,0,1.1668953084794789,1.166998160875226,1.17141,1.15416,1.1569,1,0
2025-10-20T07:00:00+0700,1.16621,1.1675,1.16378,1.16397,37262,0.0037199999999999456,0.006753571428571391,0.0037199999999999456,0.0022400000000000198,0.0012900000000000134,0.00018999999999991246,0.05107526881718152,0,0,,0,0,0,0,1.1666167076719096,1.1668794094683543,1.17141,1.15416,1.1569,0,0
2025-10-21T07:00:00+0700,1.16397,1.16547,1.15973,1.15982,43303,0.005740000000000078,0.006712857142857108,0.005740000000000078,0.004149999999999876,0.0015000000000000568,9.000000000014552e-05,0.01567944250873594,0,0,,0,0,0,0,1.165969402179347,1.1666025698813602,1.17279,1.15419,1.16397,0,0
2025-10-22T07:00:00+0700,1.15982,1.1622,1.15764,1.1608100000000001,37917,0.0045599999999998975,0.006502857142857096,0.0045599999999998975,0.0009900000000000464,0.0013899999999997803,0.0021800000000000708,0.6951754385965325,0,1,,0,0,0,0,1.1654780305432186,1.1663754102781698,1.17279,1.15419,1.16397,0,0
2025-10-23T07:00:00+0700,1.16072,1.16196,1.1585,1.16166,31264,0.0034600000000000186,0.006423571428571385,0.0034600000000000186,0.0009399999999999409,0.000300000000000189,0.0022199999999998887,0.9132947976878071,0,0,,0,0,0,0,1.1651144085867216,1.1661904922280457,1.17279,1.15419,1.16397,0,0
2025-10-24T07:00:00+0700,1.1614,1.16475,1.16004,1.16248,36396,0.004709999999999992,0.006122857142857112,0.004709999999999992,0.0010799999999999699,0.0022699999999999942,0.0013600000000000279,0.5180467091295121,0,0,,0,0,0,0,1.1648635125308433,1.1660449827289068,1.17279,1.15419,1.16397,0,0
2025-10-27T07:00:00+0700,1.16339,1.16516,1.16172,1.16428,31915,0.0034399999999998876,0.005890714285714241,0.0034399999999998876,0.0008900000000000574,0.0008799999999999919,0.0016699999999998383,0.7441860465116219,0,0,,0,0,0,0,1.1648079399088582,1.16597576771993,1.17279,1.15419,1.16397,0,0
2025-10-28T07:00:00+0700,1.16429,1.16683,1.16251,1.16506,35539,0.0043200000000001015,0.005751428571428534,0.0043200000000001015,0.0007699999999999374,0.0017700000000000493,0.0017800000000001148,0.590277777777776,1,0,,0,0,0,0,1.1648319456318241,1.165939855260325,1.16547,1.15764,1.16428,1,0
2025-10-29T07:00:00+0700,1.16496,1.16655,1.15772,1.15994,44610,0.008829999999999893,0.005624999999999959,0.008829999999999893,0.0050200000000000244,0.0015899999999999803,0.0022199999999998887,0.2514156285390618,0,0,,0,0,0,0,1.1643660460478409,1.1657045668187438,1.16547,1.15764,1.16428,1,0
2025-10-30T07:00:00+0700,1.15997,1.16369,1.15466,1.15635,44710,0.009029999999999871,0.005717142857142817,0.009029999999999871,0.0036199999999999566,0.0037199999999999456,0.0016899999999999693,0.18715393133997713,0,0,BOS_DN,0,1,0,0,1.1636026130909036,1.165337721061146,1.16547,1.15764,1.16428,0,0
2025-10-31T07:00:00+0700,1.15632,1.15771,1.15211,1.15347,35246,0.005600000000000049,0.005601428571428535,0.005600000000000049,0.002850000000000019,0.0013900000000000023,0.0013600000000000279,0.24285714285714569,0,0,BOS_DN,0,1,0,0,1.1626376023203413,1.1648723202352187,1.16547,1.15764,1.16428,0,0
2025-11-03T07:00:00+0700,1.15293,1.15408,1.1504699999999999,1.15176,33246,0.003610000000000113,0.005342142857142835,0.003610000000000113,0.0011700000000001154,0.0011499999999999844,0.0012900000000000134,0.35734072022159913,0,0,BOS_DN,0,1,0,0,1.1616016401945946,1.1643581115985435,1.16547,1.15764,1.16428,0,0
2025-11-04T07:00:00+0700,1.15164,1.15331,1.14727,1.14812,34202,0.006040000000000045,0.005445714285714276,0.006040000000000045,0.0035199999999999676,0.0016700000000000603,0.0008500000000000174,0.14072847682119388,0,0,BOS_DN,0,1,0,0,1.160317674461776,1.1637213229084047,1.16683,1.1504699999999999,1.15176,0,0
2025-11-05T07:00:00+0700,1.14808,1.14975,1.14685,1.1491500000000001,32760,0.0029000000000001247,0.0052742857142857235,0.0029000000000001247,0.0010700000000001264,0.0005999999999999339,0.0012300000000000644,0.7931034482758937,0,1,,0,0,0,0,1.1592540864177974,1.1631498984806241,1.16683,1.1504699999999999,1.15176,0,0
2025-11-06T07:00:00+0700,1.149,1.15518,1.14889,1.15459,33481,0.006290000000000129,0.005160714285714296,0.006290000000000129,0.005589999999999984,0.0005900000000000905,0.0001100000000000545,0.9062003179650114,0,0,,0,0,0,0,1.1588098877113404,1.1628142161872663,1.16683,1.1504699999999999,1.15176,0,1
2025-11-07T07:00:00+0700,1.15414,1.15906,1.1529099999999999,1.15637,33147,0.0061500000000001,0.005334285714285736,0.0061500000000001,0.0022299999999999542,0.002690000000000081,0.0012300000000000644,0.5626016260162541,0,0,,0,0,0,0,1.1585775174531177,1.1625615018269815,1.16683,1.1504699999999999,1.15176,0,0
2025-11-10T07:00:00+0700,1.15542,1.15825,1.15408,1.1556,33230,0.004170000000000007,0.005222142857142874,0.004170000000000007,0.000180000000000069,0.002650000000000041,0.0013399999999998968,0.3645083932853629,0,0,,0,0,0,0,1.1582939443623446,1.162288501755335,1.16683,1.1504699999999999,1.15176,0,0
2025-11-11T07:00:00+0700,1.15526,1.16053,1.15467,1.15808,31329,0.005859999999999976,0.005315000000000022,0.005859999999999976,0.0028200000000000447,0.0024500000000000632,0.0005899999999998684,0.5819112627986224,0,0,,0,0,0,0,1.158273568708788,1.162123462470812,1.15906,1.14685,1.1556,1,0
2025-11-12T07:00:00+0700,1.15831,1.15973,1.15626,1.15916,30887,0.003469999999999862,0.005315714285714297,0.003469999999999862,0.0008500000000000174,0.0005699999999999594,0.0020499999999998852,0.835734870317008,0,0,,0,0,0,0,1.1583579907365225,1.1620072482562704,1.15906,1.14685,1.1556,0,0
2025-11-13T07:00:00+0700,1.15907,1.16556,1.15785,1.16328,38524,0.007709999999999884,0.005530000000000003,0.007709999999999884,0.004210000000000047,0.0022799999999998377,0.0012199999999999989,0.7042801556420399,1,0,,0,0,0,0,1.1588267535235204,1.1620571600893579,1.15906,1.14685,1.1556,0,0
2025-11-14T07:00:00+0700,1.1629,1.16534,1.16058,1.16196,43201,0.0047600000000000975,0.005624285714285733,0.0047600000000000975,0.0009399999999999409,0.0024399999999999977,0.0013800000000001589,0.28991596638658207,0,0,,0,0,0,0,1.1591251579498518,1.1620533498897754,1.15906,1.14685,1.1556,0,0
2025-11-17T07:00:00+0700,1.16121,1.1623999999999999,1.15814,1.1590799999999999,31291,0.0042599999999999305,0.005620000000000006,0.0042599999999999305,0.0021300000000001873,0.0011899999999998023,0.0009399999999999409,0.2206572769952949,0,0,,0,0,0,0,1.1591208571927232,1.1619367479333136,1.15906,1.14685,1.1556,0,0
2025-11-18T07:00:00+0700,1.15888,1.16074,1.15711,1.15791,36155,0.003630000000000022,0.005248571428571444,0.003630000000000022,0.0009699999999999154,0.0018600000000001948,0.0007999999999999119,0.22038567493110386,0,0,,0,0,0,0,1.1590055374600827,1.1617788362496542,1.16556,1.15467,1.1590799999999999,0,0
2025-11-19T07:00:00+0700,1.15744,1.15968,1.15176,1.15371,38814,0.00792000000000015,0.0051692857142857495,0.00792000000000015,0.003730000000000011,0.0022400000000000198,0.0019500000000001183,0.2462121212121315,0,0,,0,0,0,0,1.1585012005591224,1.1614624112986875,1.16556,1.15467,1.1590799999999999,0,0
2025-11-20T07:00:00+0700,1.15367,1.15495,1.15014,1.15271,42724,0.004809999999999981,0.005112857142857173,0.004809999999999981,0.0009600000000000719,0.0012799999999999478,0.002569999999999961,0.5343035343035284,0,0,,0,0,0,0,1.1579496576487296,1.1611191794830529,1.16556,1.15467,1.1590799999999999,0,0
2025-11-21T07:00:00+0700,1.15236,1.1552,1.14907,1.15118,44332,0.006129999999999969,0.0052928571428571625,0.006129999999999969,0.0011799999999999589,0.0028399999999999537,0.0021100000000000563,0.34420880913541063,0,1,,0,0,0,0,1.1573049283488506,1.1607294077386194,1.16556,1.15467,1.1590799999999999,0,0
2025-11-24T07:00:00+0700,1.15103,1.155,1.15014,1.15199,31031,0.0048600000000000865,0.005208571428571451,0.0048600000000000865,0.0009600000000000719,0.003009999999999957,0.0008900000000000574,0.38065843621401163,0,0,,0,0,0,0,1.156798744696579,1.1603866858665168,1.16556,1.15467,1.1590799999999999,0,0
2025-11-25T07:00:00+0700,1.15176,1.15856,1.15112,1.15682,38510,0.007440000000000113,0.005532857142857165,0.007440000000000113,0.0050600000000000644,0.0017400000000000748,0.0006399999999999739,0.7661290322580581,0,0,,0,0,0,0,1.1568007690111906,1.1602468158325359,1.16074,1.14907,1.15199,0,0
2025-11-26T07:00:00+0700,1.1567,1.16004,1.15467,1.15958,43783,0.005369999999999875,0.0054671428571428605,0.005369999999999875,0.0028799999999999937,0.00045999999999990493,0.0020299999999999763,0.9143389199255278,0,0,,0,0,0,0,1.1570654576767916,1.1602206661920442,1.16074,1.14907,1.15199,0,0
2025-11-27T07:00:00+0700,1.15882,1.16131,1.15761,1.15944,24861,0.0037000000000000366,0.005292142857142856,0.0037000000000000366,0.0006200000000000649,0.0018700000000000383,0.0012099999999999334,0.49459459459458927,0,0,,0,0,0,0,1.1572916045647161,1.160190051831572,1.16074,1.14907,1.15199,1,0
2025-11-28T07:00:00+0700,1.15917,1.16071,1.15546,1.15951,59627,0.005249999999999977,0.005369285714285711,0.005249999999999977,0.00034000000000000696,0.0011999999999998678,0.003710000000000102,0.7714285714285956,0,0,,0,0,0,0,1.1575028803204575,1.1601633831322948,1.16074,1.14907,1.15199,0,0
2025-12-01T07:00:00+0700,1.159,1.16515,1.15889,1.16075,40823,0.006259999999999932,0.0053978571428571365,0.006259999999999932,0.0017499999999999183,0.0043999999999999595,0.0001100000000000545,0.2971246006389765,0,0,,0,0,0,0,1.1578121298137474,1.1601863877153422,1.16074,1.14907,1.15199,0,0
2025-12-02T07:00:00+0700,1.16068,1.16254,1.1590799999999999,1.16236,31070,0.0034600000000000186,0.0053971428571428625,0.0034600000000000186,0.0016800000000001258,0.00017999999999984695,0.0016000000000000458,0.9479768786127613,0,0,,0,0,0,0,1.1582452603076763,1.1602716274127798,1.16515,1.15112,1.16075,0,0
2025-12-03T07:00:00+0700,1.1620300000000001,1.16771,1.16174,1.16698,32980,0.005970000000000031,0.005272857142857158,0.005970000000000031,0.004949999999999788,0.0007300000000001194,0.0002900000000001235,0.8777219430485569,0,0,CHOCH_UP,0,0,1,0,1.1590771402783737,1.1605347008475728,1.16515,1.15112,1.16075,0,0
2025-12-04T07:00:00+0700,1.16645,1.16815,1.16406,1.16435,32853,0.004089999999999927,0.005225000000000003,0.004089999999999927,0.0020999999999999908,0.0017000000000000348,0.00028999999999990145,0.07090464547674978,1,0,,0,0,0,0,1.159579317394719,1.160684320422178,1.16515,1.15112,1.16075,1,0
2025-12-05T07:00:00+0700,1.16417,1.16713,1.16275,1.16419,32570,0.0043800000000000505,0.005233571428571441,0.0043800000000000505,2.0000000000131024e-05,0.0029399999999999427,0.0014199999999999768,0.3287671232876921,0,0,,0,0,0,0,1.1600184300237935,1.160821798052681,1.16515,1.15112,1.16075,1,0
2025-12-08T07:00:00+0700,1.16329,1.16717,1.1616,1.16357,39075,0.005570000000000075,0.005372142857142873,0.005570000000000075,0.000280000000000058,0.0036000000000000476,0.0016899999999999693,0.3536804308797129,0,0,,0,0,0,0,1.1603566747834322,1.160929570678066,1.16515,1.15112,1.16075,1,0
2025-12-09T07:00:00+0700,1.16316,1.16568,1.16146,1.16251,35326,0.0042200000000001125,0.005107857142857156,0.0042200000000001125,0.0006500000000000394,0.0025200000000000777,0.0010499999999999954,0.24881516587676952,0,1,,0,0,0,0,1.1605617533754862,1.160991548298534,1.16815,1.1590799999999999,1.16357,0,0
2025-12-10T07:00:00+0700,1.1625,1.16993,1.1621299999999999,1.16942,40697,0.007800000000000029,0.005321428571428588,0.007800000000000029,0.006919999999999815,0.0005100000000000104,0.0003700000000002035,0.9346153846153835,0,0,BOS_UP,1,0,0,0,1.161405395911154,1.1613220758162386,1.16815,1.1590799999999999,1.16357,0,0
2025-12-11T07:00:00+0700,1.16936,1.1762299999999999,1.16818,1.17374,39464,0.00804999999999989,0.005458571428571439,0.00804999999999989,0.0043800000000000505,0.002489999999999881,0.0011799999999999589,0.6906832298136751,0,0,BOS_UP,1,0,0,0,1.1625801201100918,1.1618090532352097,1.16815,1.1590799999999999,1.16357,0,0
2025-12-12T07:00:00+0700,1.17382,1.17494,1.17191,1.17385,35031,0.003030000000000088,0.005327857142857154,0.003030000000000088,2.999999999997449e-05,0.0010900000000000354,0.0019100000000000783,0.640264026402639,0,0,BOS_UP,1,0,0,0,1.1636534420043687,1.1622812472259858,1.16815,1.1590799999999999,1.16357,0,0
2025-12-15T07:00:00+0700,1.17298,1.1768399999999999,1.17259,1.17522,33924,0.004249999999999865,0.005099999999999993,0.004249999999999865,0.0022400000000000198,0.0016199999999999548,0.00038999999999989043,0.6188235294117632,0,0,BOS_UP,1,0,0,0,1.1647550189563336,1.162788649295555,1.16815,1.1590799999999999,1.16357,0,0
2025-12-16T07:00:00+0700,1.17494,1.18035,1.17346,1.17456,41798,0.006890000000000063,0.005208571428571436,0.006890000000000063,0.00038000000000004697,0.005409999999999915,0.001100000000000101,0.15965166908564454,1,0,,0,0,0,0,1.165688826674778,1.1632502708918078,1.1768399999999999,1.16146,1.17522,1,0
2025-12-17T07:00:00+0700,1.17451,1.17576,1.17027,1.17392,39812,0.005489999999999995,0.005336428571428575,0.005489999999999995,0.0005899999999998684,0.0012499999999999734,0.003650000000000153,0.6648451730419228,0,0,,0,0,0,0,1.1664727479438468,1.1636686916411485,1.1768399999999999,1.16146,1.17522,0,0
2025-12-18T07:00:00+0700,1.17372,1.17621,1.17122,1.17224,39466,0.00499000000000005,0.005317857142857152,0.00499000000000005,0.0014800000000001479,0.002489999999999881,0.0010200000000000209,0.2044088176352727,0,0,,0,0,0,0,1.1670220100444328,1.1640048213807113,1.1768399999999999,1.16146,1.17522,0,0
2025-12-19T07:00:00+0700,1.17156,1.17373,1.17024,1.17068,35931,0.003489999999999993,0.005120000000000013,0.003489999999999993,0.0008799999999999919,0.0021700000000000053,0.00043999999999999595,0.12607449856733433,0,1,,0,0,0,0,1.167370390040201,1.1642665930912717,1.1768399999999999,1.16146,1.17522,0,0
2025-12-22T07:00:00+0700,1.17139,1.17689,1.17056,1.17604,30934,0.006329999999999947,0.0053250000000000085,0.006329999999999947,0.004650000000000043,0.0008500000000000174,0.0008299999999998864,0.8657187993680846,0,0,,0,0,0,0,1.1681960671792295,1.1647282953229865,1.1768399999999999,1.16146,1.17522,1,0
2025-12-23T07:00:00+0700,1.17533,1.18015,1.1752,1.1791800000000001,40453,0.00495000000000001,0.005252142857142864,0.00495000000000001,0.003850000000000131,0.0009699999999999154,0.00012999999999996348,0.8040404040404215,0,0,,0,0,0,0,1.169242156019303,1.1652950288397321,1.18035,1.17024,1.17604,0,0
2025-12-24T07:00:00+0700,1.1789399999999999,1.18075,1.17722,1.17758,34644,0.003530000000000033,0.005212142857142872,0.003530000000000033,0.0013599999999998058,0.0018100000000000893,0.000360000000000138,0.10198300283289932,1,0,,0,0,0,0,1.170036236398417,1.1657767924146447,1.18035,1.17024,1.17604,1,0
2025-12-26T07:00:00+0700,1.17765,1.17963,1.17611,1.17695,37232,0.0035199999999999676,0.005150714285714294,0.0035199999999999676,0.000700000000000145,0.0019799999999998708,0.0008399999999999519,0.23863636363635216,0,0,,0,0,0,0,1.1706946900747581,1.166214957417992,1.18035,1.17024,1.17604,0,0
2025-12-29T07:00:00+0700,1.17633,1.17886,1.1749,1.17708,35371,0.0039599999999999635,0.005035714285714287,0.0039599999999999635,0.0007499999999998064,0.0017800000000001148,0.0014300000000000423,0.5505050505050174,0,0,,0,0,0,0,1.171302814829543,1.1666410375192473,1.18035,1.17024,1.17604,0,0
2025-12-30T07:00:00+0700,1.1766,1.17794,1.17429,1.17464,30913,0.003649999999999931,0.004994999999999987,0.003649999999999931,0.001960000000000184,0.0013399999999998968,0.00034999999999985043,0.09589041095886494,0,0,,0,0,0,0,1.1716206419886341,1.1669547223224142,1.18075,1.1749,1.17708,0,0
2025-12-31T07:00:00+0700,1.17421,1.1759,1.17196,1.17444,32454,0.003940000000000055,0.004719285714285704,0.003940000000000055,0.00022999999999995246,0.0014600000000000168,0.0022500000000000853,0.6294416243654831,0,0,,0,0,0,0,1.171889152275431,1.1672482626234961,1.18075,1.1749,1.17708,0,0
2026-01-02T07:00:00+0700,1.17447,1.17645,1.17129,1.17183,31850,0.005160000000000053,0.004512857142857144,0.005160000000000053,0.0026399999999999757,0.001980000000000093,0.0005399999999999849,0.10465116279069367,0,0,,0,0,0,0,1.1718835187253898,1.1674279385990454,1.18075,1.1749,1.17708,0,0
2026-01-05T07:00:00+0700,1.17185,1.17283,1.16585,1.17202,40823,0.006979999999999986,0.004794999999999994,0.006979999999999986,0.00017000000000000348,0.0008099999999999774,0.006000000000000005,0.8839541547277967,0,1,,0,0,0,0,1.1718965169420192,1.1676080194382985,1.18075,1.1749,1.17708,0,0
2026-01-06T07:00:00+0700,1.17175,1.17424,1.16834,1.16872,37161,0.005900000000000016,0.004912857142857148,0.005900000000000016,0.003030000000000088,0.002489999999999881,0.00038000000000004697,0.06440677966102473,0,0,,0,0,0,0,1.1715939915189697,1.1676516265191497,1.17794,1.16585,1.17202,0,0
2026-01-07T07:00:00+0700,1.1684,1.17023,1.16724,1.16744,34849,0.002990000000000048,0.0046342857142857175,0.002990000000000048,0.0009600000000000719,0.0018299999999999983,0.00019999999999997797,0.06688963210701497,0,0,,0,0,0,0,1.1711983732790678,1.1676433274399673,1.17794,1.16585,1.17202,0,0
2026-01-08T07:00:00+0700,1.16729,1.16825,1.16422,1.16571,31922,0.004029999999999978,0.004530000000000002,0.004029999999999978,0.0015799999999999148,0.0009600000000000719,0.0014899999999999913,0.36972704714640187,0,0,CHOCH_DN,0,0,0,1,1.1706756710620136,1.1675675106776158,1.17794,1.16585,1.17202,0,0
2026-01-09T07:00:00+0700,1.16562,1.16619,1.16177,1.16317,36406,0.0044200000000000905,0.004489285714285719,0.0044200000000000905,0.0024500000000000632,0.0005699999999999594,0.0014000000000000679,0.31674208144797267,0,1,,0,0,0,0,1.1699608452465837,1.1673950592784936,1.17794,1.16585,1.17202,0,0
2026-01-12T07:00:00+0700,1.16268,1.16981,1.16212,1.16649,36709,0.007689999999999975,0.004789285714285718,0.007689999999999975,0.003810000000000091,0.0033199999999999896,0.0005599999999998939,0.5682704811443432,1,0,,0,0,0,0,1.169630288556433,1.1673595667577685,1.17794,1.16585,1.17202,0,1
2026-01-13T07:00:00+0700,1.16661,1.16771,1.16337,1.16414,35271,0.0043400000000000105,0.004647142857142865,0.0043400000000000105,0.0024699999999999722,0.001100000000000101,0.0007699999999999374,0.17741935483869484,0,0,,0,0,0,0,1.1691074039320108,1.167233309237856,1.17424,1.16177,1.16649,0,0
2026-01-14T07:00:00+0700,1.16402,1.16612,1.1635,1.1644,34032,0.0026200000000000667,0.004480714285714298,0.0026200000000000667,0.00038000000000004697,0.0017199999999999438,0.000520000000000076,0.34351145038171754,0,0,,0,0,0,0,1.1686590797480099,1.1671221990716656,1.17424,1.16177,1.16649,0,0
2026-01-15T07:00:00+0700,1.16435,1.16465,1.15926,1.16083,33592,0.005390000000000006,0.004613571428571439,0.005390000000000006,0.0035199999999999676,0.00029999999999996696,0.0015700000000000713,0.29128014842301847,0,0,BOS_DN,0,1,0,0,1.1679134531053423,1.1668754461668946,1.17424,1.16177,1.16649,0,0
2026-01-16T07:00:00+0700,1.16036,1.16269,1.15841,1.15972,33625,0.0042800000000000615,0.00466785714285716,0.0042800000000000615,0.0006399999999999739,0.0023299999999999432,0.0013100000000001444,0.3060747663551695,0,0,BOS_DN,0,1,0,0,1.1671331242381668,1.1665948404348596,1.17424,1.16177,1.16649,0,0
2026-01-19T07:00:00+0700,1.15786,1.16483,1.15767,1.1644700000000001,32387,0.007160000000000055,0.004896428571428595,0.007160000000000055,0.006610000000000227,0.00035999999999991594,0.00018999999999991246,0.9497206703910736,0,1,,0,0,0,0,1.1668794933583415,1.1665115133589827,1.17424,1.16177,1.16649,0,1
2026-01-20T07:00:00+0700,1.16413,1.1768,1.16322,1.1724999999999999,49056,0.013580000000000148,0.005605714285714325,0.013580000000000148,0.008369999999999767,0.0043000000000001926,0.0009100000000001884,0.6833578792341571,1,0,,0,0,0,0,1.1674147797051662,1.1667463559723559,1.16771,1.15767,1.1644700000000001,0,0
2026-01-21T07:00:00+0700,1.17177,1.17426,1.16757,1.1686,45223,0.006690000000000085,0.005802142857142899,0.006690000000000085,0.003169999999999895,0.0024900000000001032,0.0010300000000000864,0.15396113602392725,0,0,,0,0,0,0,1.1675276578284837,1.1668190478950087,1.16771,1.15767,1.1644700000000001,0,0
2026-01-22T07:00:00+0700,1.168,1.17551,1.16696,1.17536,37002,0.008550000000000058,0.006044285714285756,0.008550000000000058,0.007360000000000033,0.0001500000000000945,0.0010399999999999299,0.9824561403508663,0,0,,0,0,0,0,1.168273595178152,1.1671539871932437,1.16771,1.15767,1.1644700000000001,0,0
2026-01-23T07:00:00+0700,1.17479,1.18332,1.17278,1.18273,43852,0.010539999999999994,0.006298571428571471,0.010539999999999994,0.007940000000000058,0.0005899999999998684,0.0020100000000000673,0.9440227703984945,0,0,CHOCH_UP,0,0,1,0,1.1696503956373756,1.167764811224881,1.16771,1.15767,1.1644700000000001,0,0
2026-01-26T07:00:00+0700,1.1859899999999999,1.19066,1.1834500000000001,1.18786,59293,0.007929999999999993,0.0064435714285714695,0.007209999999999939,0.0018700000000000383,0.0028000000000001357,0.0025399999999997647,0.6116504854368711,0,0,BOS_UP,1,0,0,0,1.1713846436719113,1.1685528578435131,1.16771,1.15767,1.1644700000000001,0,0
2026-01-27T07:00:00+0700,1.18715,1.20819,1.185,1.20389,60773,0.023190000000000044,0.007886428571428612,0.023190000000000044,0.016739999999999977,0.0043000000000001926,0.0021499999999998742,0.8145752479516953,1,0,,0,0,0,0,1.174480391893634,1.1699386281241597,1.19066,1.16322,1.18786,0,0
2026-01-28T07:00:00+0700,1.2036,1.2044,1.18953,1.1952,66284,0.014869999999999939,0.008660714285714324,0.014869999999999939,0.008399999999999963,0.0007999999999999119,0.005670000000000064,0.38130464021520427,0,0,,0,0,0,0,1.176453687903764,1.1709292701585066,1.19066,1.16322,1.18786,0,0
2026-01-29T07:00:00+0700,1.19527,1.19961,1.19056,1.19692,66018,0.009050000000000002,0.008991428571428603,0.009050000000000002,0.0016499999999999293,0.002690000000000081,0.004709999999999992,0.7027624309392176,0,0,,0,0,0,0,1.1784028604843577,1.171948514466016,1.19066,1.16322,1.18786,0,0
2026-01-30T07:00:00+0700,1.19621,1.19742,1.18488,1.1849,81380,0.012539999999999996,0.009337857142857175,0.012539999999999996,0.011309999999999931,0.0012099999999999334,2.0000000000131024e-05,0.0015948963317488861,0,0,,0,0,0,0,1.1790216356763237,1.1724564158595057,1.19066,1.16322,1.18786,1,0
2026-02-02T07:00:00+0700,1.1849,1.18743,1.17755,1.17892,70012,0.009879999999999889,0.009733571428571453,0.009879999999999889,0.005980000000000096,0.002529999999999921,0.0013699999999998713,0.13866396761132457,0,1,,0,0,0,0,1.1790119560881025,1.1727098897473682,1.19066,1.16322,1.18786,0,0
2026-02-03T07:00:00+0700,1.17812,1.1828400000000001,1.1779600000000001,1.1817199999999999,50939,0.0048799999999999955,0.009895000000000018,0.0048799999999999955,0.0035999999999998256,0.001120000000000232,0.00015999999999993797,0.7704918032786408,0,0,,0,0,0,0,1.1792698650320927,1.1730632274043342,1.20819,1.17755,1.17892,0,0
2026-02-04T07:00:00+0700,1.1813500000000001,1.18375,1.179,1.18041,49437,0.004750000000000032,0.009849285714285736,0.004750000000000032,0.0009400000000001629,0.0023999999999999577,0.0014099999999999113,0.2968421052631372,0,0,,0,0,0,0,1.1793784493147506,1.1733513361335761,1.20819,1.17755,1.17892,0,0
2026-02-05T07:00:00+0700,1.18008,1.18082,1.17824,1.17922,18642,0.0025800000000000267,0.009727857142857161,0.0025800000000000267,0.0008600000000000829,0.0007399999999999629,0.0009799999999999809,0.37984496124029876,0,0,,0,0,0,0,1.179363358903822,1.1735814798146125,1.20819,1.17755,1.17892,0,0
