time_th,open,high,low,close,tick_volume,tr,atr14,range,body,upper_wick,lower_wick,close_pos,swing_high,swing_low,structure_event,bos_up,bos_dn,choch_up,choch_dn,ema20,ema50,pdh,pdl,pdc,sweep_prev_high,sweep_prev_low
2025-11-03T07:00:00+0700,1.15293,1.15373,1.15211,1.15266,5487,0.0016199999999999548,0.0016199999999999548,0.0016199999999999548,0.00026999999999999247,0.0007999999999999119,0.0005500000000000504,0.33950617283954676,0,0,,0,0,0,0,1.15266,1.15266,,,,0,0
2025-11-03T11:00:00+0700,1.15266,1.15371,1.15259,1.15346,2915,0.0011200000000000099,0.001584285714285673,0.0011200000000000099,0.0007999999999999119,0.0002500000000000835,7.00000000000145e-05,0.7767857142856417,0,0,,0,0,0,0,1.1527361904761906,1.1526913725490195,,,,0,0
2025-11-03T15:00:00+0700,1.15346,1.15408,1.15093,1.15139,6113,0.003149999999999986,0.0016961224489795527,0.003149999999999986,0.0020700000000000163,0.0006200000000000649,0.00045999999999990493,0.14603174603171648,1,0,,0,0,0,0,1.1526079818594104,1.152640338331411,,,,0,0
2025-11-03T19:00:00+0700,1.15139,1.15215,1.15054,1.15106,6642,0.0016100000000001113,0.0016899708454810212,0.0016100000000001113,0.00032999999999994145,0.0007600000000000939,0.000520000000000076,0.3229813664596522,0,0,,0,0,0,0,1.152460555015657,1.1525783642791987,,,,0,0
2025-11-03T23:00:00+0700,1.15106,1.15373,1.1504699999999999,1.15266,8621,0.0032600000000000406,0.0018021157850895227,0.0032600000000000406,0.0016000000000000458,0.0010699999999999044,0.0005900000000000905,0.6717791411043279,0,0,,0,0,0,0,1.1524795497760707,1.1525815656800145,,,,0,0
2025-11-04T03:00:00+0700,1.15267,1.15305,1.15154,1.15176,3468,0.0015099999999999003,0.0017812503718688353,0.0015099999999999003,0.0009100000000001884,0.0003799999999998249,0.00021999999999988695,0.14569536423834534,0,0,,0,0,0,0,1.1524110212259686,1.152549347418053,1.15408,1.1504699999999999,1.15266,0,0
2025-11-04T07:00:00+0700,1.15164,1.15204,1.14978,1.15095,3581,0.0022599999999999287,0.001815446773878199,0.0022599999999999287,0.0006900000000000794,0.00039999999999995595,0.0011699999999998933,0.517699115044217,0,1,,0,0,0,0,1.152271876347305,1.1524866279114627,1.15408,1.1504699999999999,1.15266,0,1
2025-11-04T11:00:00+0700,1.15095,1.15171,1.15045,1.15121,3789,0.0012600000000000389,0.0017757720043154734,0.0012600000000000389,0.000260000000000149,0.0004999999999999449,0.0004999999999999449,0.6031746031746591,0,0,,0,0,0,0,1.1521707452666092,1.1524365640717975,1.15408,1.1504699999999999,1.15266,0,1
2025-11-04T15:00:00+0700,1.15121,1.15331,1.14995,1.15006,7612,0.0033600000000000296,0.0018889311468643704,0.0033600000000000296,0.0011499999999999844,0.0020999999999999908,0.0001100000000000545,0.03273809523811117,1,0,,0,0,0,0,1.1519697219078844,1.1523433654807467,1.15408,1.1504699999999999,1.15266,0,0
2025-11-04T19:00:00+0700,1.15006,1.15095,1.14764,1.14917,6967,0.003309999999999924,0.0019904360649454812,0.003309999999999924,0.0008900000000000574,0.0008899999999998354,0.0015300000000000313,0.46223564954684787,0,0,BOS_DN,0,1,0,0,1.151703081726181,1.1522189197756194,1.15408,1.1504699999999999,1.15266,0,0
2025-11-04T23:00:00+0700,1.1491500000000001,1.14963,1.14727,1.14835,8249,0.0023599999999999177,0.002016833488877941,0.0023599999999999177,0.0008000000000001339,0.0004799999999998139,0.0010799999999999699,0.45762711864407096,0,1,,0,0,0,0,1.1513837406094019,1.1520671974314773,1.15408,1.1504699999999999,1.15266,0,0
2025-11-05T03:00:00+0700,1.14835,1.14867,1.14747,1.14812,4004,0.0012000000000000899,0.0019584882396723804,0.0012000000000000899,0.00022999999999995246,0.000320000000000098,0.0006500000000000394,0.541666666666659,0,0,,0,0,0,0,1.1510729081704112,1.1519124053753411,1.15331,1.14727,1.14835,0,0
2025-11-05T07:00:00+0700,1.14808,1.14975,1.14782,1.1489,4039,0.0019299999999999873,0.0019564533654100667,0.0019299999999999873,0.0008200000000000429,0.0008500000000000174,0.00025999999999992696,0.5595854922279674,1,0,,0,0,0,0,1.1508659645351338,1.15179427183121,1.15331,1.14727,1.14835,0,0
2025-11-05T11:00:00+0700,1.14894,1.14937,1.14846,1.14913,3608,0.0009099999999999664,0.0018817066964522025,0.0009099999999999664,0.00018999999999991246,0.00024000000000001798,0.00048000000000003595,0.7362637362637068,0,0,,0,0,0,0,1.1507006345794066,1.1516897905829273,1.15331,1.14727,1.14835,0,0
2025-11-05T15:00:00+0700,1.14913,1.1494900000000001,1.1481,1.1484,5378,0.0013900000000002244,0.0018465847895627755,0.0013900000000002244,0.0007299999999998974,0.000360000000000138,0.000300000000000189,0.21582733812959753,0,0,,0,0,0,0,1.1504815265242252,1.1515607791875184,1.15331,1.14727,1.14835,0,0
2025-11-05T19:00:00+0700,1.1484,1.1493,1.14724,1.14733,6347,0.0020599999999999508,0.001861828733165431,0.0020599999999999508,0.0010700000000001264,0.0008999999999999009,8.999999999992347e-05,0.04368932038831341,0,0,,0,0,0,0,1.1501813811409656,1.151394866278204,1.15331,1.14727,1.14835,0,1
2025-11-05T23:00:00+0700,1.1473,1.14926,1.14685,1.148,10062,0.0024100000000000232,0.0019009838236536162,0.0024100000000000232,0.0006999999999999229,0.0012600000000000389,0.00045000000000006146,0.47717842323650345,0,1,,0,0,0,0,1.1499736305561117,1.1512617342672942,1.15331,1.14727,1.14835,0,1
2025-11-06T03:00:00+0700,1.148,1.14939,1.14783,1.1491500000000001,3326,0.0015600000000000058,0.001876627836249787,0.0015600000000000058,0.0011500000000002064,0.00023999999999979593,0.00017000000000000348,0.8461538461539776,0,0,,0,0,0,0,1.1498951895507679,1.1511789211587728,1.14975,1.14685,1.148,0,0
2025-11-06T07:00:00+0700,1.149,1.15085,1.14889,1.15068,2959,0.0019599999999999618,0.001882582990803371,0.0019599999999999618,0.0016799999999999038,0.00017000000000000348,0.0001100000000000545,0.9132653061224455,0,0,CHOCH_UP,0,0,1,0,1.1499699334030757,1.1511593556231348,1.14975,1.14685,1.148,0,0
2025-11-06T11:00:00+0700,1.15067,1.15106,1.15028,1.15097,2585,0.0007800000000000029,0.0018038270628888448,0.0007800000000000029,0.00029999999999996696,8.999999999992347e-05,0.0003900000000001125,0.8846153846154832,0,0,BOS_UP,1,0,0,0,1.1500651778408781,1.1511519299124235,1.14975,1.14685,1.148,0,0
2025-11-06T15:00:00+0700,1.15097,1.15233,1.15048,1.15131,6026,0.0018500000000001293,0.001807125129825365,0.0018500000000001293,0.00034000000000000696,0.0010200000000000209,0.0004900000000001015,0.4486486486486759,0,0,BOS_UP,1,0,0,0,1.150183732332223,1.1511581287393873,1.14975,1.14685,1.148,0,0
2025-11-06T19:00:00+0700,1.15131,1.15436,1.1509800000000001,1.15351,7244,0.0033799999999999386,0.0019194733348378346,0.0033799999999999386,0.0021999999999999797,0.0008500000000000174,0.00032999999999994145,0.7485207100591619,0,0,BOS_UP,1,0,0,0,1.1505005197291542,1.1512503589849015,1.14975,1.14685,1.148,0,0
2025-11-06T23:00:00+0700,1.15351,1.15424,1.15186,1.1540300000000001,10366,0.0023799999999998267,0.00195236809663512,0.0023799999999998267,0.000520000000000076,0.00020999999999982144,0.0016499999999999293,0.9117647058824215,0,0,BOS_UP,1,0,0,0,1.1508366607073302,1.1513593645149054,1.14975,1.14685,1.148,0,0
2025-11-07T03:00:00+0700,1.1540300000000001,1.15518,1.15388,1.15459,4301,0.0013000000000000789,0.0019057703754469027,0.0013000000000000789,0.0005599999999998939,0.0005900000000000905,0.0001500000000000945,0.5461538461538041,1,0,,0,0,0,0,1.1511941215923462,1.1514860561025562,1.15436,1.14783,1.1540300000000001,0,0
2025-11-07T07:00:00+0700,1.15414,1.1551,1.15357,1.15375,4720,0.0015300000000000313,0.0018789296343435548,0.0015300000000000313,0.00038999999999989043,0.0009600000000000719,0.000180000000000069,0.1176470588235721,0,0,,0,0,0,0,1.1514375385835514,1.1515748382161815,1.15436,1.14783,1.1540300000000001,1,0
2025-11-07T11:00:00+0700,1.15375,1.15425,1.15319,1.15336,2992,0.001060000000000061,0.0018204346604618767,0.001060000000000061,0.0003900000000001125,0.0004999999999999449,0.00017000000000000348,0.16037735849056012,0,0,,0,0,0,0,1.1516206301470227,1.1516448445606449,1.15436,1.14783,1.1540300000000001,0,0
2025-11-07T15:00:00+0700,1.15341,1.15418,1.1529099999999999,1.15377,5311,0.0012700000000001044,0.0017811178990003215,0.0012700000000001044,0.00035999999999991594,0.00041000000000002146,0.000500000000000167,0.6771653543307183,0,1,,0,0,0,0,1.1518253320377825,1.1517281839896392,1.15436,1.14783,1.1540300000000001,0,0
2025-11-07T19:00:00+0700,1.15377,1.15692,1.15371,1.15671,7380,0.003209999999999935,0.0018831809062145796,0.003209999999999935,0.0029399999999999427,0.00021000000000004349,5.999999999994898e-05,0.9345794392523216,0,0,BOS_UP,1,0,0,0,1.1522905385103748,1.1519235493233788,1.15436,1.14783,1.1540300000000001,0,0
2025-11-07T23:00:00+0700,1.15671,1.15906,1.15649,1.158,8644,0.002569999999999961,0.0019322394129135355,0.002569999999999961,0.0012900000000000134,0.001060000000000061,0.00021999999999988695,0.5875486381322658,1,0,,0,0,0,0,1.152834296747482,1.1521618415067756,1.15436,1.14783,1.1540300000000001,0,0
2025-11-08T03:00:00+0700,1.158,1.1583,1.15551,1.15637,4100,0.00279000000000007,0.0019935080262768593,0.00279000000000007,0.0016300000000000203,0.000300000000000189,0.0008599999999998609,0.3082437275985087,0,0,,0,0,0,0,1.153171030390579,1.1523268673300393,1.15906,1.1529099999999999,1.158,0,0
2025-11-10T07:00:00+0700,1.15542,1.15599,1.1541,1.15576,5309,0.0022699999999999942,0.002013257452971369,0.0018900000000001693,0.00034000000000000696,0.0002300000000001745,0.0013199999999999878,0.8783068783067969,0,1,,0,0,0,0,1.1534175989248097,1.1524614999837632,1.1583,1.15551,1.15637,0,1
2025-11-10T11:00:00+0700,1.15577,1.1566,1.15509,1.15613,3641,0.0015100000000001224,0.0019773104920448514,0.0015100000000001224,0.000360000000000138,0.00046999999999997044,0.0006800000000000139,0.6887417218543495,0,0,,0,0,0,0,1.1536759228367326,1.152605362729498,1.1583,1.15551,1.15637,0,1
2025-11-10T15:00:00+0700,1.15614,1.15825,1.15509,1.15678,6325,0.0031600000000000517,0.0020617883140416514,0.0031600000000000517,0.0006399999999999739,0.0014700000000000824,0.0010499999999999954,0.53481012658226,1,0,,0,0,0,0,1.153971549233234,1.152769073995008,1.1583,1.15551,1.15637,0,1
2025-11-10T19:00:00+0700,1.15678,1.15775,1.15538,1.15675,6583,0.0023699999999999832,0.0020838034344672464,0.0023699999999999832,2.999999999997449e-05,0.0009700000000001374,0.0013699999999998713,0.5780590717299076,0,0,,0,0,0,0,1.1542361635919738,1.1529251887403018,1.1583,1.15551,1.15637,0,1
2025-11-10T23:00:00+0700,1.15674,1.1568,1.15408,1.15601,7983,0.0027200000000000557,0.0021292460462910188,0.0027200000000000557,0.0007300000000001194,5.999999999994898e-05,0.0019299999999999873,0.7095588235293926,0,1,,0,0,0,0,1.1544051003927382,1.153046161730878,1.1583,1.15551,1.15637,0,1
2025-11-11T03:00:00+0700,1.15601,1.15643,1.15548,1.1556,3389,0.0009500000000000064,0.002045014185841661,0.0009500000000000064,0.00041000000000002146,0.00042000000000008697,0.00011999999999989797,0.12631578947357597,0,0,,0,0,0,0,1.1545189003553347,1.1531463122512358,1.15825,1.15408,1.15601,0,0
2025-11-11T07:00:00+0700,1.15526,1.15598,1.15467,1.15542,3581,0.0013099999999999223,0.0019925131725672513,0.0013099999999999223,0.00015999999999993797,0.000560000000000116,0.0005899999999998684,0.5725190839693518,0,0,,0,0,0,0,1.1546047193691122,1.1532354764766777,1.15825,1.15408,1.15601,0,0
2025-11-11T11:00:00+0700,1.15542,1.15646,1.15514,1.15611,2997,0.0013199999999999878,0.0019444765173838754,0.0013199999999999878,0.0006900000000000794,0.0003500000000000725,0.00027999999999983594,0.7348484848484275,0,0,,0,0,0,0,1.1547480794291967,1.1533482028893571,1.15825,1.15408,1.15601,0,0
2025-11-11T15:00:00+0700,1.15611,1.1568,1.15494,1.15644,6309,0.0018599999999999728,0.0019384424804278824,0.0018599999999999728,0.00032999999999994145,0.000360000000000138,0.0011699999999998933,0.8064516129031488,0,0,,0,0,0,0,1.1549092147216542,1.1534694498348725,1.15825,1.15408,1.15601,0,0
2025-11-11T19:00:00+0700,1.15643,1.16053,1.15621,1.16005,7376,0.0043200000000001015,0.002108553731825898,0.0043200000000001015,0.0036199999999999566,0.00048000000000003595,0.000220000000000109,0.8888888888888832,1,0,,0,0,0,0,1.155398813319592,1.153727510625662,1.15825,1.15408,1.15601,0,0
2025-11-11T23:00:00+0700,1.16007,1.16045,1.15902,1.15946,7668,0.0014300000000000423,0.0020600856081240512,0.0014300000000000423,0.0006099999999999994,0.00038000000000004697,0.00043999999999999595,0.3076923076922958,0,0,,0,0,0,0,1.1557855930034404,1.153952314130538,1.15825,1.15408,1.15601,0,0
2025-11-12T03:00:00+0700,1.15944,1.1595,1.15798,1.15808,3398,0.0015199999999999658,0.0020215080646866167,0.0015199999999999658,0.0013600000000000279,5.999999999994898e-05,9.999999999998899e-05,0.06578947368420476,0,0,,0,0,0,0,1.1560041079554937,1.1541141841646345,1.16053,1.15467,1.15946,0,0
2025-11-12T07:00:00+0700,1.15831,1.15867,1.15741,1.1575,3074,0.0012600000000000389,0.0019671146314947183,0.0012600000000000389,0.0008099999999999774,0.000360000000000138,8.999999999992347e-05,0.07142857142850849,0,0,,0,0,0,0,1.1561465738644943,1.1542469612562176,1.16053,1.15467,1.15946,0,0
2025-11-12T11:00:00+0700,1.1575,1.15811,1.15695,1.15757,3166,0.0011600000000000499,0.0019094635863879563,0.0011600000000000499,7.00000000000145e-05,0.0005399999999999849,0.0005500000000000504,0.5344827586207227,0,0,,0,0,0,0,1.156282138258352,1.1543772765010718,1.16053,1.15467,1.15946,0,0
2025-11-12T15:00:00+0700,1.15757,1.15879,1.15679,1.15692,6180,0.0020000000000000018,0.001915930473074531,0.0020000000000000018,0.0006500000000000394,0.0012199999999999989,0.00012999999999996348,0.06499999999998168,0,0,,0,0,0,0,1.1563428869956518,1.1544769911480885,1.16053,1.15467,1.15946,0,0
2025-11-12T19:00:00+0700,1.15697,1.15798,1.15646,1.15716,6709,0.0015199999999999658,0.0018876497249977766,0.0015199999999999658,0.00018999999999991246,0.0008200000000000429,0.0005100000000000104,0.4605263157894333,0,0,,0,0,0,0,1.1564207072817803,1.1545822071814968,1.16053,1.15467,1.15946,0,0
2025-11-12T23:00:00+0700,1.15716,1.15973,1.15626,1.15926,8375,0.003469999999999862,0.0020006747446407827,0.003469999999999862,0.0020999999999999908,0.00046999999999997044,0.0008999999999999009,0.8645533141210406,1,1,,0,0,0,0,1.1566911161120867,1.1547656500371246,1.16053,1.15467,1.15946,0,0
2025-11-13T03:00:00+0700,1.15926,1.15938,1.15836,1.15916,3383,0.0010200000000000209,0.001930626548595014,0.0010200000000000209,9.999999999998899e-05,0.00012000000000012001,0.0007999999999999119,0.7843137254900936,0,0,,0,0,0,0,1.1569262479109357,1.154937977486649,1.15973,1.15626,1.15926,0,0
2025-11-13T07:00:00+0700,1.15907,1.15937,1.15785,1.1589,4235,0.0015199999999999658,0.001901296080838225,0.0015199999999999658,0.00017000000000000348,0.00029999999999996696,0.0010499999999999954,0.690789473684223,0,0,,0,0,0,0,1.1571142243003705,1.1550933509185453,1.15973,1.15626,1.15926,0,0
2025-11-13T11:00:00+0700,1.15891,1.1592500000000001,1.15799,1.15814,3249,0.0012600000000000389,0.0018554892179212118,0.0012600000000000389,0.0007700000000001594,0.00034000000000000696,0.00014999999999987246,0.11904761904751415,0,0,,0,0,0,0,1.1572119172241446,1.1552128273531121,1.15973,1.15626,1.15926,0,0
2025-11-13T15:00:00+0700,1.15812,1.16344,1.15807,1.16161,7647,0.005370000000000097,0.002106525702355418,0.005370000000000097,0.003489999999999993,0.0018299999999999983,5.0000000000105516e-05,0.6592178770949786,0,0,BOS_UP,1,0,0,0,1.1576307822504166,1.1554636968686764,1.15973,1.15626,1.15926,0,0
2025-11-13T19:00:00+0700,1.16161,1.16244,1.16043,1.162,7443,0.0020099999999998452,0.0020996310093300196,0.0020099999999998452,0.00038999999999989043,0.00043999999999999595,0.0011799999999999589,0.7810945273631692,0,0,BOS_UP,1,0,0,0,1.1580468982265675,1.1557200224816695,1.15973,1.15626,1.15926,0,0
2025-11-13T23:00:00+0700,1.162,1.16556,1.16167,1.16507,10701,0.003889999999999949,0.002227514508663586,0.003889999999999949,0.003070000000000128,0.0004899999999998794,0.00032999999999994145,0.874035989717253,1,0,,0,0,0,0,1.1587157650621325,1.1560866882667022,1.15973,1.15626,1.15926,0,0
2025-11-14T03:00:00+0700,1.16506,1.16513,1.16303,1.16328,5249,0.0020999999999999908,0.0022184063294733293,0.0020999999999999908,0.0017799999999998928,7.00000000000145e-05,0.0002500000000000835,0.11904761904765933,0,0,,0,0,0,0,1.1591504541038342,1.15636877892291,1.16556,1.15785,1.16507,0,0
2025-11-14T07:00:00+0700,1.1629,1.16385,1.1623,1.16328,4344,0.0015499999999999403,0.00217066302022523,0.0015499999999999403,0.00038000000000004697,0.0005699999999999594,0.0005999999999999339,0.6322580645161411,0,0,,0,0,0,0,1.1595437441891834,1.156639807200443,1.16556,1.15785,1.16507,0,0
2025-11-14T11:00:00+0700,1.16327,1.16478,1.16293,1.16473,4059,0.0018499999999999073,0.0021477585187805646,0.0018499999999999073,0.0014600000000000168,4.999999999988347e-05,0.00034000000000000696,0.9729729729730346,0,0,,0,0,0,0,1.160037673314023,1.1569570696631706,1.16556,1.15785,1.16507,0,0
2025-11-14T15:00:00+0700,1.16473,1.1648100000000001,1.16198,1.16215,9000,0.00283000000000011,0.0021964900531533894,0.00283000000000011,0.0025800000000000267,8.000000000008001e-05,0.00017000000000000348,0.060070671378090766,0,0,,0,0,0,0,1.160238847284116,1.157160713990105,1.16556,1.15785,1.16507,0,0
2025-11-14T19:00:00+0700,1.1621299999999999,1.16534,1.16085,1.16372,10140,0.004490000000000105,0.002360312192213869,0.004490000000000105,0.0015900000000002024,0.0016199999999999548,0.0012799999999999478,0.6391982182628247,1,0,,0,0,0,0,1.1605703856380098,1.1574179408924539,1.16556,1.15785,1.16507,0,0
2025-11-14T23:00:00+0700,1.16373,1.16379,1.16058,1.16135,11194,0.003210000000000157,0.0024210041784843185,0.003210000000000157,0.0023799999999998267,6.000000000017103e-05,0.0007700000000001594,0.2398753894081376,0,0,,0,0,0,0,1.160644634624866,1.1575721392888283,1.16556,1.15785,1.16507,0,0
2025-11-15T03:00:00+0700,1.16135,1.16231,1.16092,1.16196,4464,0.0013900000000000023,0.002347361022878296,0.0013900000000000023,0.0006099999999999994,0.00034999999999985043,0.0004300000000001525,0.7482014388490289,0,0,,0,0,0,0,1.160769907517736,1.157744212257894,1.16534,1.16058,1.16135,0,0
2025-11-17T07:00:00+0700,1.16121,1.1623999999999999,1.16046,1.1606,3807,0.0019399999999998307,0.0023182638069584056,0.0019399999999998307,0.0006099999999999994,0.0011899999999998023,0.000140000000000029,0.07216494845362949,0,0,,0,0,0,0,1.1607537258493803,1.157856203934055,1.16231,1.16092,1.16196,1,0
2025-11-17T11:00:00+0700,1.1606,1.16061,1.1595900000000001,1.15998,3056,0.0010199999999997988,0.0022255306778899337,0.0010199999999997988,0.0006200000000000649,9.999999999843467e-06,0.00038999999999989043,0.3823529411764386,0,0,,0,0,0,0,1.160680037673249,1.157939490054288,1.16231,1.16092,1.16196,0,0
2025-11-17T15:00:00+0700,1.15998,1.16144,1.15947,1.16009,5713,0.0019700000000000273,0.0022072784866120835,0.0019700000000000273,0.0001100000000000545,0.0013499999999999623,0.0005100000000000104,0.3147208121827697,0,0,,0,0,0,0,1.16062384360913,1.1580238237776495,1.16231,1.16092,1.16196,0,0
2025-11-17T19:00:00+0700,1.16009,1.16076,1.15881,1.1590799999999999,6590,0.0019500000000001183,0.0021889014518540863,0.0019500000000001183,0.0010100000000001774,0.0006699999999999484,0.00026999999999999247,0.1384615384615262,0,0,,0,0,0,0,1.1604768108844512,1.1580652424530358,1.16231,1.16092,1.16196,0,0
2025-11-17T23:00:00+0700,1.15905,1.16014,1.15814,1.15933,7312,0.0020000000000000018,0.002175408491007366,0.0020000000000000018,0.000280000000000058,0.0008099999999999774,0.0009099999999999664,0.5950000000000116,0,1,,0,0,0,0,1.1603675908002178,1.158114840788211,1.16231,1.16092,1.16196,0,0
2025-11-18T03:00:00+0700,1.15934,1.15947,1.15821,1.1590799999999999,4813,0.0012600000000000389,0.0021100221702211285,0.0012600000000000389,0.000260000000000149,0.00012999999999996348,0.0008699999999999264,0.6904761904761108,0,0,,0,0,0,0,1.160244963104959,1.1581526901690655,1.1623999999999999,1.15814,1.15933,0,0
2025-11-18T07:00:00+0700,1.15888,1.15937,1.15841,1.15903,3010,0.0009600000000000719,0.002027877729491053,0.0009600000000000719,0.0001500000000000945,0.00034000000000000696,0.00046999999999997044,0.6458333333333526,0,0,,0,0,0,0,1.160129252333058,1.158187094476161,1.1623999999999999,1.15814,1.15933,0,0
2025-11-18T11:00:00+0700,1.15903,1.16033,1.15877,1.15975,4355,0.0015600000000000058,0.001994457891670264,0.0015600000000000058,0.0007200000000000539,0.0005800000000000249,0.00025999999999992696,0.6282051282051136,0,0,,0,0,0,0,1.160093133063243,1.1582483848888605,1.1623999999999999,1.15814,1.15933,0,0
2025-11-18T15:00:00+0700,1.15975,1.16059,1.15869,1.15889,7660,0.0019000000000000128,0.0019877108994081033,0.0019000000000000128,0.0008600000000000829,0.0008399999999999519,0.00019999999999997797,0.10526315789472454,0,0,,0,0,0,0,1.1599785489619818,1.1582735462657678,1.1623999999999999,1.15814,1.15933,0,0
2025-11-18T19:00:00+0700,1.15889,1.16015,1.15793,1.15964,7315,0.0022200000000001108,0.002004302978021818,0.0022200000000001108,0.0007500000000000284,0.0005100000000000104,0.0009600000000000719,0.7702702702702771,0,0,,0,0,0,0,1.1599463062036979,1.1583271326867182,1.1623999999999999,1.15814,1.15933,0,1
2025-11-18T23:00:00+0700,1.15963,1.16074,1.15711,1.1575,9723,0.003630000000000022,0.0021204241938774042,0.003630000000000022,0.0021299999999999653,0.0011100000000001664,0.00038999999999989043,0.10743801652889479,1,1,,0,0,0,0,1.1597133246604885,1.1582946961107685,1.1623999999999999,1.15814,1.15933,0,0
2025-11-19T03:00:00+0700,1.15751,1.15866,1.15747,1.15791,4092,0.0011900000000000244,0.0020539653228861627,0.0011900000000000244,0.00039999999999995595,0.0007500000000000284,4.0000000000040004e-05,0.3697478991596529,0,0,,0,0,0,0,1.1595415794547277,1.1582796099887775,1.16074,1.15711,1.1575,0,0
2025-11-19T07:00:00+0700,1.15744,1.15845,1.15743,1.15763,3991,0.0010200000000000209,0.001980110656965724,0.0010200000000000209,0.00018999999999991246,0.0008200000000000429,1.0000000000065512e-05,0.1960784313725234,0,0,,0,0,0,0,1.159359524268563,1.1582541350872568,1.16074,1.15711,1.1575,0,0
2025-11-19T11:00:00+0700,1.15763,1.15904,1.1572,1.15885,4071,0.0018400000000000638,0.0019701027528967485,0.0018400000000000638,0.0012199999999999989,0.0001900000000001345,0.00042999999999993044,0.8967391304347131,0,0,,0,0,0,0,1.1593109981477476,1.1582775023387368,1.16074,1.15711,1.1575,0,0
2025-11-19T15:00:00+0700,1.15885,1.15968,1.15651,1.15727,6721,0.003170000000000117,0.0020558096991184177,0.003170000000000117,0.0015799999999999148,0.0008300000000001084,0.0007600000000000939,0.2397476340694214,1,0,,0,0,0,0,1.1591166173717717,1.1582379924431003,1.16074,1.15711,1.1575,0,1
2025-11-19T19:00:00+0700,1.15728,1.15905,1.15671,1.15723,7812,0.0023400000000000087,0.002076109006324246,0.0023400000000000087,5.0000000000105516e-05,0.0017699999999998273,0.000520000000000076,0.22222222222225385,0,0,,0,0,0,0,1.1589369395268412,1.1581984633276847,1.16074,1.15711,1.1575,0,1
2025-11-19T23:00:00+0700,1.15724,1.15734,1.15256,1.15327,10266,0.0047800000000000065,0.002269244077301086,0.0047800000000000065,0.003970000000000029,9.999999999998899e-05,0.0007099999999999884,0.14853556485355388,0,0,CHOCH_DN,0,0,0,1,1.1583972310004753,1.158005190256011,1.16074,1.15711,1.1575,0,0
2025-11-20T03:00:00+0700,1.15328,1.1538,1.15176,1.15371,5953,0.0020400000000000418,0.0022528695003510113,0.0020400000000000418,0.00042999999999993044,8.999999999992347e-05,0.0015200000000001879,0.9558823529412149,0,0,BOS_DN,0,1,0,0,1.157950828048049,1.157836751422442,1.15968,1.15256,1.15327,0,1
2025-11-20T07:00:00+0700,1.15367,1.15417,1.15219,1.15224,4100,0.0019799999999998708,0.0022333788217545015,0.0019799999999998708,0.0014300000000000423,0.0004999999999999449,4.999999999988347e-05,0.025252525252468048,0,0,BOS_DN,0,1,0,0,1.1574069396625204,1.157617270974503,1.15968,1.15256,1.15327,0,0
2025-11-20T11:00:00+0700,1.15224,1.1522999999999999,1.15095,1.15151,3935,0.0013499999999999623,0.0021702803344863203,0.0013499999999999623,0.0007299999999998974,5.999999999994898e-05,0.000560000000000116,0.4148148148149123,0,0,BOS_DN,0,1,0,0,1.156845326361328,1.1573777701519734,1.15968,1.15256,1.15327,0,0
2025-11-20T15:00:00+0700,1.15151,1.15274,1.15111,1.1527,7351,0.0016300000000000203,0.0021316888820230133,0.0016300000000000203,0.0011900000000000244,4.0000000000040004e-05,0.00039999999999995595,0.9754601226993622,0,0,BOS_DN,0,1,0,0,1.156450533374535,1.1571943281852295,1.15968,1.15256,1.15327,0,1
2025-11-20T19:00:00+0700,1.1527,1.15392,1.15014,1.15273,9260,0.0037800000000001166,0.0022494253904499495,0.0037800000000001166,2.999999999997449e-05,0.0011900000000000244,0.0025600000000001177,0.6851851851851885,0,1,,0,0,0,0,1.1560961968626744,1.157019256491691,1.15968,1.15256,1.15327,0,1
2025-11-20T23:00:00+0700,1.15272,1.15495,1.15196,1.15282,13292,0.002989999999999826,0.0023023235768463695,0.002989999999999826,9.999999999998899e-05,0.0021299999999999653,0.0007599999999998719,0.2876254180601709,1,0,,0,0,0,0,1.1557841781138483,1.1568545797665268,1.15968,1.15256,1.15327,0,1
2025-11-21T03:00:00+0700,1.15282,1.15402,1.15235,1.15271,4786,0.0016700000000000603,0.002257157607071633,0.0016700000000000603,0.0001100000000000545,0.0012000000000000899,0.00035999999999991594,0.215568862275391,0,0,,0,0,0,0,1.1554913992458626,1.156692047226663,1.15495,1.15014,1.15282,0,0
2025-11-21T07:00:00+0700,1.15236,1.15379,1.15223,1.1532,4711,0.0015600000000000058,0.0022073606351379455,0.0015600000000000058,0.0008399999999999519,0.0005900000000000905,0.00012999999999996348,0.6217948717948152,0,0,,0,0,0,0,1.1552731707462567,1.1565551041981665,1.15495,1.15014,1.15282,0,0
2025-11-21T11:00:00+0700,1.1532,1.15415,1.15318,1.15346,4177,0.0009699999999999154,0.0021189777326280864,0.0009699999999999154,0.00025999999999992696,0.0006900000000000794,1.999999999990898e-05,0.288659793814289,0,0,,0,0,0,0,1.1551004878180418,1.1564337275629444,1.15495,1.15014,1.15282,0,0
2025-11-21T15:00:00+0700,1.15346,1.1552,1.15245,1.15248,8828,0.00275000000000003,0.0021640507517260823,0.00275000000000003,0.0009799999999999809,0.0017400000000000748,2.999999999997449e-05,0.010909090909081513,1,0,,0,0,0,0,1.1548509175496569,1.1562786794232212,1.15495,1.15014,1.15282,1,0
2025-11-21T19:00:00+0700,1.15248,1.15266,1.14962,1.15202,9807,0.0030399999999999316,0.0022266185551742144,0.0030399999999999316,0.00045999999999990493,0.000180000000000069,0.0023999999999999577,0.7894736842105302,0,0,,0,0,0,0,1.1545813063544514,1.1561116723870164,1.15495,1.15014,1.15282,0,1
2025-11-21T23:00:00+0700,1.15202,1.15229,1.14907,1.15067,11572,0.0032200000000000006,0.002297574372661771,0.0032200000000000006,0.0013499999999999623,0.00026999999999999247,0.0016000000000000458,0.49689440993790235,0,1,,0,0,0,0,1.1542088009873608,1.1558982734698786,1.15495,1.15014,1.15282,0,1
2025-11-22T03:00:00+0700,1.15068,1.15202,1.15016,1.15118,5237,0.0018599999999999728,0.002266319060328785,0.0018599999999999728,0.000500000000000167,0.0008399999999999519,0.0005199999999998539,0.5483870967742128,0,0,,0,0,0,0,1.1539203437504693,1.1557132431377264,1.1552,1.14907,1.15067,0,0
2025-11-24T07:00:00+0700,1.15103,1.15141,1.15014,1.15099,2797,0.0012700000000001044,0.002195153413162451,0.0012700000000001044,4.0000000000040004e-05,0.00038000000000004697,0.0008500000000000174,0.6692913385826359,0,0,,0,0,0,0,1.1536412633932818,1.1555280179166392,1.15202,1.15016,1.15118,0,1
2025-11-24T11:00:00+0700,1.151,1.15279,1.15099,1.1522000000000001,3458,0.0018000000000000238,0.0021669281693651346,0.0018000000000000238,0.0012000000000000899,0.0005899999999998684,1.0000000000065512e-05,0.6722222222222997,0,0,,0,0,0,0,1.153504000212969,1.1553975074101044,1.15202,1.15016,1.15118,0,0
2025-11-24T15:00:00+0700,1.1522000000000001,1.1534,1.15092,1.15294,6761,0.0024800000000000377,0.0021892904429819133,0.0024800000000000377,0.0007399999999999629,0.00045999999999990493,0.0012800000000001699,0.8145161290322992,0,0,,0,0,0,0,1.1534502859069722,1.1553011345704924,1.15202,1.15016,1.15118,0,0
2025-11-24T19:00:00+0700,1.15294,1.155,1.15293,1.1538,6649,0.0020700000000000163,0.002180769697054635,0.0020700000000000163,0.0008599999999998609,0.0012000000000000899,1.0000000000065512e-05,0.4202898550724249,1,0,,0,0,0,0,1.1534835920110702,1.1552422665481201,1.15202,1.15016,1.15118,0,0
2025-11-24T23:00:00+0700,1.1538,1.15407,1.15111,1.15175,7823,0.0029599999999998516,0.0022364290044078645,0.0029599999999998516,0.0020499999999998852,0.00026999999999999247,0.0006399999999999739,0.21621621621621825,0,0,,0,0,0,0,1.153318488010016,1.155105314918782,1.15202,1.15016,1.15118,1,0
2025-11-25T03:00:00+0700,1.15174,1.15287,1.15168,1.15199,3543,0.0011900000000000244,0.0021616840755215904,0.0011900000000000244,0.0002500000000000835,0.0008799999999999919,5.999999999994898e-05,0.2605042016806942,0,0,,0,0,0,0,1.1531919653423954,1.154983145706281,1.155,1.15014,1.15175,0,0
2025-11-25T07:00:00+0700,1.15176,1.15295,1.15176,1.15253,3325,0.0011900000000000244,0.002092278070127193,0.0011900000000000244,0.0007700000000001594,0.0004199999999998649,0.0,0.6470588235295325,0,0,,0,0,0,0,1.153128921024072,1.1548869439138778,1.155,1.15014,1.15175,0,0
2025-11-25T11:00:00+0700,1.1525400000000001,1.15298,1.15112,1.15165,3039,0.0018599999999999728,0.0020756867794038203,0.0018599999999999728,0.0008900000000000574,0.0004399999999997739,0.0005300000000001415,0.28494623655922,0,1,,0,0,0,0,1.1529880714027319,1.154760004936863,1.155,1.15014,1.15175,0,0
2025-11-25T15:00:00+0700,1.15164,1.15361,1.15144,1.15336,6360,0.0021700000000000053,0.0020824234380178337,0.0021700000000000053,0.0017199999999999438,0.0002500000000000835,0.00019999999999997797,0.8847926267280724,0,0,,0,0,0,0,1.1530234931739003,1.1547051027824762,1.155,1.15014,1.15175,0,0
2025-11-25T19:00:00+0700,1.15335,1.15616,1.15242,1.15578,8900,0.0037400000000000766,0.002200821763873708,0.0037400000000000766,0.002429999999999932,0.00038000000000004697,0.0009300000000000974,0.8983957219251232,0,0,CHOCH_UP,0,0,1,0,1.153286017633529,1.154747255614536,1.155,1.15014,1.15175,0,0
2025-11-25T23:00:00+0700,1.15578,1.1583700000000001,1.15496,1.15818,11406,0.003410000000000135,0.0022871916378827384,0.003410000000000135,0.0023999999999999577,0.0001900000000001345,0.0008200000000000429,0.944281524926649,0,0,BOS_UP,1,0,0,0,1.1537521111922404,1.154881873041417,1.155,1.15014,1.15175,0,0
2025-11-26T03:00:00+0700,1.15824,1.15856,1.15576,1.15682,5480,0.0028000000000001357,0.0023238208066054095,0.0028000000000001357,0.0014199999999999768,0.000320000000000098,0.001060000000000061,0.37857142857143194,0,0,BOS_UP,1,0,0,0,1.1540442910786937,1.154957878020185,1.1583700000000001,1.15112,1.15818,1,0
2025-11-26T07:00:00+0700,1.1567,1.15826,1.15628,1.15767,4875,0.001980000000000093,0.0022992621775621727,0.001980000000000093,0.0009699999999999154,0.0005900000000000905,0.00042000000000008697,0.7020202020201703,0,0,BOS_UP,1,0,0,0,1.1543895966902467,1.1550642357448837,1.1583700000000001,1.15112,1.15818,0,0
2025-11-26T11:00:00+0700,1.15767,1.15912,1.15743,1.15904,5450,0.0016899999999999693,0.002255743450593444,0.0016899999999999693,0.0013700000000000934,7.999999999985796e-05,0.00024000000000001798,0.9526627218935743,0,0,BOS_UP,1,0,0,0,1.1548324922435567,1.1552201480686137,1.1583700000000001,1.15112,1.15818,0,0
2025-11-26T15:00:00+0700,1.15904,1.15955,1.15653,1.15714,7671,0.0030200000000000227,0.0023103332041224853,0.0030200000000000227,0.0019000000000000128,0.0005100000000000104,0.0006099999999999994,0.2019867549668857,0,0,BOS_UP,1,0,0,0,1.1550522548870275,1.1552954363796484,1.1583700000000001,1.15112,1.15818,1,0
2025-11-26T19:00:00+0700,1.15716,1.1583700000000001,1.15481,1.15519,11695,0.0035600000000002296,0.0023995951181137527,0.0035600000000002296,0.0019700000000000273,0.0012100000000001554,0.00038000000000004697,0.10674157303371418,0,0,BOS_UP,1,0,0,0,1.1550653734692151,1.1552913016196622,1.1583700000000001,1.15112,1.15818,0,0
2025-11-26T23:00:00+0700,1.15519,1.16004,1.15467,1.1592500000000001,10553,0.005369999999999875,0.0026117668953913333,0.005369999999999875,0.004060000000000175,0.0007899999999998464,0.0005199999999998539,0.8528864059590568,0,1,BOS_UP,1,0,0,0,1.1554639093292898,1.155446544693401,1.1583700000000001,1.15112,1.15818,0,0
2025-11-27T03:00:00+0700,1.15924,1.1596899999999999,1.15887,1.15958,3539,0.0008199999999998209,0.002483783545720511,0.0008199999999998209,0.00034000000000000696,0.00010999999999983245,0.00036999999999998145,0.8658536585367604,0,0,BOS_UP,1,0,0,0,1.1558559179645955,1.1556086409799342,1.16004,1.15467,1.1592500000000001,0,0
2025-11-27T07:00:00+0700,1.15882,1.16122,1.1588,1.16087,3562,0.0024199999999998667,0.0024792275781690366,0.0024199999999998667,0.0020500000000001073,0.00034999999999985043,1.999999999990898e-05,0.8553719008265002,0,0,BOS_UP,1,0,0,0,1.156333449587015,1.1558149687846426,1.16004,1.15467,1.1592500000000001,0,0
2025-11-27T11:00:00+0700,1.16093,1.16131,1.15995,1.16017,4363,0.0013600000000000279,0.0023992827511569643,0.0013600000000000279,0.0007600000000000939,0.00038000000000004697,0.00021999999999988695,0.16176470588226652,1,0,,0,0,0,0,1.1566988353406327,1.1559857543224998,1.16004,1.15467,1.1592500000000001,0,0
2025-11-27T15:00:00+0700,1.16018,1.16049,1.15761,1.15771,6118,0.0028799999999999937,0.002433619697502895,0.0028799999999999937,0.0024699999999999722,0.00031000000000003247,9.999999999998899e-05,0.03472222222221848,0,1,,0,0,0,0,1.1567951367367628,1.1560533718000487,1.16004,1.15467,1.1592500000000001,1,0
2025-11-27T19:00:00+0700,1.15771,1.15964,1.15766,1.15945,5490,0.001980000000000093,0.002401218290538409,0.001980000000000093,0.0017400000000000748,0.00018999999999991246,5.0000000000105516e-05,0.9040404040404527,0,0,,0,0,0,0,1.157047980857071,1.156186572905929,1.16004,1.15467,1.1592500000000001,0,0
2025-11-27T23:00:00+0700,1.15944,1.16011,1.1589800000000001,1.15945,4029,0.0011299999999998533,0.002310416984071369,0.0011299999999998533,1.0000000000065512e-05,0.0006599999999998829,0.00045999999999990493,0.41592920353985086,0,0,,0,0,0,0,1.157276744584969,1.15631455043903,1.16004,1.15467,1.1592500000000001,1,0
2025-11-28T03:00:00+0700,1.15945,1.15965,1.15907,1.15944,1299,0.0005800000000000249,0.002186815770923416,0.0005800000000000249,1.0000000000065512e-05,0.00019999999999997797,0.00036999999999998145,0.6379310344826992,0,0,,0,0,0,0,1.15748276891021,1.1564371170884797,1.16131,1.15761,1.15945,0,0
2025-11-28T07:00:00+0700,1.15917,1.16015,1.15811,1.15825,3629,0.0020400000000000418,0.002176328930143175,0.0020400000000000418,0.0009200000000000319,0.0009799999999999809,0.000140000000000029,0.06862745098040496,1,0,,0,0,0,0,1.157555838537809,1.1565082105359905,1.16131,1.15761,1.15945,0,0
2025-11-28T11:00:00+0700,1.15827,1.15923,1.15811,1.15881,9788,0.0011200000000000099,0.0021008768637043778,0.0011200000000000099,0.0005399999999999849,0.00042000000000008697,0.00015999999999993797,0.6249999999999256,0,0,,0,0,0,0,1.1576752824865892,1.1565984767894812,1.16131,1.15761,1.15945,0,0
2025-11-28T15:00:00+0700,1.15875,1.15899,1.1565699999999999,1.15672,19058,0.0024200000000000887,0.0021236713734397858,0.0024200000000000887,0.0020299999999999763,0.00024000000000001798,0.0001500000000000945,0.06198347107441694,0,0,CHOCH_DN,0,0,0,1,1.1575843032021522,1.1566032424055799,1.16131,1.15761,1.15945,0,0
2025-11-28T19:00:00+0700,1.1568100000000001,1.15781,1.15546,1.1574200000000001,14035,0.0023500000000000743,0.0021398377039083777,0.0023500000000000743,0.0006099999999999994,0.00038999999999989043,0.0013500000000001844,0.8340425531915412,0,1,,0,0,0,0,1.1575686552781377,1.1566352721151651,1.16131,1.15761,1.15945,0,0
2025-11-28T23:00:00+0700,1.15741,1.16071,1.15707,1.16023,8941,0.0036399999999998656,0.002246992153629198,0.0036399999999998656,0.0028200000000000447,0.0004799999999998139,0.00034000000000000696,0.8681318681319143,0,0,CHOCH_UP,0,0,1,0,1.1578221166802198,1.1567762418361391,1.16131,1.15761,1.15945,0,1
2025-11-29T03:00:00+0700,1.16023,1.16041,1.15947,1.15951,4176,0.0009399999999999409,0.0021536355712271082,0.0009399999999999409,0.0007200000000000539,0.00017999999999984695,4.0000000000040004e-05,0.042553191489406936,0,0,,0,0,0,0,1.1579828674725798,1.1568834480386436,1.16071,1.15546,1.16023,0,0
2025-12-01T07:00:00+0700,1.159,1.16153,1.15889,1.1604700000000001,5778,0.0026399999999999757,0.0021883758875680275,0.0026399999999999757,0.0014700000000000824,0.0010599999999998388,0.0001100000000000545,0.5984848484849058,0,0,BOS_UP,1,0,0,0,1.1582197372370961,1.1570240971351675,1.16041,1.15947,1.15951,0,1
2025-12-01T11:00:00+0700,1.1604700000000001,1.16053,1.1589,1.15975,4836,0.0016300000000000203,0.0021484918955988843,0.0016300000000000203,0.0007200000000000539,5.999999999994898e-05,0.0008500000000000174,0.521472392638041,0,0,,0,0,0,0,1.1583654765478488,1.1571309952867297,1.16041,1.15947,1.15951,1,1
2025-12-01T15:00:00+0700,1.15973,1.16231,1.159,1.16217,8303,0.003309999999999924,0.0022314567601989586,0.003309999999999924,0.0024399999999999977,0.000140000000000029,0.0007299999999998974,0.9577039274924374,0,0,BOS_UP,1,0,0,0,1.1587278121147204,1.157328603314701,1.16041,1.15947,1.15951,0,1
2025-12-01T19:00:00+0700,1.16217,1.16515,1.16185,1.16445,8325,0.0032999999999998586,0.0023077812773275946,0.0032999999999998586,0.0022800000000000598,0.0006999999999999229,0.00031999999999987594,0.7878787878788022,1,0,,0,0,0,0,1.159272782389509,1.157607873772948,1.16041,1.15947,1.15951,0,0
2025-12-01T23:00:00+0700,1.16445,1.1644700000000001,1.16175,1.16202,10136,0.0027200000000000557,0.002337225471804199,0.0027200000000000557,0.002429999999999932,2.0000000000131024e-05,0.00026999999999999247,0.09926470588234813,0,0,,0,0,0,0,1.1595344221619366,1.1577808983308717,1.16041,1.15947,1.15951,0,0
2025-12-02T03:00:00+0700,1.16202,1.1623,1.16062,1.16075,3445,0.0016800000000001258,0.002290280795246765,0.0016800000000001258,0.0012700000000001044,0.000280000000000058,0.00012999999999996348,0.07738095238092485,0,0,,0,0,0,0,1.1596501914798474,1.1578973336904455,1.16515,1.15889,1.16202,0,0
2025-12-02T07:00:00+0700,1.16068,1.16107,1.16033,1.16088,2568,0.0007399999999999629,0.0021795464527291364,0.0007399999999999629,0.00019999999999997797,0.0001900000000001345,0.00034999999999985043,0.7432432432430486,0,0,,0,0,0,0,1.1597673161008144,1.1580143009967026,1.16515,1.15889,1.16202,0,0
2025-12-02T11:00:00+0700,1.16087,1.16137,1.16067,1.16095,2668,0.0006999999999999229,0.002073864563248478,0.0006999999999999229,7.999999999985796e-05,0.00042000000000008697,0.00019999999999997797,0.3999999999998097,0,0,,0,0,0,0,1.1598799526626415,1.1581294264478124,1.16515,1.15889,1.16202,0,0
2025-12-02T15:00:00+0700,1.16095,1.16159,1.16023,1.16098,5458,0.0013599999999998058,0.0020228742373021445,0.0013599999999998058,2.999999999997449e-05,0.0006099999999999994,0.0007199999999998319,0.5514705882352305,0,0,,0,0,0,0,1.1599847190757233,1.1582412136459372,1.16515,1.15889,1.16202,0,0
2025-12-02T19:00:00+0700,1.16098,1.16192,1.1598,1.16172,6309,0.002120000000000122,0.0020298117917805715,0.002120000000000122,0.000740000000000185,0.00019999999999997797,0.0011799999999999589,0.9056603773585064,0,0,,0,0,0,0,1.1601499839256546,1.158377636640214,1.16515,1.15889,1.16202,0,0
2025-12-02T23:00:00+0700,1.16172,1.16228,1.1590799999999999,1.16068,9812,0.0032000000000000917,0.0021133966637962515,0.0032000000000000917,0.001040000000000152,0.0005599999999998939,0.0016000000000000458,0.5,0,1,,0,0,0,0,1.160200461647021,1.1584679253994214,1.16515,1.15889,1.16202,0,0
2025-12-03T03:00:00+0700,1.16068,1.16254,1.16052,1.16236,4255,0.0020199999999999108,0.0021067254735250844,0.0020199999999999108,0.0016800000000001258,0.00017999999999984695,0.00015999999999993797,0.9108910891089828,0,0,,0,0,0,0,1.1604061319663523,1.1586205557759148,1.1623,1.1590799999999999,1.16068,0,0
2025-12-03T07:00:00+0700,1.1620300000000001,1.16371,1.16174,1.16364,2931,0.0019700000000000273,0.002096959368273295,0.0019700000000000273,0.0016099999999998893,7.00000000000145e-05,0.0002900000000001235,0.9644670050761353,0,0,,0,0,0,0,1.1607141193981283,1.158817396725879,1.1623,1.1590799999999999,1.16068,0,0
2025-12-03T11:00:00+0700,1.16365,1.16432,1.16349,1.16422,2481,0.0008300000000001084,0.002006462270539496,0.0008300000000001084,0.0005699999999999594,9.999999999998899e-05,0.00016000000000016001,0.8795180722891857,0,0,,0,0,0,0,1.1610480127887828,1.1590292635209427,1.1623,1.1590799999999999,1.16068,0,0
2025-12-03T15:00:00+0700,1.16422,1.16523,1.16353,1.16451,6608,0.0017000000000000348,0.001984572108358106,0.0017000000000000348,0.00028999999999990145,0.0007200000000000539,0.0006900000000000794,0.5764705882352711,0,0,,0,0,0,0,1.1613777258565179,1.1592441943632588,1.1623,1.1590799999999999,1.16068,0,0
2025-12-03T19:00:00+0700,1.16451,1.16748,1.16444,1.16659,7136,0.0030400000000001537,0.0020599598149039665,0.0030400000000001537,0.002080000000000082,0.0008900000000000574,7.00000000000145e-05,0.7072368421052591,0,0,BOS_UP,1,0,0,0,1.161874132917802,1.1595322651725428,1.1623,1.1590799999999999,1.16068,0,0
2025-12-03T23:00:00+0700,1.16658,1.16703,1.16541,1.16681,10077,0.0016199999999999548,0.0020285341138393943,0.0016199999999999548,0.00022999999999995246,0.000220000000000109,0.0011699999999998933,0.8641975308641264,0,0,BOS_UP,1,0,0,0,1.162344215497059,1.1598176665383253,1.1623,1.1590799999999999,1.16068,0,0
2025-12-04T03:00:00+0700,1.16683,1.16771,1.16638,1.16698,3747,0.0013300000000000534,0.001978638819993727,0.0013300000000000534,0.00014999999999987246,0.0007300000000001194,0.00045000000000006146,0.4511278195488044,1,0,,0,0,0,0,1.1627857187830533,1.1600985423603518,1.16748,1.16052,1.16681,1,0
2025-12-04T07:00:00+0700,1.16645,1.16726,1.16585,1.16628,3127,0.0014099999999999113,0.0019380217614227402,0.0014099999999999113,0.00017000000000000348,0.0008099999999999774,0.00042999999999993044,0.30496453900706205,0,0,,0,0,0,0,1.1631185074703816,1.1603409524638675,1.16748,1.16052,1.16681,0,0
2025-12-04T11:00:00+0700,1.16628,1.16635,1.16528,1.16592,3642,0.0010699999999999044,0.0018760202070353948,0.0010699999999999044,0.00035999999999991594,7.00000000000145e-05,0.0006399999999999739,0.5981308411215244,0,0,,0,0,0,0,1.1633853162827263,1.1605597386417552,1.16748,1.16052,1.16681,0,0
2025-12-04T15:00:00+0700,1.16593,1.16815,1.16525,1.16772,6139,0.0029000000000001247,0.00194916162081859,0.0029000000000001247,0.0017900000000001803,0.00042999999999993044,0.0006800000000000139,0.8517241379310648,1,0,,0,0,0,0,1.163798143303419,1.1608405332048237,1.16748,1.16052,1.16681,0,0
2025-12-04T19:00:00+0700,1.16772,1.16804,1.1651799999999999,1.16644,7364,0.0028600000000000847,0.0020142215050458394,0.0028600000000000847,0.0012800000000001699,0.00031999999999987594,0.0012600000000000389,0.44055944055944113,0,0,,0,0,0,0,1.1640497487030934,1.161060120137968,1.16748,1.16052,1.16681,1,0
2025-12-04T23:00:00+0700,1.16644,1.16764,1.16526,1.16557,8494,0.0023800000000000487,0.0020403485403997115,0.0023800000000000487,0.0008699999999999264,0.0012000000000000899,0.00031000000000003247,0.1302521008403471,0,0,,0,0,0,0,1.1641945345408942,1.1612369781717733,1.16748,1.16052,1.16681,1,0
2025-12-05T03:00:00+0700,1.16556,1.16593,1.16406,1.16435,4087,0.0018699999999998163,0.002028180787514005,0.0018699999999998163,0.0012099999999999334,0.00036999999999998145,0.00028999999999990145,0.15508021390370585,0,0,,0,0,0,0,1.1642093407750946,1.1613590574591548,1.16815,1.1651799999999999,1.16557,0,0
2025-12-05T07:00:00+0700,1.16417,1.16532,1.16406,1.1653,2769,0.0012599999999998168,0.001973310731262992,0.0012599999999998168,0.0011300000000000754,1.999999999990898e-05,0.00010999999999983245,0.984126984127054,0,0,,0,0,0,0,1.1643132130822285,1.1615136042254626,1.16815,1.1651799999999999,1.16557,0,1
2025-12-05T11:00:00+0700,1.1653,1.16587,1.1646,1.16587,3172,0.0012699999999998823,0.0019230742504584841,0.0012699999999998823,0.0005699999999999594,0.0,0.0006999999999999229,1.0,0,0,,0,0,0,0,1.1644614785029688,1.1616844432754445,1.16815,1.1651799999999999,1.16557,0,1
2025-12-05T15:00:00+0700,1.16587,1.16713,1.16478,1.1654,5787,0.0023500000000000743,0.001953568946854312,0.0023500000000000743,0.00046999999999997044,0.0012600000000000389,0.0006200000000000649,0.26382978723406186,1,0,,0,0,0,0,1.1645508615026858,1.1618301513822897,1.16815,1.1651799999999999,1.16557,0,1
2025-12-05T19:00:00+0700,1.1654,1.16564,1.16411,1.16513,6482,0.0015300000000000313,0.0019233140220790063,0.0015300000000000313,0.00026999999999999247,0.00024000000000001798,0.0010200000000000209,0.6666666666666666,0,0,,0,0,0,0,1.164606017550049,1.1619595572104353,1.16815,1.1651799999999999,1.16557,0,0
2025-12-05T23:00:00+0700,1.16513,1.16597,1.16275,1.16437,10247,0.0032200000000000006,0.002015934449073363,0.0032200000000000006,0.0007600000000000939,0.0008399999999999519,0.0016199999999999548,0.5031055900620977,0,1,,0,0,0,0,1.1645835396881397,1.1620540843786538,1.16815,1.1651799999999999,1.16557,0,0
2025-12-06T03:00:00+0700,1.16437,1.16482,1.16394,1.16419,4113,0.0008799999999999919,0.001934796274139551,0.0008799999999999919,0.00017999999999984695,0.00045000000000006146,0.0002500000000000835,0.2840909090910066,0,0,,0,0,0,0,1.1645460597178405,1.1621378457755693,1.16713,1.16275,1.16437,0,0
2025-12-08T07:00:00+0700,1.16329,1.16529,1.16329,1.16511,5391,0.0020000000000000018,0.0019394536831295831,0.0020000000000000018,0.0018200000000001548,0.00017999999999984695,0.0,0.9100000000000766,0,0,,0,0,0,0,1.1645997683161415,1.162254400843194,1.16482,1.16394,1.16419,0,1
2025-12-08T11:00:00+0700,1.16514,1.16558,1.16482,1.16556,4253,0.0007600000000000939,0.0018552069914774768,0.0007600000000000939,0.0004199999999998649,2.0000000000131024e-05,0.000320000000000098,0.9736842105261466,0,0,,0,0,0,0,1.1646912189526997,1.1623840321826766,1.16482,1.16394,1.16419,0,0
2025-12-08T15:00:00+0700,1.16556,1.16717,1.16475,1.16482,7353,0.0024200000000000887,0.001895549349229092,0.0024200000000000887,0.0007399999999999629,0.0016100000000001113,7.00000000000145e-05,0.02892561983471567,1,0,,0,0,0,0,1.1647034838143475,1.1624795603323754,1.16482,1.16394,1.16419,0,0
2025-12-08T19:00:00+0700,1.16482,1.1656900000000001,1.16453,1.1648,7383,0.0011600000000000499,0.0018430101099984463,0.0011600000000000499,1.999999999990898e-05,0.0008700000000001484,0.00026999999999999247,0.23275862068963868,0,0,,0,0,0,0,1.1647126758320288,1.1625705579664,1.16482,1.16394,1.16419,1,0
2025-12-08T23:00:00+0700,1.1648,1.16543,1.1616,1.1638600000000001,10117,0.00383,0.001984937959284272,0.00383,0.0009399999999999409,0.0006299999999999084,0.0022600000000001508,0.5900783289817626,0,1,,0,0,0,0,1.1646314686099308,1.162621124320659,1.16482,1.16394,1.16419,1,0
2025-12-09T03:00:00+0700,1.16387,1.16414,1.16338,1.16357,4578,0.0007599999999998719,0.0018974423907639575,0.0007599999999998719,0.00029999999999996696,0.00026999999999999247,0.00018999999999991246,0.24999999999992695,0,0,,0,0,0,0,1.164530376361366,1.1626583351316135,1.16717,1.1616,1.1638600000000001,0,0
2025-12-09T07:00:00+0700,1.16316,1.16472,1.16316,1.16468,3609,0.0015600000000000058,0.0018733393628522466,0.0015600000000000058,0.0015199999999999658,4.0000000000040004e-05,0.0,0.9743589743589488,0,0,,0,0,0,0,1.164544626231712,1.1627376161068443,1.16717,1.1616,1.1638600000000001,0,0
2025-12-09T11:00:00+0700,1.16468,1.16498,1.16432,1.1648399999999999,4066,0.0006599999999998829,0.0017866722655056492,0.0006599999999998829,0.00015999999999993797,0.000140000000000029,0.00035999999999991594,0.7878787878787064,0,0,,0,0,0,0,1.1645727570667872,1.1628200625340268,1.16717,1.1616,1.1638600000000001,0,0
2025-12-09T15:00:00+0700,1.1648399999999999,1.16568,1.16332,1.16519,6793,0.0023600000000001398,0.0018276242465409698,0.0023600000000001398,0.0003500000000000725,0.0004900000000001015,0.0015199999999999658,0.7923728813559016,1,0,,0,0,0,0,1.1646315421080455,1.1629130012581828,1.16717,1.1616,1.1638600000000001,0,0
2025-12-09T19:00:00+0700,1.16519,1.16538,1.16286,1.16341,7218,0.0025200000000000777,0.0018770796575023347,0.0025200000000000777,0.0017799999999998928,0.0001900000000001345,0.0005500000000000504,0.21825396825398155,0,0,,0,0,0,0,1.164515204764422,1.1629324914049206,1.16717,1.1616,1.1638600000000001,0,0
2025-12-09T23:00:00+0700,1.16341,1.16406,1.16146,1.16237,9926,0.0026000000000001577,0.0019287168248236079,0.0026000000000001577,0.001040000000000152,0.0006500000000000394,0.0009099999999999664,0.34999999999996584,0,1,,0,0,0,0,1.1643108995487628,1.1629104329184532,1.16717,1.1616,1.1638600000000001,0,1
2025-12-10T03:00:00+0700,1.16236,1.16316,1.16164,1.16251,3714,0.0015199999999999658,0.0018995227659076336,0.0015199999999999658,0.00014999999999987246,0.0006500000000000394,0.0007200000000000539,0.572368421052596,0,0,,0,0,0,0,1.1641393853060236,1.1628947296667493,1.16568,1.16146,1.16237,0,0
2025-12-10T07:00:00+0700,1.1625,1.16284,1.16219,1.16233,3064,0.0006500000000000394,0.001810271139771377,0.0006500000000000394,0.00017000000000000348,0.00034000000000000696,0.000140000000000029,0.21538461538464693,0,0,,0,0,0,0,1.163967062895926,1.1628725834053082,1.16568,1.16146,1.16237,0,0
2025-12-10T11:00:00+0700,1.16233,1.16305,1.1621299999999999,1.16293,2982,0.0009200000000000319,0.0017466803440734239,0.0009200000000000319,0.0005999999999999339,0.00011999999999989797,0.00020000000000020002,0.8695652173914198,0,0,,0,0,0,0,1.163868295001076,1.1628748350364726,1.16568,1.16146,1.16237,0,0
2025-12-10T15:00:00+0700,1.16293,1.16573,1.16282,1.16361,6231,0.002909999999999968,0.0018297746052110342,0.002909999999999968,0.0006800000000000139,0.0021199999999998997,0.0001100000000000545,0.271477663230267,0,0,,0,0,0,0,1.1638436954771638,1.1629036650350424,1.16568,1.16146,1.16237,1,0
2025-12-10T19:00:00+0700,1.16361,1.16419,1.16271,1.16397,6826,0.0014800000000001479,0.001804790704838828,0.0014800000000001479,0.00035999999999991594,0.000220000000000109,0.0009000000000001229,0.8513513513512926,0,0,,0,0,0,0,1.1638557244793388,1.1629454820924916,1.16568,1.16146,1.16237,0,0
2025-12-10T23:00:00+0700,1.1639599999999999,1.16597,1.16334,1.16582,8636,0.00262999999999991,0.0018637342259217623,0.00262999999999991,0.0018600000000001948,0.00014999999999987246,0.0006199999999998429,0.9429657794677272,0,0,BOS_UP,1,0,0,0,1.1640427983384494,1.1630582082849428,1.16568,1.16146,1.16237,0,0
2025-12-11T03:00:00+0700,1.16582,1.16993,1.16434,1.16942,12958,0.005589999999999984,0.0021298960669273496,0.005589999999999984,0.0035999999999998256,0.0005100000000000104,0.0014800000000001479,0.9087656529516973,0,0,BOS_UP,1,0,0,0,1.1645549127824066,1.1633076903129842,1.16597,1.16164,1.16582,0,0
2025-12-11T07:00:00+0700,1.16936,1.17069,1.16858,1.17014,4711,0.0021100000000000563,0.0021284749192896856,0.0021100000000000563,0.0007800000000000029,0.0005500000000000504,0.0007800000000000029,0.7393364928909784,1,0,,0,0,0,0,1.165086825850749,1.1635756240262005,1.16597,1.16164,1.16582,0,0
2025-12-11T11:00:00+0700,1.17013,1.17056,1.16841,1.1685,4565,0.0021500000000000963,0.002130012425054715,0.0021500000000000963,0.0016299999999997983,0.0004300000000001525,9.000000000014552e-05,0.04186046511634488,0,0,,0,0,0,0,1.1654118900554395,1.163768736809487,1.16597,1.16164,1.16582,0,0
2025-12-11T15:00:00+0700,1.16851,1.17061,1.16818,1.17016,6863,0.002429999999999932,0.0021514401089793734,0.002429999999999932,0.0016500000000001513,0.0004499999999998394,0.00032999999999994145,0.8148148148148757,0,1,,0,0,0,0,1.1658640910025406,1.164019374581664,1.16597,1.16164,1.16582,0,0
2025-12-11T19:00:00+0700,1.17016,1.1736,1.16984,1.17305,8144,0.0037599999999999856,0.0022663372440522743,0.0037599999999999856,0.002889999999999837,0.0005500000000000504,0.000320000000000098,0.8537234042553051,0,0,BOS_UP,1,0,0,0,1.166548463288013,1.164373516754932,1.16597,1.16164,1.16582,0,0
2025-12-11T23:00:00+0700,1.17306,1.1762299999999999,1.17299,1.17547,10405,0.0032399999999999096,0.00233588458376282,0.0032399999999999096,0.0024100000000000232,0.0007599999999998719,7.00000000000145e-05,0.7654320987654651,1,0,,0,0,0,0,1.1673981334510595,1.1648086729606209,1.16597,1.16164,1.16582,0,0
2025-12-12T03:00:00+0700,1.17547,1.1758899999999999,1.17362,1.17374,4776,0.002269999999999772,0.0023311785420654595,0.002269999999999772,0.0017300000000000093,0.0004199999999998649,0.00011999999999989797,0.05286343612330838,0,0,,0,0,0,0,1.1680021207414346,1.1651589210798123,1.1762299999999999,1.16434,1.17547,0,0
2025-12-12T07:00:00+0700,1.17382,1.17459,1.17323,1.17346,3888,0.0013600000000000279,0.002261808646203643,0.0013600000000000279,0.000360000000000138,0.0007699999999999374,0.00022999999999995246,0.16911764705878513,0,0,,0,0,0,0,1.1685219187660598,1.1654844535864866,1.1762299999999999,1.16434,1.17547,0,0
2025-12-12T11:00:00+0700,1.1734499999999999,1.17389,1.17307,1.17381,3523,0.0008200000000000429,0.002158822314331957,0.0008200000000000429,0.000360000000000138,8.000000000008001e-05,0.0003799999999998249,0.9024390243901514,0,0,,0,0,0,0,1.1690255455502445,1.1658109456027028,1.1762299999999999,1.16434,1.17547,0,0
2025-12-12T15:00:00+0700,1.17381,1.17429,1.17264,1.17324,6976,0.0016500000000001513,0.0021224778633082567,0.0016500000000001513,0.0005699999999999594,0.00048000000000003595,0.000600000000000156,0.3636363636364248,0,0,,0,0,0,0,1.1694269221645068,1.1661022810692634,1.1762299999999999,1.16434,1.17547,0,0
2025-12-12T19:00:00+0700,1.17324,1.17346,1.17191,1.17269,6437,0.0015499999999999403,0.0020815865873576624,0.0015499999999999403,0.0005500000000000504,0.00021999999999988695,0.0007800000000000029,0.5032258064516342,0,1,,0,0,0,0,1.1697376914821729,1.1663606229881158,1.1762299999999999,1.16434,1.17547,0,0
2025-12-12T23:00:00+0700,1.17269,1.17477,1.17228,1.17473,9254,0.0024900000000001032,0.0021107589739749796,0.0024900000000001032,0.0020400000000000418,4.0000000000040004e-05,0.00041000000000002146,0.9839357429718721,0,0,,0,0,0,0,1.1702131494362518,1.166688833851327,1.1762299999999999,1.16434,1.17547,0,0
2025-12-13T03:00:00+0700,1.17473,1.17494,1.17349,1.17385,4953,0.0014500000000001734,0.0020635619044053507,0.0014500000000001734,0.0008799999999999919,0.00021000000000004349,0.000360000000000138,0.248275862069031,1,0,,0,0,0,0,1.1705595161566087,1.1669696638963731,1.1758899999999999,1.17191,1.17473,0,0
2025-12-15T07:00:00+0700,1.17298,1.1742,1.17273,1.1741,3657,0.0014699999999998603,0.0020211646255192442,0.0014699999999998603,0.0011200000000000099,9.999999999998899e-05,0.00024999999999986144,0.9319727891156473,0,0,,0,0,0,0,1.1708967050940746,1.1672492849200449,1.17494,1.17349,1.17385,0,1
2025-12-15T11:00:00+0700,1.1741,1.17444,1.17313,1.17341,4495,0.0013099999999999223,0.0019703671522678643,0.0013099999999999223,0.0006899999999998574,0.00034000000000000696,0.000280000000000058,0.2137404580153241,0,0,,0,0,0,0,1.1711360665136865,1.167490881589847,1.17494,1.17349,1.17385,0,0
2025-12-15T15:00:00+0700,1.1734,1.17431,1.17259,1.17429,6724,0.0017199999999999438,0.001952483784248727,0.0017199999999999438,0.0008900000000000574,1.999999999990898e-05,0.0008099999999999774,0.9883720930233083,0,1,,0,0,0,0,1.1714364411314309,1.167757513684363,1.17494,1.17349,1.17385,0,1
2025-12-15T19:00:00+0700,1.17429,1.17594,1.17385,1.17471,5715,0.0020899999999999253,0.0019623063710880982,0.0020899999999999253,0.0004199999999998649,0.0012300000000000644,0.00043999999999999595,0.4114832535884649,0,0,,0,0,0,0,1.171748208642723,1.1680301602065448,1.17494,1.17349,1.17385,1,0
2025-12-15T23:00:00+0700,1.17468,1.1768399999999999,1.17436,1.17455,9723,0.0024799999999998157,0.001999284487438935,0.0024799999999998157,0.00012999999999996348,0.0021599999999999397,0.00018999999999991246,0.07661290322577685,1,0,,0,0,0,0,1.1720150459148446,1.168285840198445,1.17494,1.17349,1.17385,1,0
2025-12-16T03:00:00+0700,1.17455,1.17526,1.17379,1.17522,3610,0.0014700000000000824,0.0019614784526218744,0.0014700000000000824,0.0006699999999999484,4.0000000000040004e-05,0.0007600000000000939,0.9727891156462328,0,1,,0,0,0,0,1.1723202796372403,1.1685577680338002,1.1768399999999999,1.17259,1.17455,0,0
2025-12-16T07:00:00+0700,1.17494,1.17575,1.17459,1.17515,3795,0.0011600000000000499,0.0019042299917203156,0.0011600000000000499,0.00020999999999982144,0.000600000000000156,0.0003500000000000725,0.48275862068954295,0,0,,0,0,0,0,1.172589776814646,1.1688162869344356,1.1768399999999999,1.17259,1.17455,0,0
2025-12-16T11:00:00+0700,1.17515,1.17587,1.17488,1.1750099999999999,3901,0.0009900000000000464,0.0018389278494545822,0.0009900000000000464,0.000140000000000029,0.0007200000000000539,0.00012999999999996348,0.13131313131308828,0,0,,0,0,0,0,1.1728202742608702,1.1690591776428891,1.1768399999999999,1.17259,1.17455,0,0
2025-12-16T15:00:00+0700,1.17499,1.17636,1.17439,1.17558,6572,0.0019700000000000273,0.001848290145922114,0.0019700000000000273,0.0005900000000000905,0.0007800000000000029,0.0005999999999999339,0.6040609137055878,0,1,,0,0,0,0,1.1730831052836446,1.1693148961666975,1.1768399999999999,1.17259,1.17455,0,0
2025-12-16T19:00:00+0700,1.17558,1.17943,1.17513,1.17754,9308,0.0042999999999999705,0.0020234122783562465,0.0042999999999999705,0.0019599999999999618,0.0018899999999999473,0.00045000000000006146,0.560465116279079,0,0,BOS_UP,1,0,0,0,1.173507571447107,1.1696374492581996,1.1768399999999999,1.17259,1.17455,0,0
2025-12-16T23:00:00+0700,1.17753,1.18035,1.17608,1.17634,12096,0.004269999999999996,0.0021838828299022284,0.004269999999999996,0.0011900000000000244,0.0028200000000000447,0.00025999999999992696,0.06088992974237171,1,0,,0,0,0,0,1.1737773265473825,1.169900294385329,1.1768399999999999,1.17259,1.17455,1,0
2025-12-17T03:00:00+0700,1.17634,1.17635,1.17346,1.17456,6126,0.002890000000000059,0.0022343197706235023,0.002890000000000059,0.0017799999999998928,1.0000000000065512e-05,0.001100000000000101,0.3806228373702693,0,0,,0,0,0,0,1.1738518668762032,1.1700830279388454,1.18035,1.17379,1.17634,0,1
2025-12-17T07:00:00+0700,1.17451,1.1751800000000001,1.17447,1.17469,3569,0.0007100000000002105,0.0021254397870075527,0.0007100000000002105,0.000180000000000069,0.0004900000000001015,4.0000000000040004e-05,0.3098591549296391,0,0,,0,0,0,0,1.1739316890784697,1.1702636935098711,1.18035,1.17379,1.17634,0,0
2025-12-17T11:00:00+0700,1.17469,1.17476,1.17244,1.17287,4464,0.0023200000000000998,0.002139336945078449,0.0023200000000000998,0.0018199999999999328,7.00000000000145e-05,0.0004300000000001525,0.18534482758626467,0,0,CHOCH_DN,0,0,0,1,1.173830575832901,1.1703659016075234,1.18035,1.17379,1.17634,0,0
2025-12-17T15:00:00+0700,1.17287,1.17301,1.17027,1.17156,8432,0.0027400000000001867,0.0021822414490014303,0.0027400000000001867,0.0013100000000001444,0.000140000000000029,0.0012900000000000134,0.470802919708002,0,1,,0,0,0,0,1.1736143305154818,1.1704127289954638,1.18035,1.17379,1.17634,0,0
2025-12-17T19:00:00+0700,1.17155,1.17328,1.17073,1.17314,8772,0.0025500000000000522,0.002208509916929903,0.0025500000000000522,0.0015899999999999803,0.000140000000000029,0.0008200000000000429,0.945098039215676,0,0,,0,0,0,0,1.173569156180674,1.1705196807995633,1.18035,1.17379,1.17634,0,0
2025-12-17T23:00:00+0700,1.17313,1.17576,1.17278,1.17489,10258,0.0029799999999999827,0.002263616351434909,0.0029799999999999827,0.0017599999999999838,0.0008699999999999264,0.0003500000000000725,0.7080536912751908,1,0,,0,0,0,0,1.1736949508301338,1.1706910658662473,1.18035,1.17379,1.17634,0,1
2025-12-18T03:00:00+0700,1.17488,1.17551,1.17381,1.17392,4317,0.0017000000000000348,0.0022233580406181325,0.0017000000000000348,0.0009599999999998499,0.0006300000000001305,0.0001100000000000545,0.06470588235297191,0,0,,0,0,0,0,1.1737163840844067,1.1708176907342376,1.17635,1.17027,1.17489,0,0
2025-12-18T07:00:00+0700,1.17372,1.17454,1.17347,1.1738,3228,0.0010699999999999044,0.0021409753234311163,0.0010699999999999044,7.999999999985796e-05,0.0007399999999999629,0.0002500000000000835,0.30841121495324386,0,0,,0,0,0,0,1.1737243475049395,1.1709346440387773,1.17635,1.17027,1.17489,0,0
2025-12-18T11:00:00+0700,1.1738,1.17464,1.17363,1.17454,3488,0.0010099999999999554,0.002060191371757462,0.0010099999999999554,0.0007399999999999629,9.999999999998899e-05,0.00017000000000000348,0.9009900990099076,0,0,,0,0,0,0,1.1738020286949453,1.1710760305470607,1.17635,1.17027,1.17489,0,0
2025-12-18T15:00:00+0700,1.17454,1.1749100000000001,1.17168,1.17215,6536,0.003230000000000066,0.0021437491309176477,0.003230000000000066,0.002389999999999892,0.0003700000000002035,0.00046999999999997044,0.14551083591330055,0,0,,0,0,0,0,1.17364469262876,1.1711181469961955,1.17635,1.17027,1.17489,0,0
2025-12-18T19:00:00+0700,1.17215,1.17621,1.17122,1.17464,9579,0.00499000000000005,0.0023470527644235337,0.00499000000000005,0.002489999999999881,0.0015700000000000713,0.0009300000000000974,0.6853707414829547,1,1,,0,0,0,0,1.1737394838069732,1.1712562588786977,1.17635,1.17027,1.17489,0,0
2025-12-18T23:00:00+0700,1.17459,1.17551,1.17148,1.17178,12590,0.004029999999999978,0.0024672632812504226,0.004029999999999978,0.002809999999999979,0.0009200000000000319,0.00029999999999996696,0.07444168734490536,0,0,,0,0,0,0,1.1735528663015473,1.1712767977461997,1.17635,1.17027,1.17489,0,0
2025-12-19T03:00:00+0700,1.1718,1.17273,1.17148,1.17224,4045,0.0012499999999999734,0.002380315904018248,0.0012499999999999734,0.00043999999999999595,0.0004900000000001015,0.00031999999999987594,0.6079999999999105,0,0,,0,0,0,0,1.1734278314156859,1.1713145703836036,1.17621,1.17122,1.17178,0,0
2025-12-19T07:00:00+0700,1.17156,1.1728399999999999,1.17156,1.1724,4013,0.0012799999999999478,0.0023017219108740837,0.0012799999999999478,0.0008400000000001739,0.0004399999999997739,0.0,0.6562500000001626,0,0,,0,0,0,0,1.1733299427094301,1.1713571362509134,1.17621,1.17122,1.17178,0,0
2025-12-19T11:00:00+0700,1.17239,1.17281,1.17151,1.17196,3802,0.0012999999999998568,0.0022301703458116394,0.0012999999999998568,0.0004300000000001525,0.0004199999999998649,0.0004499999999998394,0.34615384615376077,0,0,,0,0,0,0,1.1731994719751986,1.171380777966564,1.17621,1.17122,1.17178,0,0
2025-12-19T15:00:00+0700,1.17195,1.17212,1.17029,1.17117,7833,0.0018299999999999983,0.0022015867496822366,0.0018299999999999983,0.0007800000000000029,0.00017000000000000348,0.0008799999999999919,0.48087431693988675,0,0,BOS_DN,0,1,0,0,1.1730061889299415,1.1713725121639538,1.17621,1.17122,1.17178,0,0
2025-12-19T19:00:00+0700,1.17117,1.1718899999999999,1.17024,1.1718899999999999,7099,0.0016499999999999293,0.0021621876961335005,0.0016499999999999293,0.0007199999999998319,0.0,0.0009300000000000974,1.0,0,1,,0,0,0,0,1.172899885222328,1.171392805804583,1.17621,1.17122,1.17178,0,1
2025-12-19T23:00:00+0700,1.1719,1.17373,1.1708,1.17188,9044,0.002929999999999877,0.0022170314321239564,0.002929999999999877,1.999999999990898e-05,0.0018299999999999983,0.0010799999999999699,0.3686006825938618,1,0,,0,0,0,0,1.1728027532963918,1.1714119114593053,1.17621,1.17122,1.17178,0,1
2025-12-20T03:00:00+0700,1.17188,1.17267,1.17046,1.17068,4140,0.0022100000000000453,0.0022165291869722485,0.0022100000000000453,0.0012000000000000899,0.0007900000000000684,0.00021999999999988695,0.09954751131216401,0,0,,0,0,0,0,1.172600586315783,1.1713832090491365,1.17373,1.17024,1.17188,0,0
2025-12-22T07:00:00+0700,1.17139,1.1719,1.17056,1.17168,4954,0.0013399999999998968,0.0021539199593313663,0.0013399999999998968,0.0002900000000001235,0.00021999999999988695,0.0008299999999998864,0.8358208955224598,0,0,,0,0,0,0,1.1725129114285655,1.1713948479099547,1.17267,1.17046,1.17068,0,0
2025-12-22T11:00:00+0700,1.17168,1.17217,1.17131,1.17168,2755,0.0008599999999998609,0.002061497105093402,0.0008599999999998609,0.0,0.0004899999999998794,0.00036999999999998145,0.43023255813958294,0,0,,0,0,0,0,1.1724335865306068,1.1714060303448586,1.17267,1.17046,1.17068,0,0
2025-12-22T15:00:00+0700,1.17168,1.17378,1.17126,1.17296,5593,0.0025200000000000777,0.0020942473118724506,0.0025200000000000777,0.0012799999999999478,0.0008200000000000429,0.00042000000000008697,0.6746031746031677,0,0,,0,0,0,0,1.1724837211467394,1.1714669703313347,1.17267,1.17046,1.17068,0,0
2025-12-22T19:00:00+0700,1.17296,1.1754,1.17283,1.17502,7072,0.002569999999999961,0.0021282296467387014,0.002569999999999961,0.0020599999999999508,0.00038000000000004697,0.00012999999999996348,0.8521400778209912,0,0,CHOCH_UP,0,0,1,0,1.1727252715137164,1.1716063048281453,1.17267,1.17046,1.17068,0,0
2025-12-22T23:00:00+0700,1.1750099999999999,1.17689,1.17446,1.17577,7386,0.002429999999999932,0.0021497846719716464,0.002429999999999932,0.0007600000000000939,0.0011200000000000099,0.0005499999999998284,0.5390946502057444,0,0,BOS_UP,1,0,0,0,1.1730152456552674,1.1717695869917475,1.17267,1.17046,1.17068,0,0
2025-12-23T03:00:00+0700,1.17576,1.17614,1.17484,1.17604,3174,0.0012999999999998568,0.0020890857668308047,0.0012999999999998568,0.000280000000000058,9.999999999998899e-05,0.0009199999999998099,0.9230769230769231,0,0,BOS_UP,1,0,0,0,1.173303317497623,1.1719370541685417,1.17689,1.17056,1.17577,0,0
2025-12-23T07:00:00+0700,1.17533,1.17757,1.1752,1.17726,4805,0.0023699999999999832,0.0021091510692000316,0.0023699999999999832,0.0019299999999999873,0.00031000000000003247,0.00012999999999996348,0.8691983122362723,0,0,BOS_UP,1,0,0,0,1.1736801444026113,1.1721457971423244,1.17689,1.17056,1.17577,0,0
2025-12-23T11:00:00+0700,1.17726,1.178,1.17721,1.17746,4055,0.0007899999999998464,0.00201492599282859,0.0007899999999998464,0.00019999999999997797,0.0005399999999999849,4.999999999988347e-05,0.3164556962024178,0,0,BOS_UP,1,0,0,0,1.1740401306499817,1.17235419725439,1.17689,1.17056,1.17577,0,0
2025-12-23T15:00:00+0700,1.17746,1.17924,1.17681,1.17922,6884,0.0024300000000001543,0.0020445741361979873,0.0024300000000001543,0.0017599999999999838,2.0000000000131024e-05,0.0006500000000000394,0.9917695473250495,0,0,BOS_UP,1,0,0,0,1.1745334515404595,1.1726234444208845,1.17689,1.17056,1.17577,0,0
2025-12-23T19:00:00+0700,1.17922,1.18015,1.17737,1.17743,9403,0.0027800000000000047,0.0020971045550409887,0.0027800000000000047,0.0017899999999999583,0.0009300000000000974,5.999999999994898e-05,0.021582733812931253,1,0,,0,0,0,0,1.174809313298511,1.1728119367965362,1.17689,1.17056,1.17577,0,0
2025-12-23T23:00:00+0700,1.17744,1.17799,1.17635,1.17703,10472,0.0016400000000000858,0.0020644542296809243,0.0016400000000000858,0.00041000000000002146,0.0005500000000000504,0.0006800000000000139,0.4146341463414502,0,1,,0,0,0,0,1.1750208072700812,1.1729773510398092,1.17689,1.17056,1.17577,0,0
2025-12-24T03:00:00+0700,1.17703,1.17963,1.1769,1.1791800000000001,4834,0.002729999999999899,0.002111993213275137,0.002729999999999899,0.0021500000000000963,0.0004499999999998394,0.00012999999999996348,0.8351648351648879,0,0,,0,0,0,0,1.1754169208634067,1.1732205921755028,1.18015,1.17484,1.17703,0,0
2025-12-24T07:00:00+0700,1.1789399999999999,1.18058,1.17885,1.18049,5108,0.0017300000000000093,0.002084707983755485,0.0017300000000000093,0.0015500000000001624,8.999999999992347e-05,8.999999999992347e-05,0.9479768786127613,0,0,BOS_UP,1,0,0,0,1.175900071257368,1.1735056669921498,1.18015,1.17484,1.17703,0,0
2025-12-24T11:00:00+0700,1.1804999999999999,1.18075,1.17854,1.17985,4664,0.0022100000000000453,0.0020936574134872393,0.0022100000000000453,0.0006499999999998174,0.0002500000000000835,0.0013100000000001444,0.5927601809955283,1,0,,0,0,0,0,1.1762762549471426,1.1737544643650069,1.18015,1.17484,1.17703,1,0
2025-12-24T15:00:00+0700,1.17985,1.18035,1.17791,1.17992,8008,0.0024399999999999977,0.0021183961696667223,0.0024399999999999977,7.00000000000145e-05,0.00042999999999993044,0.0019400000000000528,0.8237704918033071,0,0,,0,0,0,0,1.1766232782855102,1.1739962500761831,1.18015,1.17484,1.17703,1,0
2025-12-24T19:00:00+0700,1.17992,1.17995,1.17835,1.17848,6421,0.0016000000000000458,0.0020813678718333882,0.0016000000000000458,0.0014400000000001079,2.999999999997449e-05,0.00012999999999996348,0.08124999999997484,0,0,,0,0,0,0,1.1768001089249853,1.1741720834065288,1.18015,1.17484,1.17703,0,0
2025-12-24T23:00:00+0700,1.17843,1.17864,1.17722,1.1776200000000001,7705,0.0014199999999999768,0.002034127309559573,0.0014199999999999768,0.0008099999999999774,0.00020999999999982144,0.000400000000000178,0.2816901408452004,0,1,,0,0,0,0,1.1768781937892723,1.174307295821959,1.18015,1.17484,1.17703,0,0
2025-12-25T03:00:00+0700,1.17761,1.17816,1.17738,1.17758,2738,0.0007800000000000029,0.0019445467874481751,0.0007800000000000029,2.999999999997449e-05,0.0005500000000000504,0.00019999999999997797,0.2564102564102272,0,0,,0,0,0,0,1.1769450324760082,1.1744356371622744,1.18075,1.1769,1.1776200000000001,0,0
2025-12-26T07:00:00+0700,1.17765,1.17915,1.17763,1.17869,6772,0.0015699999999998493,0.0019177934454875805,0.0015199999999999658,0.0010399999999999299,0.00045999999999990493,2.0000000000131024e-05,0.6973684210526874,0,0,,0,0,0,0,1.1771112198592455,1.1746024749206168,1.17816,1.17738,1.17758,0,0
2025-12-26T11:00:00+0700,1.17869,1.17932,1.1779600000000001,1.1785700000000001,4279,0.0013599999999998058,0.001877951056524168,0.0013599999999998058,0.00011999999999989797,0.0006299999999999084,0.0006099999999999994,0.4485294117647695,0,0,,0,0,0,0,1.1772501513012221,1.1747580641394162,1.17816,1.17738,1.17758,0,0
2025-12-26T15:00:00+0700,1.1785700000000001,1.17873,1.1766,1.17698,6127,0.0021299999999999653,0.001895954552486725,0.0021299999999999653,0.0015900000000002024,0.00015999999999993797,0.0003799999999998249,0.17840375586846532,0,0,CHOCH_DN,0,0,0,1,1.1772244226058677,1.174845198879047,1.17816,1.17738,1.17758,1,0
2025-12-26T19:00:00+0700,1.17698,1.17963,1.17685,1.1791,6069,0.0027800000000000047,0.001959100655880531,0.0027800000000000047,0.002120000000000122,0.0005299999999999194,0.00012999999999996348,0.8093525179856408,1,0,,0,0,0,0,1.1774030490243563,1.1750120538249667,1.17816,1.17738,1.17758,0,1
2025-12-26T23:00:00+0700,1.17912,1.1794,1.17611,1.17696,8717,0.003290000000000015,0.0020541648947462084,0.003290000000000015,0.0021599999999999397,0.000280000000000058,0.0008500000000000174,0.2583586626139859,0,1,,0,0,0,0,1.1773608538791795,1.1750884438710465,1.17816,1.17738,1.17758,1,0
2025-12-27T03:00:00+0700,1.17698,1.17812,1.17652,1.17695,5268,0.0016000000000000458,0.0020217245451214826,0.0016000000000000458,2.999999999997449e-05,0.001140000000000141,0.00042999999999993044,0.2687499999999488,0,0,,0,0,0,0,1.1773217249383052,1.175161446072182,1.17963,1.17611,1.17696,0,0
2025-12-29T07:00:00+0700,1.17633,1.17858,1.17633,1.17836,4116,0.0022499999999998632,0.0020380299347556525,0.0022499999999998632,0.0020299999999999763,0.00021999999999988695,0.0,0.9022222222222666,0,0,,0,0,0,0,1.1774206082775143,1.1752868795595475,1.17812,1.17652,1.17695,0,1
2025-12-29T11:00:00+0700,1.17836,1.17848,1.17534,1.17556,3851,0.0031399999999999206,0.0021167420822731002,0.0031399999999999206,0.0028000000000001357,0.00011999999999989797,0.00021999999999988695,0.07006369426748169,0,1,,0,0,0,0,1.1772434074891795,1.1752975901650555,1.17812,1.17652,1.17695,1,0
2025-12-29T15:00:00+0700,1.17556,1.17886,1.17539,1.17759,6899,0.003470000000000084,0.0022134033621107416,0.003470000000000084,0.0020299999999999763,0.0012700000000001044,0.00017000000000000348,0.6340057636887396,1,0,,0,0,0,0,1.1772764162997338,1.1753874885899553,1.17812,1.17652,1.17695,1,1
2025-12-29T19:00:00+0700,1.17759,1.1779600000000001,1.17551,1.17694,7566,0.0024500000000000632,0.002230303121959979,0.0024500000000000632,0.0006499999999998174,0.0003700000000002035,0.0014300000000000423,0.5836734693877573,0,0,,0,0,0,0,1.17724437665214,1.1754483713903492,1.17812,1.17652,1.17695,0,1
2025-12-29T23:00:00+0700,1.17694,1.17883,1.1749,1.17516,9682,0.003929999999999989,0.0023517100418199797,0.003929999999999989,0.0017800000000001148,0.0018899999999999473,0.00025999999999992696,0.06615776081423096,0,1,,0,0,0,0,1.1770458645900315,1.1754370627083748,1.17812,1.17652,1.17695,1,0
2025-12-30T03:00:00+0700,1.17516,1.17743,1.17502,1.17708,3257,0.0024100000000000232,0.002355873610261412,0.0024100000000000232,0.0019199999999999218,0.0003500000000000725,0.000140000000000029,0.8547717842323365,0,0,,0,0,0,0,1.1770491155814569,1.1755014916217719,1.17886,1.1749,1.17516,0,0
2025-12-30T07:00:00+0700,1.1766,1.17746,1.17615,1.1774499999999999,3302,0.0013099999999999223,0.0022811683523855913,0.0013099999999999223,0.0008499999999997954,1.0000000000065512e-05,0.00045000000000006146,0.99236641221369,0,0,,0,0,0,0,1.1770872950498896,1.1755779037150356,1.17886,1.1749,1.17516,0,0
2025-12-30T11:00:00+0700,1.1774499999999999,1.17785,1.177,1.17747,3022,0.0008500000000000174,0.0021789420415009074,0.0008500000000000174,2.0000000000131024e-05,0.00038000000000004697,0.0004499999999998394,0.5529411764705421,0,0,,0,0,0,0,1.1771237431403763,1.175652103569348,1.17886,1.1749,1.17516,0,0
2025-12-30T15:00:00+0700,1.17747,1.17794,1.17638,1.17683,5792,0.0015600000000000058,0.0021347318956794143,0.0015600000000000058,0.0006399999999999739,0.00046999999999997044,0.00045000000000006146,0.2884615384615768,1,0,,0,0,0,0,1.1770957676031977,1.1756982955862363,1.17886,1.1749,1.17516,0,0
2025-12-30T19:00:00+0700,1.17683,1.1777,1.1755,1.17629,7210,0.0021999999999999797,0.0021393939031308833,0.0021999999999999797,0.0005399999999999849,0.0008699999999999264,0.0007900000000000684,0.3590909090909435,0,0,,0,0,0,0,1.1770190278314645,1.1757214996808938,1.17886,1.1749,1.17516,0,0
2025-12-30T23:00:00+0700,1.17629,1.17661,1.17448,1.17555,8148,0.0021299999999999653,0.0021387229100501034,0.0021299999999999653,0.0007399999999999629,0.00031999999999987594,0.0010700000000001264,0.5023474178404431,0,0,,0,0,0,0,1.1768791204189442,1.1757147742032117,1.17886,1.1749,1.17516,0,1
2025-12-31T03:00:00+0700,1.17556,1.1759,1.17429,1.17464,3439,0.0016099999999998893,0.0021009569879036597,0.0016099999999998893,0.0009200000000000319,0.00034000000000000696,0.00034999999999985043,0.21739130434774814,0,0,BOS_DN,0,1,0,0,1.176665870855235,1.1756726261952426,1.17794,1.17448,1.17555,0,1
2025-12-31T07:00:00+0700,1.17421,1.17487,1.17414,1.17421,2135,0.0007300000000001194,0.0020030314887676927,0.0007300000000001194,0.0,0.000660000000000105,7.00000000000145e-05,0.09589041095890828,0,0,BOS_DN,0,1,0,0,1.1764319783928316,1.175615268305233,1.17794,1.17448,1.17555,0,0
2025-12-31T11:00:00+0700,1.17421,1.17431,1.17326,1.17381,2979,0.0010499999999999954,0.0019349578109985716,0.0010499999999999954,0.00039999999999995595,9.999999999998899e-05,0.0005500000000000504,0.5238095238095741,0,0,BOS_DN,0,1,0,0,1.1761822661649428,1.1755444734697336,1.17794,1.17448,1.17555,0,0
2025-12-31T15:00:00+0700,1.17381,1.17394,1.17196,1.1734499999999999,5575,0.001980000000000093,0.0019381751102129662,0.001980000000000093,0.000360000000000138,0.00012999999999996348,0.0014899999999999913,0.7525252525252129,0,1,,0,0,0,0,1.1759220503397103,1.1754623372552344,1.17794,1.17448,1.17555,0,0
2025-12-31T19:00:00+0700,1.17346,1.1759,1.17282,1.17414,7158,0.0030799999999999716,0.002019734030912038,0.0030799999999999716,0.0006800000000000139,0.0017599999999999838,0.0006399999999999739,0.42857142857142855,1,0,,0,0,0,0,1.175752331259738,1.175410480892284,1.17794,1.17448,1.17555,0,0
2025-12-31T23:00:00+0700,1.17415,1.17484,1.17198,1.17354,10258,0.0028600000000000847,0.0020797530287040415,0.0028600000000000847,0.0006099999999999994,0.0006900000000000794,0.0015600000000000058,0.5454545454545313,0,0,,0,0,0,0,1.1755416330445247,1.1753371287004297,1.17794,1.17448,1.17555,0,0
2026-01-01T03:00:00+0700,1.17355,1.17526,1.173,1.17444,4349,0.0022599999999999287,0.0020926278123680336,0.0022599999999999287,0.0008899999999998354,0.0008200000000000429,0.0005500000000000504,0.6371681415928899,0,0,,0,0,0,0,1.1754367156117127,1.175301947182766,1.1759,1.17196,1.17354,0,0
2026-01-02T07:00:00+0700,1.17447,1.1762299999999999,1.17447,1.17605,2567,0.0017899999999999583,0.0020710115400560283,0.0017599999999999838,0.0015800000000001369,0.00017999999999984695,0.0,0.8977272727273587,0,0,CHOCH_UP,0,0,1,0,1.1754951236486926,1.1753312825873632,1.17526,1.173,1.17444,0,0
2026-01-02T11:00:00+0700,1.17605,1.17645,1.17503,1.17509,2699,0.0014199999999999768,0.00202451071576631,0.0014199999999999768,0.0009600000000000719,0.00039999999999995595,5.999999999994898e-05,0.04225352112672533,1,0,,0,0,0,0,1.1754565404440551,1.1753218205251137,1.17526,1.173,1.17444,1,0
2026-01-02T15:00:00+0700,1.17509,1.17509,1.17202,1.1721,6655,0.003069999999999906,0.002099188521782996,0.003069999999999906,0.002990000000000048,0.0,7.999999999985796e-05,0.026058631921778635,0,0,,0,0,0,0,1.1751368699255738,1.175195474622168,1.17526,1.173,1.17444,0,0
2026-01-02T19:00:00+0700,1.1721,1.17286,1.17129,1.17212,6401,0.0015700000000000713,0.002061389341655644,0.0015700000000000713,2.0000000000131024e-05,0.0007399999999999629,0.0008099999999999774,0.5286624203822107,0,1,,0,0,0,0,1.174849548980281,1.17507486777424,1.17526,1.173,1.17444,0,0
2026-01-02T23:00:00+0700,1.1721300000000001,1.17538,1.17153,1.17302,8763,0.003850000000000131,0.0021891472458231073,0.003850000000000131,0.0008899999999998354,0.0023600000000001398,0.000600000000000156,0.3870129870129716,1,0,,0,0,0,0,1.1746753062202544,1.1749942847242698,1.17526,1.173,1.17444,1,1
2026-01-03T03:00:00+0700,1.17302,1.1730800000000001,1.17138,1.17183,4765,0.0017000000000000348,0.0021542081568357452,0.0017000000000000348,0.0011900000000000244,6.000000000017103e-05,0.0004499999999998394,0.2647058823528413,0,0,,0,0,0,0,1.1744043246754683,1.1748701951272396,1.17645,1.17129,1.17302,0,0
2026-01-05T07:00:00+0700,1.17185,1.17198,1.16994,1.16999,5136,0.0020400000000000418,0.0021460504313474808,0.0020400000000000418,0.0018599999999999728,0.00012999999999996348,5.0000000000105516e-05,0.02450980392161985,0,0,CHOCH_DN,0,0,0,1,1.1739839128016143,1.1746788149261713,1.1730800000000001,1.17138,1.17183,0,0
2026-01-05T11:00:00+0700,1.16999,1.17012,1.16719,1.16849,4913,0.002930000000000099,0.0022020468291083822,0.002930000000000099,0.0015000000000000568,0.00012999999999996348,0.0013000000000000789,0.44368600682595044,0,0,BOS_DN,0,1,0,0,1.1734606830109844,1.1744361163016157,1.1730800000000001,1.17138,1.17183,0,0
2026-01-05T15:00:00+0700,1.16849,1.1694499999999999,1.16733,1.1682,7124,0.0021199999999998997,0.002196186341314919,0.0021199999999998997,0.0002900000000001235,0.0009599999999998499,0.0008699999999999264,0.41037735849055074,0,0,BOS_DN,0,1,0,0,1.172959665581367,1.1741915627211603,1.1730800000000001,1.17138,1.17183,0,0
2026-01-05T19:00:00+0700,1.1682,1.16905,1.16585,1.16741,8550,0.0031999999999998696,0.002267887316935273,0.0031999999999998696,0.0007899999999998464,0.0008500000000000174,0.0015600000000000058,0.4875000000000217,0,1,,0,0,0,0,1.1724311260021891,1.1739256190850365,1.1730800000000001,1.17138,1.17183,0,0
2026-01-05T23:00:00+0700,1.16741,1.17193,1.16728,1.1714,10668,0.004649999999999821,0.0024380382228684546,0.004649999999999821,0.003989999999999938,0.0005299999999999194,0.00012999999999996348,0.886021505376357,0,0,,0,0,0,0,1.1723329235257902,1.1738265751993489,1.1730800000000001,1.17138,1.17183,0,1
2026-01-06T03:00:00+0700,1.1714,1.17283,1.17129,1.17202,4432,0.0015400000000000968,0.002373892635520715,0.0015400000000000968,0.0006200000000000649,0.0008099999999999774,0.0001100000000000545,0.47402597402602176,0,0,,0,0,0,0,1.1723031212852388,1.1737557291131,1.17198,1.16585,1.1714,0,0
2026-01-06T07:00:00+0700,1.17175,1.1724999999999999,1.17102,1.1724999999999999,3635,0.0014799999999999258,0.0023100431615549447,0.0014799999999999258,0.0007499999999998064,0.0,0.0007300000000001194,1.0,0,0,,0,0,0,0,1.1723218716390256,1.173706484834155,1.17198,1.16585,1.1714,0,0
2026-01-06T11:00:00+0700,1.1724999999999999,1.17378,1.17217,1.17283,4161,0.0016100000000001113,0.002260040078586742,0.0016100000000001113,0.0003300000000001635,0.0009500000000000064,0.00032999999999994145,0.4099378881987946,0,0,,0,0,0,0,1.1723702648162613,1.1736721128798744,1.17198,1.16585,1.1714,0,0
2026-01-06T15:00:00+0700,1.1728399999999999,1.17424,1.17076,1.1712799999999999,7343,0.0034799999999999276,0.0023471800729733985,0.0034799999999999276,0.0015600000000000058,0.0014000000000000679,0.0005199999999998539,0.14942528735628297,1,0,,0,0,0,0,1.1722664300718555,1.1735783045316441,1.17198,1.16585,1.1714,1,0
2026-01-06T19:00:00+0700,1.1712799999999999,1.17167,1.16967,1.17106,7498,0.0020000000000000018,0.002322381496332442,0.0020000000000000018,0.00021999999999988695,0.0003900000000001125,0.0013900000000000023,0.6950000000000005,0,0,,0,0,0,0,1.172151531969774,1.1734795474911874,1.17198,1.16585,1.1714,0,0
2026-01-06T23:00:00+0700,1.17106,1.17171,1.16835,1.17002,10292,0.0033600000000000296,0.0023964971037372692,0.0033600000000000296,0.0010399999999999299,0.0006500000000000394,0.0016700000000000603,0.4970238095238231,0,0,,0,0,0,0,1.1719485289250335,1.1733438789621213,1.17198,1.16585,1.1714,0,0
2026-01-07T03:00:00+0700,1.17002,1.17017,1.16834,1.16872,4232,0.0018299999999999983,0.002356033024898893,0.0018299999999999983,0.0013000000000000789,0.00014999999999987246,0.00038000000000004697,0.20765027322406956,0,0,,0,0,0,0,1.1716410499797922,1.1731625503753715,1.17424,1.16835,1.17002,0,1
2026-01-07T07:00:00+0700,1.1684,1.17001,1.16831,1.16952,3390,0.0017000000000000348,0.002309173523120403,0.0017000000000000348,0.0011199999999997878,0.0004900000000001015,9.000000000014552e-05,0.7117647058822991,0,0,,0,0,0,0,1.171439045219812,1.173019705262612,1.17424,1.16835,1.17002,0,1
2026-01-07T11:00:00+0700,1.16952,1.17023,1.16904,1.16927,3913,0.0011900000000000244,0.0022292325571832334,0.0011900000000000244,0.00024999999999986144,0.0007100000000002105,0.00022999999999995246,0.19327731092432585,1,0,,0,0,0,0,1.1712324694845917,1.1728726579974114,1.17424,1.16835,1.17002,0,0
2026-01-07T15:00:00+0700,1.16927,1.16991,1.16724,1.16838,6329,0.00266999999999995,0.002260715945955856,0.00266999999999995,0.0008900000000000574,0.0006399999999999739,0.0011399999999999189,0.426966292134809,0,1,,0,0,0,0,1.1709608057241543,1.1726964753308462,1.17424,1.16835,1.17002,0,1
2026-01-07T19:00:00+0700,1.16838,1.16944,1.16807,1.16912,6890,0.0013700000000000934,0.0021970933783875875,0.0013700000000000934,0.0007399999999999629,0.000320000000000098,0.00031000000000003247,0.766423357664178,0,0,,0,0,0,0,1.1707854908932824,1.1725562213963032,1.17424,1.16835,1.17002,0,1
2026-01-07T23:00:00+0700,1.16911,1.16982,1.1679599999999999,1.1687400000000001,10305,0.0018600000000001948,0.0021730152799313454,0.0018600000000001948,0.00036999999999998145,0.0007099999999999884,0.000780000000000225,0.41935483870975443,0,0,,0,0,0,0,1.1705906822367795,1.1724065656552718,1.17424,1.16835,1.17002,0,1
2026-01-08T03:00:00+0700,1.16876,1.16898,1.16732,1.16744,4022,0.0016599999999999948,0.0021363713313648208,0.0016599999999999948,0.0013199999999999878,0.00021999999999988695,0.00012000000000012001,0.07228915662657855,0,0,,0,0,0,0,1.1702906172618481,1.172211798374673,1.17023,1.16724,1.1687400000000001,0,0
2026-01-08T07:00:00+0700,1.16729,1.16776,1.16724,1.16743,2211,0.0005199999999998539,0.002020916236267323,0.0005199999999998539,0.000140000000000029,0.00032999999999994145,4.999999999988347e-05,0.3653846153845497,0,0,,0,0,0,0,1.1700181775226246,1.1720242768697837,1.17023,1.16724,1.1687400000000001,0,0
2026-01-08T11:00:00+0700,1.16744,1.16825,1.16722,1.1682,3445,0.0010300000000000864,0.0019501365051053778,0.0010300000000000864,0.0007599999999998719,5.0000000000105516e-05,0.000220000000000109,0.9514563106795133,0,0,,0,0,0,0,1.1698450177585653,1.1718743052278315,1.17023,1.16724,1.1687400000000001,0,1
2026-01-08T15:00:00+0700,1.1682,1.16825,1.16685,1.16763,6582,0.0014000000000000679,0.0019108410404549984,0.0014000000000000679,0.0005699999999999594,5.0000000000105516e-05,0.0007800000000000029,0.5571428571428322,0,0,,0,0,0,0,1.169634063686321,1.1717078618855639,1.17023,1.16724,1.1687400000000001,0,1
2026-01-08T19:00:00+0700,1.16763,1.16815,1.16578,1.16624,6349,0.0023699999999999832,0.001943638108993926,0.0023699999999999832,0.0013900000000000023,0.000520000000000076,0.00045999999999990493,0.19409282700418068,0,0,BOS_DN,0,1,0,0,1.169310819525719,1.1714934359292672,1.17023,1.16724,1.1687400000000001,0,0
2026-01-08T23:00:00+0700,1.16624,1.1673499999999999,1.16432,1.16502,8875,0.003029999999999866,0.002021235386922922,0.003029999999999866,0.0012199999999999989,0.0011099999999999444,0.0006999999999999229,0.23102310231021578,0,0,BOS_DN,0,1,0,0,1.1689021700470792,1.171239575696747,1.17023,1.16724,1.1687400000000001,0,0
2026-01-09T03:00:00+0700,1.16501,1.16621,1.16422,1.16571,4460,0.0019899999999999363,0.0020190042878569943,0.0019899999999999363,0.0006999999999999229,0.0004999999999999449,0.0007900000000000684,0.7487437185929845,0,1,,0,0,0,0,1.168598153852119,1.1710227295909923,1.16898,1.16432,1.16502,0,1
2026-01-09T07:00:00+0700,1.16562,1.16619,1.1648,1.16487,2850,0.0013900000000000023,0.0019740754101529234,0.0013900000000000023,0.0007500000000000284,0.0005699999999999594,7.00000000000145e-05,0.05035971223022617,0,0,,0,0,0,0,1.1682430915804887,1.17078144607762,1.16898,1.16432,1.16502,0,0
2026-01-09T11:00:00+0700,1.16487,1.16588,1.16455,1.16506,3601,0.0013300000000000534,0.0019280700237134327,0.0013300000000000534,0.00018999999999991246,0.0008200000000000429,0.000320000000000098,0.38345864661653384,0,0,,0,0,0,0,1.1679399400013946,1.1705570756432035,1.16898,1.16432,1.16502,0,0
2026-01-09T15:00:00+0700,1.16506,1.16525,1.16397,1.1642000000000001,5642,0.0012799999999999478,0.0018817793077338981,0.0012799999999999478,0.0008599999999998609,0.00018999999999991246,0.0002300000000001745,0.17968750000014366,0,0,BOS_DN,0,1,0,0,1.167583755239357,1.1703077785591565,1.16898,1.16432,1.16502,0,0
2026-01-09T19:00:00+0700,1.1642000000000001,1.16601,1.16252,1.16448,8185,0.003489999999999993,0.0019966522143243333,0.003489999999999993,0.00027999999999983594,0.0015300000000000313,0.0016800000000001258,0.5616045845272107,1,0,,0,0,0,0,1.1672881595022755,1.1700792382235035,1.16898,1.16432,1.16502,0,1
2026-01-09T23:00:00+0700,1.16441,1.1652,1.16177,1.16312,12225,0.003430000000000044,0.0020990341990154556,0.003430000000000044,0.0012900000000000134,0.0007900000000000684,0.0013499999999999623,0.39358600583088776,0,1,,0,0,0,0,1.1668911919306302,1.169806326920621,1.16898,1.16432,1.16502,0,0
2026-01-10T03:00:00+0700,1.16314,1.16395,1.16281,1.16317,3903,0.001140000000000141,0.0020305317562286478,0.001140000000000141,2.999999999997449e-05,0.0007800000000000029,0.0003300000000001635,0.31578947368429255,0,0,,0,0,0,0,1.1665367926991417,1.1695460788060867,1.16621,1.16177,1.16312,0,0
2026-01-12T07:00:00+0700,1.16268,1.16709,1.16212,1.16559,5772,0.004969999999999919,0.0022404937736408815,0.004969999999999919,0.002909999999999968,0.0015000000000000568,0.0005599999999998939,0.6981891348088367,0,0,,0,0,0,0,1.16644662196589,1.1693909384607502,1.16395,1.16281,1.16317,0,1
2026-01-12T11:00:00+0700,1.16557,1.16705,1.16525,1.16687,4068,0.0018000000000000238,0.0022090299326665347,0.0018000000000000238,0.0013000000000000789,0.00017999999999984695,0.000320000000000098,0.9000000000000864,0,0,CHOCH_UP,0,0,1,0,1.1664869436834242,1.169292078128956,1.16395,1.16281,1.16317,0,0
2026-01-12T15:00:00+0700,1.16687,1.16954,1.16636,1.16816,7522,0.0031799999999999606,0.002278384937476065,0.0031799999999999606,0.0012900000000000134,0.0013799999999999368,0.0005100000000000104,0.5660377358490711,0,0,BOS_UP,1,0,0,0,1.166646282380241,1.1692476829082126,1.16395,1.16281,1.16317,0,0
2026-01-12T19:00:00+0700,1.1681300000000001,1.16981,1.1675200000000001,1.16924,7217,0.0022899999999999032,0.002279214584799197,0.0022899999999999032,0.0011099999999999444,0.0005699999999999594,0.0006099999999999994,0.7510917030567758,1,0,,0,0,0,0,1.1668933031059323,1.1692473816176945,1.16395,1.16281,1.16317,0,0
2026-01-12T23:00:00+0700,1.16922,1.16924,1.16657,1.16682,8864,0.00266999999999995,0.002307127828742108,0.00266999999999995,0.0023999999999999577,2.0000000000131024e-05,0.00024999999999986144,0.09363295880144798,0,0,,0,0,0,0,1.1668863218577483,1.1691521901817064,1.16395,1.16281,1.16317,0,0
2026-01-13T03:00:00+0700,1.16682,1.16733,1.16626,1.16649,3266,0.0010699999999999044,0.002218761555260522,0.0010699999999999044,0.00032999999999994145,0.0005100000000000104,0.00022999999999995246,0.21495327102801218,0,0,,0,0,0,0,1.1668485769189152,1.1690477905667376,1.16981,1.16212,1.16682,0,0
2026-01-13T07:00:00+0700,1.16661,1.16702,1.1656,1.16578,3671,0.0014199999999999768,0.0021617071584561975,0.0014199999999999768,0.0008299999999998864,0.00041000000000002146,0.000180000000000069,0.12676056338033234,0,0,,0,0,0,0,1.1667468076885423,1.1689196419170618,1.16981,1.16212,1.16682,0,0
2026-01-13T11:00:00+0700,1.16581,1.16671,1.16561,1.16623,3643,0.0010999999999998789,0.002085870932852175,0.0010999999999998789,0.00042000000000008697,0.0004799999999998139,0.00019999999999997797,0.5636363636364847,0,0,,0,0,0,0,1.1666975879086812,1.1688141657634517,1.16981,1.16212,1.16682,0,0
2026-01-13T15:00:00+0700,1.16624,1.16722,1.16534,1.16714,5889,0.0018799999999998818,0.002071165866219868,0.0018799999999998818,0.0009000000000001229,7.999999999985796e-05,0.0008999999999999009,0.9574468085107112,0,0,,0,0,0,0,1.1667397223935687,1.1687485122041006,1.16981,1.16212,1.16682,0,0
2026-01-13T19:00:00+0700,1.16714,1.16771,1.16497,1.1668,7469,0.0027399999999999647,0.0021189397329184467,0.0027399999999999647,0.00034000000000000696,0.0005699999999999594,0.0018299999999999983,0.6678832116788401,1,0,,0,0,0,0,1.1667454631179908,1.1686720999608025,1.16981,1.16212,1.16682,0,0
2026-01-13T23:00:00+0700,1.16679,1.16729,1.16337,1.16456,10300,0.0039199999999999235,0.002247586894852838,0.0039199999999999235,0.0022299999999999542,0.0004999999999999449,0.0011900000000000244,0.3035714285714407,0,1,,0,0,0,0,1.1665373237734202,1.16851084113881,1.16981,1.16212,1.16682,0,0
2026-01-14T03:00:00+0700,1.16456,1.16541,1.16411,1.16414,4299,0.0013000000000000789,0.0021799021166490694,0.0013000000000000789,0.00042000000000008697,0.0008500000000000174,2.999999999997449e-05,0.023076923076902053,0,0,,0,0,0,0,1.1663090072235707,1.1683394356039547,1.16771,1.16337,1.16456,0,0
2026-01-14T07:00:00+0700,1.16402,1.16451,1.16365,1.16376,2737,0.0008599999999998609,0.002085623394031269,0.0008599999999998609,0.000260000000000149,0.0004899999999998794,0.00010999999999983245,0.1279069767440119,0,0,,0,0,0,0,1.1660662446308496,1.1681598498939958,1.16771,1.16337,1.16456,0,0
2026-01-14T11:00:00+0700,1.16376,1.16485,1.16358,1.16417,3108,0.0012699999999998823,0.0020273645801718843,0.0012699999999998823,0.00041000000000002146,0.0006800000000000139,0.00017999999999984695,0.4645669291337977,0,1,,0,0,0,0,1.1658856499041022,1.1680033851922704,1.16771,1.16337,1.16456,0,0
2026-01-14T15:00:00+0700,1.16416,1.16533,1.16405,1.16514,5525,0.0012799999999999478,0.001973981395873889,0.0012799999999999478,0.0009799999999999809,0.00018999999999991246,0.0001100000000000545,0.8515625000000624,0,0,,0,0,0,0,1.165814635627521,1.1678910955768873,1.16771,1.16337,1.16456,0,0
2026-01-14T19:00:00+0700,1.16513,1.16594,1.16434,1.16495,7706,0.0016000000000000458,0.0019472684390257574,0.0016000000000000458,0.000180000000000069,0.0008099999999999774,0.0006099999999999994,0.3812499999999887,0,0,,0,0,0,0,1.165732289377281,1.1677757584954407,1.16771,1.16337,1.16456,0,0
2026-01-14T23:00:00+0700,1.16495,1.16612,1.16451,1.16463,10205,0.0016100000000001113,0.0019231778362382114,0.0016100000000001113,0.00031999999999987594,0.0011700000000001154,0.00012000000000012001,0.07453416149075262,1,0,,0,0,0,0,1.1656273094365877,1.1676523954171882,1.16771,1.16337,1.16456,0,0
2026-01-15T03:00:00+0700,1.16462,1.16472,1.1635,1.1644,4751,0.0012199999999999989,0.001872950847935482,0.0012199999999999989,0.00021999999999988695,9.999999999998899e-05,0.0009000000000001229,0.7377049180328883,0,0,,0,0,0,0,1.1655104228235793,1.1675248504988671,1.16612,1.16358,1.16463,0,1
2026-01-15T07:00:00+0700,1.16435,1.16465,1.16327,1.16382,3768,0.0013799999999999368,0.001837740073082943,0.0013799999999999368,0.0005299999999999194,0.00029999999999996696,0.0005500000000000504,0.39855072463773594,0,0,,0,0,0,0,1.1653494301737146,1.1673795622440095,1.16612,1.16358,1.16463,0,1
2026-01-15T11:00:00+0700,1.16382,1.16411,1.1633,1.16348,3347,0.0008099999999999774,0.0017643300678627312,0.0008099999999999774,0.00034000000000000696,0.00028999999999990145,0.000180000000000069,0.2222222222223136,0,0,CHOCH_DN,0,0,0,1,1.1651713892047895,1.1672266382344405,1.16612,1.16358,1.16463,0,0
2026-01-15T15:00:00+0700,1.16347,1.16394,1.16256,1.16354,5893,0.0013799999999999368,0.001736877920158246,0.0013799999999999368,7.00000000000145e-05,0.00039999999999995595,0.0009099999999999664,0.7101449275362506,0,0,BOS_DN,0,1,0,0,1.1650160188043335,1.167082064186031,1.16612,1.16358,1.16463,0,0
2026-01-15T19:00:00+0700,1.16354,1.16405,1.15984,1.16009,7021,0.004210000000000047,0.0019135294972898033,0.004210000000000047,0.003449999999999953,0.0005100000000000104,0.0002500000000000835,0.059382422802869525,0,0,BOS_DN,0,1,0,0,1.1645468741563019,1.1668078655905005,1.16612,1.16358,1.16463,0,0
2026-01-15T23:00:00+0700,1.16009,1.16133,1.15926,1.16085,9291,0.0020700000000000163,0.0019247059617691043,0.0020700000000000163,0.0007599999999998719,0.00048000000000003595,0.0008300000000001084,0.7681159420289699,0,1,,0,0,0,0,1.1641947909033208,1.1665742238026378,1.16612,1.16358,1.16463,0,0
2026-01-16T03:00:00+0700,1.16084,1.1616900000000001,1.16024,1.16083,4272,0.0014500000000001734,0.0018907983930713235,0.0014500000000001734,1.0000000000065512e-05,0.0008500000000000174,0.0005900000000000905,0.4068965517241517,0,0,,0,0,0,0,1.163874334626814,1.166348960124103,1.16472,1.15926,1.16085,0,0
2026-01-16T07:00:00+0700,1.16036,1.16097,1.1602000000000001,1.16064,3239,0.0007699999999999374,0.001810741364994796,0.0007699999999999374,0.00027999999999983594,0.0003300000000001635,0.00015999999999993797,0.5714285714283243,0,0,,0,0,0,0,1.1635663027575938,1.1661250793349227,1.16472,1.15926,1.16085,0,0
2026-01-16T11:00:00+0700,1.16064,1.16137,1.16055,1.16062,3421,0.0008200000000000429,0.001739974124638028,0.0008200000000000429,1.999999999990898e-05,0.0007300000000001194,7.00000000000145e-05,0.08536585365854979,0,0,,0,0,0,0,1.1632857024949657,1.1659091938708082,1.16472,1.15926,1.16085,0,0
2026-01-16T15:00:00+0700,1.16062,1.16147,1.16038,1.16078,5344,0.0010900000000000354,0.0016935474014496,0.0010900000000000354,0.00015999999999993797,0.0006900000000000794,0.00024000000000001798,0.36697247706416786,0,0,,0,0,0,0,1.1630470641621118,1.1657080490131295,1.16472,1.15926,1.16085,0,0
2026-01-16T19:00:00+0700,1.16079,1.16229,1.16076,1.16181,6106,0.0015300000000000313,0.0016818654442032023,0.0015300000000000313,0.0010200000000000209,0.00048000000000003595,2.999999999997449e-05,0.6862745098039045,0,0,,0,0,0,0,1.162929248527625,1.1655551843459482,1.16472,1.15926,1.16085,0,0
2026-01-16T23:00:00+0700,1.16181,1.16269,1.15841,1.15952,11406,0.0042800000000000615,0.0018674464839029778,0.0042800000000000615,0.0022899999999999032,0.0008799999999999919,0.0011100000000001664,0.2593457943925585,0,0,,0,0,0,0,1.1626045581916606,1.1653185104500288,1.16472,1.15926,1.16085,0,1
2026-01-17T03:00:00+0700,1.15952,1.16018,1.15889,1.15972,4109,0.0012900000000000134,0.0018262003064813375,0.0012900000000000134,0.00019999999999997797,0.00045999999999990493,0.0006300000000001305,0.6434108527132557,0,0,,0,0,0,0,1.1623298383638834,1.165098961020616,1.16269,1.15841,1.15952,0,0
2026-01-19T07:00:00+0700,1.15786,1.16375,1.15767,1.1622,8740,0.006080000000000085,0.0021300431417326767,0.006080000000000085,0.0043400000000000105,0.0015500000000001624,0.00018999999999991246,0.7450657894736611,0,1,,0,0,0,0,1.1623174728054182,1.1649852762747095,1.16018,1.15889,1.15972,0,1
2026-01-19T11:00:00+0700,1.16222,1.16371,1.16153,1.1627,4654,0.0021800000000000708,0.002133611488751776,0.0021800000000000708,0.00048000000000003595,0.0010099999999999554,0.0006900000000000794,0.5366972477064575,0,0,,0,0,0,0,1.162353903966807,1.1648956575972698,1.16018,1.15889,1.15972,0,0
2026-01-19T15:00:00+0700,1.1627,1.1641,1.16107,1.16238,6950,0.003029999999999866,0.002197639239555211,0.003029999999999866,0.000320000000000098,0.0013999999999998458,0.0013099999999999223,0.4323432343234258,0,0,,0,0,0,0,1.1623563893033015,1.1647970043581612,1.16018,1.15889,1.15972,0,0
2026-01-19T19:00:00+0700,1.16239,1.1635,1.16198,1.16315,5376,0.0015199999999999658,0.0021492364367298364,0.0015199999999999658,0.0007599999999998719,0.0003500000000000725,0.00041000000000002146,0.7697368421052103,0,0,,0,0,0,0,1.1624319712744156,1.1647324159519588,1.16018,1.15889,1.15972,0,0
2026-01-19T23:00:00+0700,1.16315,1.16469,1.16297,1.16454,5222,0.0017199999999999438,0.00211857669124913,0.0017199999999999438,0.0013900000000000023,0.0001500000000000945,0.00017999999999984695,0.9127906976743608,0,0,,0,0,0,0,1.1626327359149473,1.1647248702283526,1.16018,1.15889,1.15972,0,0
2026-01-20T03:00:00+0700,1.16454,1.16483,1.16414,1.1644700000000001,1445,0.0006900000000000794,0.002016535499017055,0.0006900000000000794,6.999999999979245e-05,0.0002900000000001235,0.0003300000000001635,0.47826086956539926,0,0,,0,0,0,0,1.1628077134468573,1.1647148753174368,1.16469,1.15767,1.16454,1,0
2026-01-20T07:00:00+0700,1.16413,1.16463,1.16322,1.16433,3440,0.0014100000000001334,0.0019732115348015606,0.0014100000000001334,0.00019999999999997797,0.00029999999999996696,0.0009100000000001884,0.787234042553235,0,0,,0,0,0,0,1.1629526931185852,1.1646997821677334,1.16469,1.15767,1.16454,0,0
2026-01-20T11:00:00+0700,1.16433,1.16721,1.164,1.16627,4130,0.003210000000000157,0.0020615535680300317,0.003210000000000157,0.0019399999999998307,0.0009400000000001629,0.0003300000000001635,0.7071651090342315,0,0,CHOCH_UP,0,0,1,0,1.1632686271072914,1.1647613593376263,1.16469,1.15767,1.16454,0,0
2026-01-20T15:00:00+0700,1.16627,1.17324,1.16617,1.1726,10942,0.007070000000000132,0.0024192997417421818,0.007070000000000132,0.006330000000000169,0.0006399999999999739,9.999999999998899e-05,0.9094766619519149,0,0,BOS_UP,1,0,0,0,1.1641573292875493,1.1650687570106606,1.16469,1.15767,1.16454,0,0
2026-01-20T19:00:00+0700,1.17259,1.1768,1.17148,1.17329,11616,0.005319999999999991,0.002626492617332025,0.005319999999999991,0.0006999999999999229,0.003510000000000124,0.0011099999999999444,0.34022556390975006,1,0,,0,0,0,0,1.16502710745064,1.165391158696517,1.16469,1.15767,1.16454,0,0
2026-01-20T23:00:00+0700,1.17329,1.17423,1.17148,1.1731,13438,0.00275000000000003,0.0026353145732368826,0.00275000000000003,0.00018999999999991246,0.0009400000000001629,0.0016199999999999548,0.5890909090908862,0,0,,0,0,0,0,1.1657959543601029,1.1656934661986145,1.16469,1.15767,1.16454,0,0
2026-01-21T03:00:00+0700,1.1731,1.17336,1.17104,1.1724999999999999,5490,0.0023199999999998777,0.0026127921037199537,0.0023199999999998777,0.000600000000000156,0.00025999999999992696,0.0014599999999997948,0.6293103448275309,0,0,,0,0,0,0,1.1664344348972358,1.1659603890927863,1.1768,1.16322,1.1731,0,0
2026-01-21T07:00:00+0700,1.17177,1.17338,1.17161,1.17285,4167,0.0017700000000000493,0.0025525926677399608,0.0017700000000000493,0.0010799999999999699,0.0005300000000001415,0.00015999999999993797,0.7005649717513408,0,0,,0,0,0,0,1.1670454410974989,1.1662305699126772,1.1768,1.16322,1.1731,0,0
2026-01-21T11:00:00+0700,1.17286,1.17313,1.17104,1.17169,4207,0.0020899999999999253,0.0025195503343299584,0.0020899999999999253,0.0011700000000001154,0.00026999999999999247,0.0006499999999998174,0.31100478468891896,0,0,,0,0,0,0,1.167487780040594,1.1664446652102192,1.1768,1.16322,1.1731,0,0
2026-01-21T15:00:00+0700,1.17169,1.17249,1.17008,1.17031,7080,0.0024100000000000232,0.002511725310449249,0.0024100000000000232,0.0013799999999999368,0.0008000000000001339,0.00022999999999995246,0.09543568464728226,0,0,,0,0,0,0,1.1677565628938709,1.1665962469666813,1.1768,1.16322,1.1731,0,0
2026-01-21T19:00:00+0700,1.17031,1.17426,1.1701,1.1739,7461,0.004160000000000164,0.002629459216845743,0.004160000000000164,0.003589999999999982,0.000360000000000138,0.00021000000000004349,0.9134615384615087,1,0,,0,0,0,0,1.1683416521420735,1.1668826686542624,1.1768,1.16322,1.1731,0,0
2026-01-21T23:00:00+0700,1.1739,1.17402,1.16942,1.17025,14442,0.0046000000000001595,0.002770212129928201,0.0046000000000001595,0.003649999999999931,0.00012000000000012001,0.0008300000000001084,0.18043478260871296,0,0,,0,0,0,0,1.168523399557114,1.1670147208638992,1.1768,1.16322,1.1731,0,0
2026-01-22T03:00:00+0700,1.17024,1.17049,1.16757,1.1686,7866,0.0029200000000000337,0.0027809112635047606,0.0029200000000000337,0.0016399999999998638,0.0002500000000000835,0.0010300000000000864,0.35273972602742276,0,0,,0,0,0,0,1.168530694837389,1.1670768886731582,1.17426,1.16942,1.17025,0,0
2026-01-22T07:00:00+0700,1.168,1.16897,1.16696,1.1688399999999999,4511,0.0020100000000000673,0.0027258461732544256,0.0020100000000000673,0.0008399999999999519,0.00013000000000018552,0.0010399999999999299,0.9353233830844869,0,1,,0,0,0,0,1.1685601524719234,1.1671460302938186,1.17426,1.16942,1.17025,0,0
2026-01-22T11:00:00+0700,1.16883,1.16968,1.16828,1.16878,3398,0.0014000000000000679,0.002631142875164829,0.0014000000000000679,5.0000000000105516e-05,0.0008500000000000174,0.0004999999999999449,0.3571428571428005,0,0,,0,0,0,0,1.16858109033174,1.1672101075371981,1.17426,1.16942,1.17025,0,0
2026-01-22T15:00:00+0700,1.16879,1.1697,1.16836,1.16921,6799,0.0013399999999998968,0.0025389183840816196,0.0013399999999998968,0.00042000000000008697,0.0004899999999998794,0.00042999999999993044,0.634328358209017,0,0,,0,0,0,0,1.168640986490622,1.1672885346926023,1.17426,1.16942,1.17025,0,0
2026-01-22T19:00:00+0700,1.16923,1.17182,1.16863,1.17134,8138,0.003190000000000026,0.0025854242137900775,0.003190000000000026,0.0021100000000000563,0.00048000000000003595,0.0005999999999999339,0.8495297805642533,0,0,,0,0,0,0,1.168898035396277,1.1674474156850492,1.17426,1.16942,1.17025,0,1
2026-01-22T23:00:00+0700,1.17134,1.17502,1.17104,1.17461,10177,0.0039799999999998725,0.00268503676994792,0.0039799999999998725,0.003269999999999884,0.00041000000000002146,0.00029999999999996696,0.8969849246231069,0,0,BOS_UP,1,0,0,0,1.169442032025203,1.167728301344459,1.17426,1.16942,1.17025,0,0
2026-01-23T03:00:00+0700,1.1746,1.17551,1.17408,1.17536,3979,0.0014300000000000423,0.0025953912863802145,0.0014300000000000423,0.0007599999999998719,0.0001500000000000945,0.000520000000000076,0.8951048951048322,0,0,BOS_UP,1,0,0,0,1.1700056480228027,1.1680275836446763,1.17502,1.16696,1.17461,0,0
2026-01-23T07:00:00+0700,1.17479,1.1758899999999999,1.17465,1.17489,3669,0.0012399999999999078,0.0024985776230673352,0.0012399999999999078,9.999999999998899e-05,0.0009999999999998899,0.000140000000000029,0.19354838709680308,1,0,,0,0,0,0,1.1704708244015833,1.168296698011552,1.17502,1.16696,1.17461,1,0
2026-01-23T11:00:00+0700,1.17489,1.17535,1.17426,1.17505,3932,0.0010899999999998133,0.0023979649357053693,0.0010899999999998133,0.00015999999999993797,0.00029999999999996696,0.0006299999999999084,0.7247706422018181,0,0,,0,0,0,0,1.1709069363633373,1.1685615333836479,1.17502,1.16696,1.17461,0,0
2026-01-23T15:00:00+0700,1.17503,1.17523,1.17278,1.17349,9621,0.0024500000000000632,0.0024016817260121334,0.0024500000000000632,0.0015400000000000968,0.00019999999999997797,0.0007099999999999884,0.2897959183673347,0,1,,0,0,0,0,1.171152942423972,1.168754806584289,1.17502,1.16696,1.17461,1,0
2026-01-23T19:00:00+0700,1.17349,1.17468,1.17296,1.17336,6489,0.0017199999999999438,0.00235299017415412,0.0017199999999999438,0.00012999999999996348,0.0011900000000000244,0.00039999999999995595,0.2325581395348657,0,0,,0,0,0,0,1.1713631383835938,1.1689354024045129,1.17502,1.16696,1.17461,0,0
2026-01-23T23:00:00+0700,1.17336,1.17985,1.17315,1.17938,11149,0.00670000000000015,0.002663490876000265,0.00670000000000015,0.006020000000000136,0.00046999999999997044,0.00021000000000004349,0.9298507462686627,0,0,BOS_UP,1,0,0,0,1.1721266490137279,1.169344994467081,1.17502,1.16696,1.17461,0,0
2026-01-24T03:00:00+0700,1.17939,1.18332,1.17767,1.18273,8992,0.005649999999999933,0.0028768129562859557,0.005649999999999933,0.0033400000000001207,0.0005899999999998684,0.0017199999999999438,0.89557522123896,0,0,BOS_UP,1,0,0,0,1.1731364919648015,1.1698698966448426,1.17985,1.17278,1.17938,0,0
2026-01-26T07:00:00+0700,1.1859899999999999,1.18973,1.18439,1.18574,11528,0.006999999999999895,0.0031713263165512374,0.0053399999999999,0.00024999999999986144,0.0037400000000000766,0.0013499999999999623,0.2528089887640426,1,0,,0,0,0,0,1.1743368260633917,1.1704922536391626,1.18332,1.17767,1.18273,0,0
2026-01-26T11:00:00+0700,1.18574,1.1876,1.1855,1.18645,8210,0.0020999999999999908,0.0030948030082261486,0.0020999999999999908,0.0007099999999999884,0.0011499999999999844,0.00024000000000001798,0.45238095238095744,0,0,,0,0,0,0,1.1754904616764021,1.1711180476140974,1.18332,1.17767,1.18273,0,0
2026-01-26T15:00:00+0700,1.18645,1.1867,1.1836,1.18632,11674,0.0031000000000001027,0.003095174221924288,0.0031000000000001027,0.00012999999999996348,0.0002500000000000835,0.0027200000000000557,0.8774193548386986,0,0,,0,0,0,0,1.1765218462786495,1.171714202609623,1.18332,1.17767,1.18273,0,0
2026-01-26T19:00:00+0700,1.1863299999999999,1.18649,1.1834500000000001,1.18555,8676,0.0030399999999999316,0.0030912332060725484,0.0030399999999999316,0.0007799999999997809,0.00016000000000016001,0.0020999999999999908,0.690789473684223,0,1,,0,0,0,0,1.1773816704425877,1.1722567828994417,1.18332,1.17767,1.18273,0,0
2026-01-26T23:00:00+0700,1.18555,1.19066,1.18521,1.18783,12203,0.005449999999999955,0.0032597165484959346,0.005449999999999955,0.0022799999999998377,0.00283000000000011,0.00034000000000000696,0.48073394495410393,1,0,,0,0,0,0,1.1783767494480555,1.172867497295542,1.18332,1.17767,1.18273,0,0
2026-01-27T03:00:00+0700,1.18784,1.18898,1.18701,1.18786,7002,0.0019700000000000273,0.0031675939378890843,0.0019700000000000273,1.999999999990898e-05,0.0011200000000000099,0.0008300000000001084,0.43147208121827696,0,0,,0,0,0,0,1.1792799161672882,1.1734554385780698,1.19066,1.1834500000000001,1.18783,0,0
2026-01-27T07:00:00+0700,1.18715,1.18822,1.18711,1.1878199999999999,5124,0.0011099999999999444,0.003020622942325574,0.0011099999999999444,0.0006699999999999484,0.000400000000000178,3.999999999981796e-05,0.6396396396394612,0,0,,0,0,0,0,1.1800932574846894,1.1740187547122631,1.19066,1.1834500000000001,1.18783,0,0
2026-01-27T11:00:00+0700,1.1878199999999999,1.1898900000000001,1.18696,1.18763,5492,0.002930000000000099,0.0030141498750166115,0.002930000000000099,0.00018999999999991246,0.0020700000000002383,0.0006699999999999484,0.22866894197949683,0,0,,0,0,0,0,1.1808110424861475,1.1745525290372725,1.19066,1.1834500000000001,1.18783,0,0
2026-01-27T15:00:00+0700,1.18764,1.18894,1.185,1.18885,8310,0.003940000000000055,0.003080282026801143,0.003940000000000055,0.0012099999999999334,9.000000000014552e-05,0.0026399999999999757,0.9771573604060547,0,1,,0,0,0,0,1.1815766574874669,1.1751132141730658,1.19066,1.1834500000000001,1.18783,0,0
2026-01-27T19:00:00+0700,1.18885,1.19382,1.18737,1.1923,13145,0.006450000000000067,0.0033209761677439236,0.006450000000000067,0.003449999999999953,0.0015200000000001879,0.0014799999999999258,0.7643410852712912,0,0,BOS_UP,1,0,0,0,1.1825979282029462,1.175787205774122,1.19066,1.1834500000000001,1.18783,0,0
2026-01-27T23:00:00+0700,1.1923,1.19898,1.19179,1.19795,16093,0.00719000000000003,0.003597335012905074,0.00719000000000003,0.005650000000000155,0.0010299999999998644,0.0005100000000000104,0.856745479833121,0,0,BOS_UP,1,0,0,0,1.184060030278856,1.1766563349594505,1.19066,1.1834500000000001,1.18783,0,0
2026-01-28T03:00:00+0700,1.19795,1.20819,1.19707,1.20389,12609,0.011120000000000019,0.0041346682262689985,0.011120000000000019,0.005939999999999834,0.0043000000000001926,0.0008799999999999919,0.6133093525179689,1,0,,0,0,0,0,1.1859485988237268,1.1777243218237858,1.19898,1.185,1.19795,0,0
2026-01-28T07:00:00+0700,1.2036,1.2044,1.19922,1.19923,7948,0.005179999999999962,0.004209334781535496,0.005179999999999962,0.004369999999999985,0.0007999999999999119,1.0000000000065512e-05,0.0019305019305145916,0,0,,0,0,0,0,1.1872134941738481,1.1785676817522648,1.19898,1.185,1.19795,0,0
2026-01-28T11:00:00+0700,1.19923,1.20046,1.19744,1.19965,7147,0.0030200000000000227,0.004124382297140105,0.0030200000000000227,0.00042000000000008697,0.0008099999999999774,0.0017899999999999583,0.7317880794702082,0,0,,0,0,0,0,1.1883979233001483,1.1793944393306073,1.19898,1.185,1.19795,0,0
2026-01-28T15:00:00+0700,1.19965,1.20254,1.197,1.19865,11799,0.005539999999999878,0.004225497847344375,0.005539999999999878,0.001000000000000112,0.002889999999999837,0.0016499999999999293,0.29783393501804434,0,0,,0,0,0,0,1.189374311557277,1.180149559356858,1.19898,1.185,1.19795,1,0
2026-01-28T19:00:00+0700,1.19865,1.19944,1.19515,1.19571,10520,0.004290000000000127,0.0042301051439626435,0.004290000000000127,0.0029399999999999427,0.0007900000000000684,0.000560000000000116,0.1305361305361537,0,0,,0,0,0,0,1.1899777104565838,1.1807597727154127,1.19898,1.185,1.19795,1,0
2026-01-28T23:00:00+0700,1.19573,1.1977,1.19184,1.19405,16402,0.005859999999999976,0.004346526205108167,0.005859999999999976,0.0016799999999999038,0.0019700000000000273,0.0022100000000000453,0.377133105802057,0,0,,0,0,0,0,1.190365547555957,1.1812809580991221,1.19898,1.185,1.19795,0,0
2026-01-29T03:00:00+0700,1.19406,1.19526,1.18953,1.1952,12468,0.005730000000000013,0.0044453457618861564,0.005730000000000013,0.001140000000000141,5.999999999994898e-05,0.004529999999999923,0.9895287958115273,0,1,,0,0,0,0,1.1908259715982468,1.1818268028795489,1.20819,1.19184,1.19405,0,1
2026-01-29T07:00:00+0700,1.19527,1.19848,1.19519,1.1960899999999999,7582,0.003290000000000015,0.004362821064608575,0.003290000000000015,0.0008199999999998209,0.0023900000000001143,8.000000000008001e-05,0.27355623100300813,0,0,,0,0,0,0,1.191327307636509,1.182386143943096,1.20819,1.19184,1.19405,0,0
2026-01-29T11:00:00+0700,1.1960899999999999,1.19932,1.19527,1.19807,7705,0.004049999999999887,0.004340476702850812,0.004049999999999887,0.001980000000000093,0.0012499999999999734,0.0008199999999998209,0.691358024691356,0,0,,0,0,0,0,1.1919694688139844,1.1830011971217982,1.20819,1.19184,1.19405,0,0
2026-01-29T15:00:00+0700,1.19806,1.19961,1.1951,1.19553,10729,0.004510000000000014,0.004352585509790041,0.004510000000000014,0.002529999999999921,0.0015500000000001624,0.00042999999999993044,0.09534368070951865,1,0,,0,0,0,0,1.1923085670221765,1.183492522724865,1.20819,1.19184,1.19405,0,0
2026-01-29T19:00:00+0700,1.19553,1.19703,1.19376,1.19557,10766,0.003270000000000106,0.004275257973376474,0.003270000000000106,4.0000000000040004e-05,0.0014600000000000168,0.0017700000000000493,0.5535168195718748,0,0,,0,0,0,0,1.1926191796867311,1.1839661492846743,1.20819,1.19184,1.19405,0,0
2026-01-29T23:00:00+0700,1.19562,1.1972,1.19056,1.19557,20827,0.006639999999999979,0.004444168118135296,0.006639999999999979,4.999999999988347e-05,0.0015800000000001369,0.005009999999999959,0.7545180722891528,0,1,,0,0,0,0,1.1929002101927568,1.1844212022539027,1.20819,1.19184,1.19405,0,1
2026-01-30T03:00:00+0700,1.19552,1.1971,1.19454,1.19692,8409,0.0025600000000001177,0.00430958468112564,0.0025600000000001177,0.0014000000000000679,0.000180000000000069,0.0009799999999999809,0.9296874999999762,0,0,,0,0,0,0,1.193283047317256,1.1849113511851221,1.19961,1.18953,1.19557,0,0
2026-01-30T07:00:00+0700,1.19621,1.19742,1.19136,1.19165,8498,0.006059999999999954,0.0044346143467595195,0.006059999999999954,0.0045599999999998975,0.0012099999999999334,0.0002900000000001235,0.04785478547856859,1,0,,0,0,0,0,1.1931275190013269,1.1851756119229606,1.19961,1.18953,1.19557,0,0
2026-01-30T11:00:00+0700,1.19164,1.19347,1.18945,1.1924299999999999,12146,0.004020000000000135,0.004404999036276706,0.004020000000000135,0.0007899999999998464,0.001040000000000152,0.0021900000000001363,0.7412935323382793,0,1,,0,0,0,0,1.1930610886202482,1.1854600977299035,1.19961,1.18953,1.19557,0,1
2026-01-30T15:00:00+0700,1.1924299999999999,1.1942599999999999,1.18979,1.1908,15229,0.004469999999999974,0.00440964196225694,0.004469999999999974,0.0016299999999997983,0.0018299999999999983,0.0010100000000001774,0.22595078299780386,0,0,,0,0,0,0,1.1928457468468912,1.1856695056620643,1.19961,1.18953,1.19557,0,0
2026-01-30T19:00:00+0700,1.19077,1.19542,1.19013,1.19119,13126,0.005290000000000017,0.004472524679238588,0.005290000000000017,0.0004199999999998649,0.004229999999999956,0.000640000000000196,0.20037807183365927,1,0,,0,0,0,0,1.1926880566709968,1.185885995636101,1.19961,1.18953,1.19557,0,0
2026-01-30T23:00:00+0700,1.19122,1.19207,1.18661,1.18719,18969,0.00546000000000002,0.004543058630721548,0.00546000000000002,0.004029999999999978,0.0008500000000000174,0.0005800000000000249,0.1062271062271104,0,0,CHOCH_DN,0,0,0,1,1.19216443222614,1.1859371330621362,1.19961,1.18953,1.19557,0,0
2026-01-31T03:00:00+0700,1.18719,1.18845,1.18488,1.1849,13412,0.003570000000000073,0.004473554442812872,0.003570000000000073,0.0022899999999999032,0.0012600000000000389,2.0000000000131024e-05,0.0056022408963951305,0,0,BOS_DN,0,1,0,0,1.1914725815379363,1.1858964611773466,1.19742,1.18661,1.18719,0,0
2026-02-02T07:00:00+0700,1.1849,1.18742,1.18393,1.18701,11537,0.003489999999999993,0.004403300554040523,0.003489999999999993,0.0021099999999998342,0.00041000000000002146,0.0009700000000001374,0.8825214899713403,0,1,,0,0,0,0,1.1910475737724187,1.1859401293664702,1.18845,1.18488,1.1849,0,1
2026-02-02T11:00:00+0700,1.18705,1.18743,1.1840600000000001,1.18502,9681,0.003369999999999873,0.0043294933716090485,0.003369999999999873,0.0020299999999999763,0.00038000000000004697,0.0009599999999998499,0.2848664688426961,0,0,,0,0,0,0,1.1904735191274265,1.1859040458619028,1.18845,1.18488,1.1849,0,1
2026-02-02T15:00:00+0700,1.18502,1.18661,1.18427,1.18619,13183,0.0023400000000000087,0.004187386702208403,0.0023400000000000087,0.0011700000000001154,0.0004199999999998649,0.0007500000000000284,0.8205128205128789,0,0,,0,0,0,0,1.1900655649248144,1.1859152597496714,1.18845,1.18488,1.1849,0,1
2026-02-02T19:00:00+0700,1.18616,1.18709,1.18175,1.18204,11879,0.0053399999999999,0.0042697162234792245,0.0053399999999999,0.0041200000000001236,0.0009299999999998754,0.00028999999999990145,0.05430711610485147,0,0,BOS_DN,0,1,0,0,1.1893012254081654,1.185763288779096,1.18845,1.18488,1.1849,0,0
2026-02-02T23:00:00+0700,1.18204,1.1829399999999999,1.179,1.17995,16598,0.0039399999999998325,0.004246165064659268,0.0039399999999998325,0.0020899999999999253,0.0008999999999999009,0.0009500000000000064,0.2411167512690474,0,0,BOS_DN,0,1,0,0,1.1884106325121495,1.185535316670112,1.18845,1.18488,1.1849,0,0
2026-02-03T03:00:00+0700,1.17996,1.18007,1.17755,1.17892,7134,0.0025199999999998557,0.004122867560040739,0.0025199999999998557,0.0010399999999999299,0.0001100000000000545,0.0013699999999998713,0.5436507936507737,0,1,,0,0,0,0,1.1875067627490876,1.1852758924869702,1.18743,1.179,1.17995,0,0
2026-02-03T07:00:00+0700,1.17812,1.18143,1.17812,1.1813500000000001,5880,0.003309999999999924,0.004064805591466395,0.003309999999999924,0.003230000000000066,7.999999999985796e-05,0.0,0.9758308157100122,0,0,,0,0,0,0,1.1869204043920316,1.1851219359188538,1.18743,1.179,1.17995,0,1
2026-02-03T11:00:00+0700,1.1813500000000001,1.18161,1.18003,1.18083,5630,0.0015800000000001369,0.0038873194777902342,0.0015800000000001369,0.000520000000000076,0.00025999999999992696,0.0008000000000001339,0.5063291139240915,0,0,,0,0,0,0,1.1863403658785048,1.18495362470635,1.18743,1.179,1.17995,0,0
2026-02-03T15:00:00+0700,1.18084,1.1824,1.17916,1.17916,9414,0.0032399999999999096,0.003841082372233783,0.0032399999999999096,0.0016799999999999038,0.0015600000000000058,0.0,0.0,0,0,,0,0,0,0,1.1856565215091235,1.1847264237374733,1.18743,1.179,1.17995,0,0
2026-02-03T19:00:00+0700,1.17922,1.18063,1.17822,1.17954,8687,0.0024100000000000232,0.0037388622027885146,0.0024100000000000232,0.000320000000000098,0.0010900000000000354,0.0009999999999998899,0.5477178423236412,0,0,,0,0,0,0,1.1850739956511118,1.184523034571298,1.18743,1.179,1.17995,0,1
2026-02-03T23:00:00+0700,1.1795499999999999,1.1828400000000001,1.1779600000000001,1.18156,13733,0.0048799999999999955,0.0038203720454464776,0.0048799999999999955,0.0020100000000000673,0.0012800000000001699,0.0015899999999997583,0.7377049180327518,0,1,,0,0,0,0,1.184739329398625,1.1844068371371297,1.18743,1.179,1.17995,0,1
2026-02-04T03:00:00+0700,1.18157,1.1825,1.18053,1.1817199999999999,7595,0.0019700000000000273,0.003688202613628874,0.0019700000000000273,0.00014999999999987246,0.000780000000000225,0.0010399999999999299,0.6040609137054751,0,0,,0,0,0,0,1.1844517742178036,1.1843014709748891,1.1828400000000001,1.17755,1.18156,0,0
2026-02-04T07:00:00+0700,1.1813500000000001,1.18315,1.18082,1.18255,5389,0.0023299999999999432,0.0035911881412268075,0.0023299999999999432,0.0011999999999998678,0.0005999999999999339,0.0005300000000001415,0.7424892703862882,0,0,,0,0,0,0,1.184270652863727,1.184232785838619,1.1828400000000001,1.17755,1.18156,1,0
2026-02-04T11:00:00+0700,1.18255,1.18357,1.18184,1.18325,5091,0.0017300000000000093,0.003458246131139179,0.0017300000000000093,0.0006999999999999229,0.000320000000000098,0.0007099999999999884,0.8150289017340484,0,0,,0,0,0,0,1.1841734478290862,1.1841942452174967,1.1828400000000001,1.17755,1.18156,0,0
2026-02-04T15:00:00+0700,1.18325,1.18375,1.18107,1.1813500000000001,8135,0.0026800000000000157,0.0034026571217720958,0.0026800000000000157,0.0018999999999997907,0.000500000000000167,0.000280000000000058,0.10447761194031953,1,0,,0,0,0,0,1.1839045480358399,1.1840827061893595,1.1828400000000001,1.17755,1.18156,1,0
2026-02-04T19:00:00+0700,1.18133,1.18264,1.18042,1.1822,9093,0.0022199999999998887,0.003318181613074081,0.0022199999999998887,0.0008699999999999264,0.00043999999999999595,0.0009099999999999664,0.8018018018017937,0,0,,0,0,0,0,1.1837422101276647,1.1840088745740904,1.1828400000000001,1.17755,1.18156,0,0
2026-02-04T23:00:00+0700,1.1822,1.18252,1.179,1.17971,15033,0.0035199999999999676,0.003332597212140216,0.0035199999999999676,0.002489999999999881,0.000320000000000098,0.0007099999999999884,0.20170454545454403,0,1,,0,0,0,0,1.1833581901155061,1.1838402912574595,1.1828400000000001,1.17755,1.18156,0,0
2026-02-05T03:00:00+0700,1.17971,1.18092,1.17941,1.18041,6696,0.0015099999999999003,0.0032024116969873364,0.0015099999999999003,0.0006999999999999229,0.0005100000000000104,0.00029999999999996696,0.6622516556291098,0,0,,0,0,0,0,1.1830774101045056,1.1837057700316769,1.18375,1.179,1.17971,0,0
2026-02-05T07:00:00+0700,1.18008,1.18078,1.17991,1.18032,4116,0.0008699999999999264,0.0030358108614882357,0.0008699999999999264,0.00024000000000001798,0.00045999999999990493,0.00017000000000000348,0.4712643678161565,0,0,,0,0,0,0,1.1828147996183622,1.183572994736317,1.18375,1.179,1.17971,0,0
2026-02-05T11:00:00+0700,1.18032,1.18048,1.17824,1.17896,7219,0.0022400000000000198,0.002978967228524792,0.0022400000000000198,0.0013600000000000279,0.00015999999999993797,0.0007200000000000539,0.32142857142859266,0,0,BOS_DN,0,1,0,0,1.182447675845185,1.1833920929819517,1.18375,1.179,1.17971,0,0
2026-02-05T15:00:00+0700,1.17896,1.18082,1.17799,1.17802,8666,0.002829999999999888,0.0029683267122015845,0.002829999999999888,0.0009399999999999409,0.0018599999999999728,2.999999999997449e-05,0.010600706713772324,0,0,BOS_DN,0,1,0,0,1.1820259924313579,1.183181422668934,1.18375,1.179,1.17971,0,0
2026-02-05T19:00:00+0700,1.17802,1.18007,1.17799,1.17961,5895,0.0020799999999998597,0.0029048748041871756,0.0020799999999998597,0.0015899999999999803,0.00045999999999990493,2.999999999997449e-05,0.7788461538461846,0,0,,0,0,0,0,1.181795897914086,1.1830413668779953,1.18375,1.179,1.17971,0,1
