time_th,open,high,low,close,tick_volume,tr,atr14,range,body,upper_wick,lower_wick,close_pos,swing_high,swing_low,structure_event,bos_up,bos_dn,choch_up,choch_dn,ema20,ema50,pwh,pwl,pwc,sweep_prev_high,sweep_prev_low
2022-11-30T07:00:00+0700,1.03263,1.04283,1.02898,1.04052,82502,0.013849999999999918,0.013849999999999918,0.013849999999999918,0.007889999999999953,0.0023100000000000342,0.003649999999999931,0.8332129963898882,0,0,,0,0,0,0,1.04052,1.04052,,,,0,0
2022-12-01T07:00:00+0700,1.0404,1.05334,1.0393,1.05131,92840,0.014040000000000052,0.013944999999999985,0.014040000000000052,0.010909999999999975,0.0020299999999999763,0.001100000000000101,0.8554131054131077,0,0,,0,0,0,0,1.041547619047619,1.0409431372549018,,,,0,0
2022-12-02T07:00:00+0700,1.05147,1.05446,1.04372,1.05405,84375,0.010739999999999972,0.012876666666666647,0.010739999999999972,0.0025800000000000267,0.00041000000000002146,0.007749999999999924,0.961824953445063,0,0,,0,0,0,0,1.0427383219954647,1.0414571318723567,,,,0,0
2022-12-05T07:00:00+0700,1.05299,1.05943,1.04798,1.0485,77620,0.011450000000000182,0.012520000000000031,0.011450000000000182,0.004490000000000105,0.006440000000000001,0.000520000000000076,0.04541484716157796,1,0,,0,0,0,0,1.0432870532339917,1.041733322779323,,,,0,0
2022-12-06T07:00:00+0700,1.04885,1.05324,1.0459,1.04651,75495,0.007339999999999902,0.011484000000000005,0.007339999999999902,0.0023400000000000087,0.004389999999999894,0.0006099999999999994,0.08310626702997378,0,0,,0,0,0,0,1.0435940005450401,1.0419206434546437,1.05943,1.02898,1.0485,0,0
2022-12-07T07:00:00+0700,1.04606,1.05491,1.04429,1.05081,73385,0.010620000000000074,0.011340000000000017,0.010620000000000074,0.004750000000000032,0.0040999999999999925,0.0017700000000000493,0.6139359698681767,0,1,,0,0,0,0,1.0442812385883695,1.0422692456721088,1.05943,1.02898,1.0485,0,0
2022-12-08T07:00:00+0700,1.05083,1.05643,1.04893,1.05563,70900,0.007500000000000062,0.010791428571428594,0.007500000000000062,0.0048000000000001375,0.0007999999999999119,0.0019000000000000128,0.893333333333346,0,0,,0,0,0,0,1.045362073008525,1.0427931968222222,1.05943,1.02898,1.0485,0,0
2022-12-09T07:00:00+0700,1.05569,1.05878,1.051,1.05313,67889,0.00778000000000012,0.010415000000000035,0.00778000000000012,0.0025600000000001177,0.003090000000000037,0.0021299999999999653,0.2737789203084746,0,0,,0,0,0,0,1.0461018755791416,1.0431985616527233,1.05943,1.02898,1.0485,0,0
2022-12-12T07:00:00+0700,1.05271,1.05795,1.05057,1.05325,58895,0.007379999999999942,0.010077777777777804,0.007379999999999942,0.0005399999999999849,0.0046999999999999265,0.0021400000000000308,0.36314363143631934,0,0,,0,0,0,0,1.046782649333509,1.0435927357055577,1.05943,1.02898,1.0485,0,0
2022-12-13T07:00:00+0700,1.05284,1.06729,1.05276,1.0631599999999999,73622,0.014530000000000154,0.010523000000000038,0.014530000000000154,0.010319999999999885,0.004130000000000189,8.000000000008001e-05,0.7157604955264869,0,0,BOS_UP,1,0,0,0,1.048342397016032,1.044360079403379,1.05878,1.04429,1.05325,0,0
2022-12-14T07:00:00+0700,1.06315,1.06946,1.06186,1.06817,80029,0.007600000000000051,0.010257272727272766,0.007600000000000051,0.0050200000000000244,0.0012900000000000134,0.0012900000000000134,0.8302631578947363,0,0,BOS_UP,1,0,0,0,1.0502307401573623,1.045293801779717,1.05878,1.04429,1.05325,0,0
2022-12-15T07:00:00+0700,1.06816,1.07355,1.0592,1.06265,79150,0.014350000000000085,0.010598333333333376,0.014350000000000085,0.005509999999999904,0.005390000000000006,0.003450000000000175,0.24041811846690975,1,0,,0,0,0,0,1.051413526809042,1.045974437004042,1.05878,1.04429,1.05325,0,0
2022-12-16T07:00:00+0700,1.06247,1.06624,1.05844,1.05851,70844,0.007800000000000029,0.010383076923076965,0.007800000000000029,0.0039599999999999635,0.003770000000000051,7.00000000000145e-05,0.008974358974360799,0,0,,0,0,0,0,1.0520893813986572,1.046466027709766,1.05878,1.04429,1.05325,1,0
2022-12-19T07:00:00+0700,1.05891,1.06575,1.05755,1.06063,64897,0.008199999999999985,0.010227142857142895,0.008199999999999985,0.0017199999999999438,0.005120000000000013,0.0013600000000000279,0.3756097560975582,0,1,,0,0,0,0,1.052902773646404,1.0470214776035007,1.05878,1.04429,1.05325,0,0
2022-12-20T07:00:00+0700,1.06055,1.0658,1.05785,1.0624,86532,0.007950000000000124,0.009805714285714338,0.007950000000000124,0.0018499999999999073,0.0034000000000000696,0.0027000000000001467,0.5723270440251551,0,0,,0,0,0,0,1.0538072713943656,1.0476245569131672,1.07355,1.05276,1.06063,0,0
2022-12-21T07:00:00+0700,1.06235,1.0644,1.059,1.06033,65039,0.005400000000000071,0.009188571428571482,0.005400000000000071,0.0020199999999999108,0.0020500000000001073,0.0013300000000000534,0.24629629629630292,0,0,,0,0,0,0,1.0544284836425213,1.0481228095832391,1.07355,1.05276,1.06063,0,0
2022-12-22T07:00:00+0700,1.06038,1.06589,1.05729,1.05941,70667,0.008599999999999941,0.009035714285714338,0.008599999999999941,0.0009700000000001374,0.005509999999999904,0.0021199999999998997,0.2465116279069668,0,1,,0,0,0,0,1.0549029137718051,1.0485654445015433,1.07355,1.05276,1.06063,0,0
2022-12-23T07:00:00+0700,1.05959,1.06324,1.05862,1.06136,61606,0.0046200000000000685,0.008547857142857187,0.0046200000000000685,0.0017700000000000493,0.0018799999999998818,0.0009700000000001374,0.5930735930736247,0,0,,0,0,0,0,1.0555178743649665,1.0490671917759926,1.07355,1.05276,1.06063,0,0
2022-12-27T07:00:00+0700,1.06349,1.06689,1.06111,1.06384,50035,0.005779999999999896,0.008436428571428614,0.005779999999999896,0.00034999999999985043,0.003049999999999997,0.0023800000000000487,0.47231833910033705,0,0,,0,0,0,0,1.0563104577587792,1.0496465175886989,1.06589,1.05729,1.06136,1,0
2022-12-28T07:00:00+0700,1.06387,1.0674,1.06062,1.06114,61328,0.006780000000000008,0.008162142857142896,0.006780000000000008,0.0027300000000001212,0.003529999999999811,0.000520000000000076,0.07669616519175153,0,0,,0,0,0,0,1.056770414162705,1.050097242389142,1.06589,1.05729,1.06136,1,0
2022-12-29T07:00:00+0700,1.06115,1.06898,1.06074,1.06604,50987,0.008240000000000025,0.008215000000000037,0.008240000000000025,0.004890000000000061,0.0029399999999999427,0.00041000000000002146,0.6432038834951537,0,0,,0,0,0,0,1.057653231861495,1.05072244856996,1.06589,1.05729,1.06136,0,0
2022-12-30T07:00:00+0700,1.066,1.07127,1.06382,1.07076,59586,0.007449999999999957,0.008191428571428596,0.007449999999999957,0.0047599999999998754,0.0005100000000000104,0.0021800000000000708,0.9315436241610721,1,0,,0,0,0,0,1.0589014954937337,1.0515082349005498,1.06589,1.05729,1.06136,0,0
2023-01-03T07:00:00+0700,1.06659,1.0683,1.05192,1.05467,75767,0.018839999999999968,0.009010000000000027,0.01638000000000006,0.01191999999999993,0.0017100000000001003,0.00275000000000003,0.1678876678876691,0,0,CHOCH_DN,0,0,0,1,1.0584984959229018,1.0516322256887636,1.07127,1.06062,1.07076,0,0
2023-01-04T07:00:00+0700,1.05463,1.0635,1.05403,1.06027,73428,0.009469999999999867,0.008648571428571434,0.009469999999999867,0.005640000000000089,0.003229999999999844,0.0005999999999999339,0.6589229144667488,0,0,,0,0,0,0,1.0586672105969113,1.051970961936263,1.07127,1.06062,1.07076,0,0
2023-01-05T07:00:00+0700,1.06029,1.0631,1.05146,1.05209,70438,0.011639999999999873,0.00893714285714285,0.011639999999999873,0.008199999999999985,0.002809999999999979,0.0006299999999999084,0.05412371134019891,0,0,BOS_DN,0,1,0,0,1.0580408095876817,1.0519756300956251,1.07127,1.06062,1.07076,0,0
2023-01-06T07:00:00+0700,1.05217,1.06475,1.04829,1.06432,69942,0.01646000000000014,0.009087857142857139,0.01646000000000014,0.012149999999999883,0.0004300000000001525,0.0038800000000001056,0.9738760631834661,0,1,,0,0,0,0,1.058638827722188,1.0524597230330517,1.07127,1.06062,1.07076,0,1
2023-01-09T07:00:00+0700,1.06407,1.07601,1.0638,1.07284,70453,0.012209999999999832,0.009402857142857126,0.012209999999999832,0.008769999999999945,0.003169999999999895,0.00026999999999999247,0.7403767403767454,0,0,CHOCH_UP,0,0,1,0,1.059991320320075,1.0532589495807752,1.07127,1.06062,1.07076,0,0
2023-01-10T07:00:00+0700,1.07272,1.07589,1.07117,1.07324,69796,0.0047200000000000575,0.009154285714285702,0.0047200000000000575,0.000520000000000076,0.002650000000000041,0.0015499999999999403,0.4385593220338964,0,0,BOS_UP,1,0,0,0,1.0612530993372107,1.0540425201854506,1.07601,1.04829,1.07284,0,0
2023-01-11T07:00:00+0700,1.07321,1.07759,1.07251,1.07562,57852,0.005079999999999973,0.008949285714285691,0.005079999999999973,0.0024100000000000232,0.0019700000000000273,0.0006999999999999229,0.6122047244094414,0,0,BOS_UP,1,0,0,0,1.0626213755908096,1.0548886958644526,1.07601,1.04829,1.07284,1,0
2023-01-12T07:00:00+0700,1.07563,1.08664,1.07277,1.08525,79670,0.013870000000000049,0.00955428571428569,0.013870000000000049,0.009619999999999962,0.0013900000000000023,0.0028600000000000847,0.8997837058399425,0,0,BOS_UP,1,0,0,0,1.064776482677399,1.0560793352423172,1.07601,1.04829,1.07284,0,0
2023-01-13T07:00:00+0700,1.08409,1.0867499999999999,1.078,1.08301,71793,0.008749999999999813,0.009564999999999966,0.008749999999999813,0.0010799999999999699,0.0026599999999998847,0.005009999999999959,0.5725714285714361,0,0,BOS_UP,1,0,0,0,1.0665130081366945,1.0571354397426185,1.07601,1.04829,1.07284,0,0
2023-01-16T07:00:00+0700,1.08334,1.08735,1.08011,1.08225,48112,0.007240000000000135,0.009752142857142829,0.007240000000000135,0.0010900000000000354,0.004010000000000069,0.0021400000000000308,0.2955801104972363,0,0,BOS_UP,1,0,0,0,1.068011769266533,1.0581203244585944,1.07601,1.04829,1.07284,0,0
2023-01-17T07:00:00+0700,1.08228,1.08687,1.07742,1.07872,71479,0.009449999999999958,0.010014285714285689,0.009449999999999958,0.0035600000000000076,0.004590000000000094,0.0012999999999998568,0.13756613756612301,0,0,BOS_UP,1,0,0,0,1.0690316007649583,1.0589281548719827,1.08735,1.07117,1.08225,0,0
2023-01-18T07:00:00+0700,1.07905,1.0887,1.07656,1.0793,83980,0.01214000000000004,0.010397142857142836,0.01214000000000004,0.00024999999999986144,0.009400000000000075,0.0024900000000001032,0.22570016474464216,1,1,,0,0,0,0,1.070009543549248,1.059727050759356,1.08735,1.07117,1.08225,1,0
2023-01-19T07:00:00+0700,1.0793,1.08394,1.07819,1.08323,72333,0.005749999999999922,0.010219285714285684,0.005749999999999922,0.003929999999999989,0.0007099999999999884,0.0011099999999999444,0.8765217391304351,0,0,,0,0,0,0,1.071268634639796,1.060648735043303,1.08735,1.07117,1.08225,0,0
2023-01-20T07:00:00+0700,1.08317,1.08584,1.08018,1.08555,85269,0.005659999999999998,0.010091428571428545,0.005659999999999998,0.0023800000000000487,0.00028999999999990145,0.002990000000000048,0.9487632508834096,0,0,,0,0,0,0,1.072628764674101,1.0616252552376833,1.08735,1.07117,1.08225,0,0
2023-01-23T07:00:00+0700,1.08674,1.09264,1.08459,1.08703,75027,0.008050000000000113,0.009320714285714269,0.008050000000000113,0.00028999999999990145,0.005610000000000115,0.0021500000000000963,0.3031055900621073,1,0,,0,0,0,0,1.0740003108956153,1.0626215197381663,1.08735,1.07117,1.08225,1,0
2023-01-24T07:00:00+0700,1.08706,1.08975,1.08347,1.08845,49415,0.006280000000000063,0.00909285714285714,0.006280000000000063,0.0013900000000000023,0.0013000000000000789,0.003589999999999982,0.7929936305732379,0,0,,0,0,0,0,1.0753764717626997,1.0636344013170618,1.09264,1.07656,1.08703,0,0
2023-01-25T07:00:00+0700,1.08845,1.09232,1.08569,1.09145,54705,0.006629999999999914,0.008735000000000001,0.006629999999999914,0.0030000000000001137,0.0008699999999999264,0.0027599999999998737,0.8687782805429958,0,0,,0,0,0,0,1.0769072839757758,1.0647252091085495,1.09264,1.07656,1.08703,0,0
2023-01-26T07:00:00+0700,1.09143,1.0929,1.08502,1.08905,64267,0.007879999999999887,0.00812214285714284,0.007879999999999887,0.0023799999999998267,0.0014700000000000824,0.004029999999999978,0.5114213197969588,1,0,,0,0,0,0,1.0780637331209402,1.0656791224768418,1.09264,1.07656,1.08703,1,0
2023-01-27T07:00:00+0700,1.08911,1.08999,1.08374,1.08684,52410,0.006250000000000089,0.007696428571428572,0.006250000000000089,0.0022699999999999942,0.0008799999999999919,0.0031000000000001027,0.4960000000000094,0,0,,0,0,0,0,1.078899568061803,1.0665089608110834,1.09264,1.07656,1.08703,0,0
2023-01-30T07:00:00+0700,1.08633,1.09132,1.08388,1.08484,59389,0.007440000000000113,0.00789071428571429,0.007440000000000113,0.0014899999999999913,0.00499000000000005,0.0009600000000000719,0.12903225806452384,0,0,,0,0,0,0,1.0794653234844884,1.0672278250930016,1.09264,1.07656,1.08703,0,0
2023-01-31T07:00:00+0700,1.08478,1.08744,1.08016,1.08615,60268,0.007279999999999953,0.008047857142857147,0.007279999999999953,0.0013699999999998713,0.0012900000000000134,0.0046200000000000685,0.8228021978021949,0,1,,0,0,0,0,1.0801019593431085,1.0679698711677859,1.0929,1.08347,1.08484,0,1
2023-02-01T07:00:00+0700,1.08619,1.1,1.08519,1.09879,65694,0.01480999999999999,0.008114999999999999,0.01480999999999999,0.012599999999999945,0.0012100000000001554,0.0009999999999998899,0.9182984469952629,0,0,BOS_UP,1,0,0,0,1.0818817727390029,1.06917850367101,1.0929,1.08347,1.08484,0,0
2023-02-02T07:00:00+0700,1.09881,1.10325,1.08852,1.09083,73616,0.014730000000000132,0.008542142857142878,0.014730000000000132,0.007980000000000098,0.0044399999999999995,0.0023100000000000342,0.15682281059063227,1,0,,0,0,0,0,1.0827339848590978,1.0700275819584213,1.0929,1.08347,1.08484,1,0
2023-02-03T07:00:00+0700,1.09083,1.09396,1.07919,1.07945,71939,0.01476999999999995,0.009080000000000008,0.01476999999999995,0.011379999999999946,0.003130000000000077,0.00025999999999992696,0.017603249830733098,0,0,CHOCH_DN,0,0,0,1,1.0824212243963265,1.070397088548287,1.0929,1.08347,1.08484,1,0
2023-02-06T07:00:00+0700,1.07832,1.07985,1.07092,1.07242,58169,0.008929999999999882,0.009042857142857146,0.008929999999999882,0.005900000000000016,0.0015300000000000313,0.0014999999999998348,0.1679731243000957,0,0,BOS_DN,0,1,0,0,1.0814687268347716,1.0704764184091384,1.0929,1.08347,1.08484,0,0
2023-02-07T07:00:00+0700,1.07259,1.07662,1.06687,1.0723,71833,0.009749999999999925,0.008872142857142853,0.009749999999999925,0.00028999999999990145,0.004029999999999978,0.005430000000000046,0.5569230769230858,0,1,,0,0,0,0,1.0805955147552695,1.0705479314127018,1.10325,1.07092,1.07242,0,1
2023-02-08T07:00:00+0700,1.07231,1.07602,1.0709,1.07096,60459,0.005120000000000013,0.008827142857142858,0.005120000000000013,0.0013500000000001844,0.00370999999999988,5.999999999994898e-05,0.011718749999990005,0,0,,0,0,0,0,1.0796778466833392,1.0705640909651448,1.10325,1.07092,1.07242,0,1
2023-02-09T07:00:00+0700,1.07092,1.07904,1.07083,1.07357,56016,0.00821000000000005,0.00900928571428572,0.00821000000000005,0.002649999999999819,0.005470000000000086,9.000000000014552e-05,0.3337393422655235,1,0,,0,0,0,0,1.0790961469992117,1.0706819697508254,1.10325,1.07092,1.07242,0,1
2023-02-10T07:00:00+0700,1.07357,1.07524,1.06659,1.06769,59928,0.008650000000000047,0.009052142857142858,0.008650000000000047,0.005879999999999885,0.0016700000000000603,0.001100000000000101,0.12716763005781445,0,0,,0,0,0,0,1.078009847285001,1.0705646376037343,1.10325,1.07092,1.07242,0,0
2023-02-13T07:00:00+0700,1.06825,1.07295,1.06551,1.0719,58241,0.007440000000000113,0.009135000000000004,0.007440000000000113,0.003650000000000153,0.0010499999999999954,0.0027399999999999647,0.8588709677419383,0,1,,0,0,0,0,1.077427957067382,1.0706170047565289,1.10325,1.07092,1.07242,0,1
2023-02-14T07:00:00+0700,1.07191,1.08031,1.07064,1.07355,71222,0.009670000000000067,0.009352142857142873,0.009670000000000067,0.0016400000000000858,0.006760000000000099,0.0012699999999998823,0.30093071354704737,1,0,,0,0,0,0,1.0770586278228693,1.0707320241778415,1.07904,1.06551,1.0719,1,0
2023-02-15T07:00:00+0700,1.07353,1.0744,1.066,1.06879,66111,0.008399999999999963,0.009389285714285735,0.008399999999999963,0.0047400000000001885,0.0008699999999999264,0.002789999999999848,0.33214285714284053,0,0,,0,0,0,0,1.0762711394587865,1.0706558663669457,1.07904,1.06551,1.0719,0,0
2023-02-16T07:00:00+0700,1.06885,1.07219,1.06541,1.06715,67417,0.006780000000000008,0.009427142857142872,0.006780000000000008,0.0017000000000000348,0.0033399999999998986,0.0017400000000000748,0.25663716814160364,0,0,,0,0,0,0,1.0754024595103306,1.0705183814113792,1.07904,1.06551,1.0719,0,1
2023-02-17T07:00:00+0700,1.06717,1.06979,1.06125,1.06939,65895,0.008539999999999992,0.009505714285714293,0.008539999999999992,0.0022200000000001108,0.00039999999999995595,0.005919999999999925,0.95316159250586,0,1,,0,0,0,0,1.0748298443188706,1.0704741311599526,1.07904,1.06551,1.0719,0,1
2023-02-20T07:00:00+0700,1.06865,1.07041,1.06699,1.0684,39362,0.0034199999999999786,0.009230000000000007,0.0034199999999999786,0.0002500000000000835,0.0017599999999999838,0.0014099999999999113,0.4122807017543626,0,0,,0,0,0,0,1.0742174781932639,1.0703927926830916,1.07904,1.06551,1.0719,0,0
2023-02-21T07:00:00+0700,1.0684,1.06977,1.0637,1.06449,67784,0.00607000000000002,0.008605714285714296,0.00607000000000002,0.00391000000000008,0.0013700000000000934,0.0007899999999998464,0.13014827018119338,0,0,,0,0,0,0,1.0732910516986673,1.0701613106170882,1.08031,1.06125,1.0684,0,0
2023-02-22T07:00:00+0700,1.0643,1.06636,1.05987,1.0602800000000001,67201,0.006489999999999885,0.00801714285714285,0.006489999999999885,0.0040199999999999125,0.0020599999999999508,0.00041000000000002146,0.06317411402157608,0,0,BOS_DN,0,1,0,0,1.0720519039178418,1.0697738082399475,1.08031,1.06125,1.0684,0,0
2023-02-23T07:00:00+0700,1.06017,1.06273,1.0576699999999999,1.05959,56028,0.0050600000000000644,0.007323571428571429,0.0050600000000000644,0.0005800000000000249,0.0025599999999998957,0.0019200000000001438,0.3794466403162291,0,0,BOS_DN,0,1,0,0,1.0708650559256665,1.06937444321093,1.08031,1.06125,1.0684,0,0
2023-02-24T07:00:00+0700,1.05958,1.06139,1.05357,1.05457,59848,0.00782000000000016,0.007244285714285735,0.00782000000000016,0.005009999999999959,0.0018100000000000893,0.001000000000000112,0.1278772378516741,0,0,BOS_DN,0,1,0,0,1.0693131458375078,1.0687938768105014,1.08031,1.06125,1.0684,0,0
2023-02-27T07:00:00+0700,1.05443,1.06192,1.05326,1.0608,48156,0.00865999999999989,0.007166428571428589,0.00865999999999989,0.006369999999999987,0.0011200000000000099,0.0011699999999998933,0.8706697459584268,0,1,,0,0,0,0,1.0685023700434595,1.0684803914453838,1.08031,1.06125,1.0684,0,0
2023-02-28T07:00:00+0700,1.06073,1.06447,1.05728,1.05741,50110,0.00719000000000003,0.007314285714285733,0.00719000000000003,0.0033199999999999896,0.0037400000000000766,0.00012999999999996348,0.018080667593875235,0,0,,0,0,0,0,1.0674459538488443,1.0680462584475254,1.06977,1.05326,1.0608,0,0
2023-03-01T07:00:00+0700,1.05738,1.0691,1.05649,1.06656,61174,0.01261000000000001,0.007628571428571445,0.01261000000000001,0.009179999999999966,0.0025399999999999867,0.0008900000000000574,0.7985725614591606,1,0,,0,0,0,0,1.0673615772918115,1.0679879738025244,1.06977,1.05326,1.0608,0,0
2023-03-02T07:00:00+0700,1.0665499999999999,1.06724,1.0576,1.05955,57776,0.009639999999999871,0.007699285714285718,0.009639999999999871,0.006999999999999895,0.0006900000000000794,0.0019499999999998963,0.2022821576763405,0,0,,0,0,0,0,1.0666176175497342,1.067657072869092,1.06977,1.05326,1.0608,0,0
2023-03-03T07:00:00+0700,1.05955,1.06382,1.05879,1.06348,47199,0.00503000000000009,0.007527142857142859,0.00503000000000009,0.003929999999999989,0.00034000000000000696,0.0007600000000000939,0.9324055666003974,0,0,,0,0,0,0,1.0663187968307117,1.067493266089912,1.06977,1.05326,1.0608,0,0
2023-03-06T07:00:00+0700,1.06268,1.0694,1.06218,1.06781,44426,0.007220000000000004,0.007352142857142855,0.007220000000000004,0.005129999999999857,0.0015899999999999803,0.000500000000000167,0.7797783933518034,1,0,,0,0,0,0,1.0664608161801676,1.0675056870275623,1.06977,1.05326,1.0608,0,0
2023-03-07T07:00:00+0700,1.06781,1.06939,1.05456,1.05476,58408,0.01483000000000012,0.00781142857142858,0.01483000000000012,0.013050000000000006,0.0015800000000001369,0.00019999999999997797,0.013486176668912768,0,0,,0,0,0,0,1.0653464527344374,1.0670058561637363,1.0694,1.05649,1.06781,0,0
2023-03-08T07:00:00+0700,1.05477,1.05734,1.05241,1.05427,49116,0.004929999999999879,0.007679285714285714,0.004929999999999879,0.0004999999999999449,0.002569999999999961,0.0018599999999999728,0.37728194726166703,0,1,,0,0,0,0,1.0642915524740149,1.0665064108239821,1.0694,1.05649,1.06781,0,0
2023-03-09T07:00:00+0700,1.05425,1.05907,1.05364,1.05785,46461,0.005430000000000046,0.007457142857142861,0.005430000000000046,0.0036000000000000476,0.0012199999999999989,0.0006099999999999994,0.7753222836095786,0,0,,0,0,0,0,1.0636780712860134,1.0661669437328456,1.0694,1.05649,1.06781,0,1
2023-03-10T07:00:00+0700,1.0576699999999999,1.07002,1.05736,1.06422,78109,0.012659999999999894,0.008117142857142854,0.012659999999999894,0.006550000000000056,0.005800000000000027,0.00030999999999981043,0.5418641390205311,0,0,,0,0,0,0,1.0637296835444883,1.0660905929982243,1.0694,1.05649,1.06781,1,0
2023-03-13T07:00:00+0700,1.06836,1.07481,1.06499,1.07303,103289,0.0105900000000001,0.008440000000000003,0.00981999999999994,0.004669999999999952,0.0017800000000001148,0.003369999999999873,0.818737270875751,0,0,CHOCH_UP,0,0,1,0,1.0646154279688227,1.0663627266061373,1.0694,1.05649,1.06781,0,0
2023-03-14T07:00:00+0700,1.0731,1.07491,1.06785,1.07322,79747,0.007060000000000066,0.008480714285714301,0.007060000000000066,0.00012000000000012001,0.0016899999999999693,0.005249999999999977,0.760623229461763,0,0,BOS_UP,1,0,0,0,1.065434911019411,1.0666316392882496,1.07481,1.05241,1.07303,1,0
2023-03-15T07:00:00+0700,1.07321,1.07594,1.05156,1.05763,86244,0.024379999999999846,0.009860714285714287,0.024379999999999846,0.015579999999999927,0.002729999999999899,0.00607000000000002,0.2489745693191164,1,1,,0,0,0,0,1.0646915861604196,1.0662786338259653,1.07481,1.05241,1.07303,1,1
2023-03-16T07:00:00+0700,1.05763,1.06351,1.05505,1.06067,81609,0.008459999999999912,0.009906428571428554,0.008459999999999912,0.0030399999999999316,0.0028399999999999537,0.0025800000000000267,0.6643026004728152,0,0,,0,0,0,0,1.0643085779546653,1.0660586874014177,1.07481,1.05241,1.07303,0,0
2023-03-17T07:00:00+0700,1.06067,1.06848,1.06053,1.06664,61836,0.007950000000000124,0.009855714285714285,0.007950000000000124,0.005970000000000031,0.0018400000000000638,0.000140000000000029,0.7685534591194925,0,0,,0,0,0,0,1.0645306181494592,1.0660814839739112,1.07481,1.05241,1.07303,0,0
2023-03-20T07:00:00+0700,1.06878,1.07304,1.06309,1.07224,65934,0.009949999999999903,0.010052857142857132,0.009949999999999903,0.0034600000000000186,0.0007999999999999119,0.005689999999999973,0.9195979899497568,0,0,,0,0,0,0,1.0652648449923678,1.0663229944063068,1.07481,1.05241,1.07303,0,0
2023-03-21T07:00:00+0700,1.07226,1.07879,1.07035,1.0769,47569,0.008440000000000003,0.00975499999999999,0.008440000000000003,0.0046399999999999775,0.0018899999999999473,0.0019100000000000783,0.7760663507109068,0,0,BOS_UP,1,0,0,0,1.0663729549930947,1.0667377789393928,1.07594,1.05156,1.07224,0,0
2023-03-22T07:00:00+0700,1.07691,1.09118,1.07586,1.08549,53670,0.01532,0.010160714285714285,0.01532,0.008580000000000032,0.005689999999999973,0.0010499999999999954,0.6285900783289835,0,0,BOS_UP,1,0,0,0,1.0681936259461333,1.0674731601574559,1.07594,1.05156,1.07224,0,0
2023-03-23T07:00:00+0700,1.08549,1.09292,1.08241,1.0826500000000001,59985,0.010509999999999797,0.010552142857142835,0.010509999999999797,0.0028399999999999537,0.007429999999999826,0.00024000000000001798,0.022835394862038307,1,0,,0,0,0,0,1.069570423475073,1.0680683303473597,1.07594,1.05156,1.07224,0,0
2023-03-24T07:00:00+0700,1.0827,1.08375,1.0713,1.07581,67030,0.012450000000000072,0.01092571428571427,0.012450000000000072,0.006890000000000063,0.0010499999999999954,0.004510000000000014,0.3622489959839348,0,1,,0,0,0,0,1.0701646688583992,1.0683719252356987,1.07594,1.05156,1.07224,1,0
2023-03-27T07:00:00+0700,1.07744,1.07995,1.07446,1.07965,60657,0.005489999999999995,0.010258571428571403,0.005489999999999995,0.0022100000000000453,0.00029999999999996696,0.0029799999999999827,0.9453551912568365,0,0,,0,0,0,0,1.071068033729028,1.068814202677436,1.07594,1.05156,1.07224,0,0
2023-03-28T07:00:00+0700,1.07954,1.0848200000000001,1.07933,1.08438,56407,0.005490000000000217,0.010298571428571426,0.005490000000000217,0.0048399999999999554,0.000440000000000218,0.00021000000000004349,0.9198542805099816,0,0,,0,0,0,0,1.0723358400405492,1.0694246261018505,1.09292,1.07035,1.07965,0,0
2023-03-29T07:00:00+0700,1.08441,1.08707,1.08175,1.0843099999999999,51428,0.005319999999999991,0.01029071428571428,0.005319999999999991,0.00010000000000021103,0.0026599999999998847,0.0025599999999998957,0.48120300751877815,0,0,,0,0,0,0,1.0734762362271635,1.070008366254719,1.09292,1.07035,1.07965,0,0
2023-03-30T07:00:00+0700,1.0843,1.0925799999999999,1.08234,1.09039,51161,0.010239999999999805,0.010117857142857132,0.010239999999999805,0.006089999999999929,0.0021899999999999142,0.0019599999999999618,0.7861328125000043,1,0,,0,0,0,0,1.0750870708721956,1.070807646009436,1.09292,1.07035,1.07965,0,0
2023-03-31T07:00:00+0700,1.09039,1.09252,1.08357,1.08357,52112,0.008950000000000014,0.010000714285714267,0.008950000000000014,0.006820000000000048,0.0021299999999999653,0.0,0.0,0,0,,0,0,0,0,1.0758949688843673,1.0713081304796541,1.09292,1.07035,1.07965,0,0
2023-04-03T07:00:00+0700,1.08383,1.09161,1.07877,1.08914,66747,0.012839999999999963,0.010413571428571402,0.012839999999999963,0.005309999999999926,0.0024699999999999722,0.0050600000000000644,0.8076323987538957,0,1,,0,0,0,0,1.0771564004191894,1.072007419480452,1.09292,1.07035,1.07965,0,0
2023-04-04T07:00:00+0700,1.08927,1.09728,1.08823,1.09495,55297,0.009050000000000002,0.009318571428571414,0.009050000000000002,0.005680000000000129,0.0023299999999999432,0.0010399999999999299,0.7425414364640948,1,0,,0,0,0,0,1.0788510289506952,1.0729071285204343,1.0925799999999999,1.07877,1.08914,0,0
2023-04-05T07:00:00+0700,1.09484,1.09691,1.08906,1.09005,54084,0.007850000000000135,0.009275000000000002,0.007850000000000135,0.004790000000000072,0.0020700000000000163,0.0009900000000000464,0.1261146496815324,0,0,,0,0,0,0,1.0799175976220576,1.0735793979902213,1.0925799999999999,1.07877,1.08914,1,0
2023-04-06T07:00:00+0700,1.09005,1.09372,1.08842,1.09187,55292,0.005300000000000082,0.009085714285714284,0.005300000000000082,0.0018199999999999328,0.0018500000000001293,0.0016300000000000203,0.6509433962263961,0,0,,0,0,0,0,1.0810559216580522,1.0742966765004087,1.0925799999999999,1.07877,1.08914,1,0
2023-04-07T07:00:00+0700,1.09186,1.09236,1.08762,1.08963,23099,0.0047399999999999665,0.008713571428571432,0.0047399999999999665,0.0022299999999999542,0.0004999999999999449,0.0020100000000000673,0.4240506329114096,0,0,,0,0,0,0,1.0818725005477616,1.0748979833043144,1.0925799999999999,1.07877,1.08914,0,0
2023-04-10T07:00:00+0700,1.08937,1.09169,1.0830899999999999,1.08576,36409,0.008600000000000163,0.008725000000000014,0.008600000000000163,0.003609999999999891,0.0023200000000000998,0.0026700000000001722,0.3104651162790839,0,1,,0,0,0,0,1.082242738590832,1.075323944743361,1.0925799999999999,1.07877,1.08914,0,0
2023-04-11T07:00:00+0700,1.08574,1.09276,1.08531,1.09099,52637,0.007449999999999957,0.008162857142857154,0.007449999999999957,0.005249999999999977,0.0017700000000000493,0.00042999999999993044,0.7624161073825423,0,0,,0,0,0,0,1.0830758111059908,1.0759382998514644,1.09728,1.0830899999999999,1.08576,0,0
2023-04-12T07:00:00+0700,1.09096,1.09998,1.0908,1.09899,42303,0.009179999999999966,0.008067857142857167,0.009179999999999966,0.008029999999999982,0.0009900000000000464,0.00015999999999993797,0.8921568627450925,0,0,BOS_UP,1,0,0,0,1.0845914481435155,1.0768422880925834,1.09728,1.0830899999999999,1.08576,0,0
2023-04-13T07:00:00+0700,1.09899,1.10672,1.09765,1.1045,40718,0.009069999999999911,0.007826428571428583,0.009069999999999911,0.005510000000000126,0.0022199999999998887,0.0013399999999998968,0.755237045203979,0,0,BOS_UP,1,0,0,0,1.086487500701276,1.0779269042458155,1.09728,1.0830899999999999,1.08576,0,0
2023-04-14T07:00:00+0700,1.1045,1.10754,1.0972,1.09854,43776,0.010340000000000016,0.008172857142857157,0.010340000000000016,0.005959999999999965,0.0030399999999999316,0.0013400000000001189,0.12959381044488558,1,0,,0,0,0,0,1.087635357777345,1.078735260942058,1.09728,1.0830899999999999,1.08576,0,0
2023-04-17T07:00:00+0700,1.09873,1.09993,1.09087,1.09217,41487,0.009060000000000068,0.008427857142857145,0.009060000000000068,0.006559999999999899,0.0012000000000000899,0.0013000000000000789,0.14348785871965442,0,1,,0,0,0,0,1.0880672284652169,1.0792621134541343,1.09728,1.0830899999999999,1.08576,1,0
2023-04-18T07:00:00+0700,1.0921,1.09825,1.09192,1.09703,39022,0.006329999999999947,0.008499999999999999,0.006329999999999947,0.004929999999999879,0.0012199999999999989,0.000180000000000069,0.8072669826224315,0,0,,0,0,0,0,1.0889208257542438,1.0799588933186781,1.10754,1.08531,1.09217,0,0
2023-04-19T07:00:00+0700,1.097,1.09836,1.09168,1.09526,40771,0.006680000000000019,0.0082457142857143,0.006680000000000019,0.0017400000000000748,0.0013600000000000279,0.0035799999999999166,0.5359281437125608,0,0,,0,0,0,0,1.089524556634792,1.0805589367179456,1.10754,1.08531,1.09217,0,0
2023-04-20T07:00:00+0700,1.09526,1.09892,1.09331,1.09666,41125,0.005609999999999893,0.008007142857142864,0.005609999999999893,0.0014000000000000679,0.0022599999999999287,0.0019499999999998963,0.5971479500891316,0,0,,0,0,0,0,1.0902041226695738,1.0811903509643006,1.10754,1.08531,1.09217,0,0
2023-04-21T07:00:00+0700,1.09666,1.09933,1.09377,1.09878,40768,0.005560000000000009,0.007487142857142867,0.005560000000000009,0.002120000000000122,0.0005499999999998284,0.002890000000000059,0.9010791366906785,0,0,,0,0,0,0,1.0910208728915192,1.0818801411225634,1.10754,1.08531,1.09217,0,0
2023-04-24T07:00:00+0700,1.09898,1.10497,1.09655,1.10442,37898,0.008420000000000094,0.007442142857142874,0.008420000000000094,0.005439999999999889,0.0005500000000000504,0.0024300000000001543,0.9346793349168594,0,0,,0,0,0,0,1.0922969802351838,1.0827640571569728,1.10754,1.08531,1.09217,0,0
2023-04-25T07:00:00+0700,1.10439,1.10666,1.09637,1.09705,44073,0.01028999999999991,0.007616428571428572,0.01028999999999991,0.007339999999999902,0.0022699999999999942,0.0006800000000000139,0.06608357628765985,0,0,,0,0,0,0,1.0927496487842139,1.0833242902096405,1.10497,1.09168,1.10442,1,0
2023-04-26T07:00:00+0700,1.09705,1.10946,1.09653,1.10386,52025,0.012929999999999886,0.008161428571428557,0.012929999999999886,0.006809999999999983,0.005599999999999827,0.000520000000000076,0.5668986852281611,1,0,,0,0,0,0,1.0938077774714317,1.0841296121622037,1.10497,1.09168,1.10442,1,0
2023-04-27T07:00:00+0700,1.10384,1.1063,1.09917,1.10265,47274,0.007130000000000081,0.008332142857142852,0.007130000000000081,0.0011900000000000244,0.0024600000000001288,0.0034799999999999276,0.4880785413744584,0,0,,0,0,0,0,1.0946498939027238,1.084855901881333,1.10497,1.09168,1.10442,1,0
2023-04-28T07:00:00+0700,1.10208,1.10445,1.09621,1.10124,56148,0.008240000000000025,0.008306428571428557,0.008240000000000025,0.0008399999999999519,0.0023699999999999832,0.00503000000000009,0.6104368932038926,0,0,,0,0,0,0,1.0952775230548455,1.0854984155330456,1.10497,1.09168,1.10442,0,0
2023-05-01T07:00:00+0700,1.1022,1.10351,1.0964,1.09708,39121,0.00710999999999995,0.00828214285714284,0.00710999999999995,0.005120000000000013,0.0013099999999999223,0.0006800000000000139,0.0956399437412122,0,0,,0,0,0,0,1.0954491875258126,1.0859525953160634,1.10497,1.09168,1.10442,0,0
2023-05-02T07:00:00+0700,1.09704,1.1007500000000001,1.09417,1.0998,47553,0.00658000000000003,0.00809642857142856,0.00658000000000003,0.0027600000000000957,0.0009500000000000064,0.002869999999999928,0.8556231003039511,0,1,,0,0,0,0,1.0958635506185923,1.086495630793865,1.10946,1.09621,1.09708,0,1
2023-05-03T07:00:00+0700,1.0998,1.10907,1.09961,1.1058,49015,0.009460000000000024,0.00812428571428571,0.009460000000000024,0.005999999999999783,0.003270000000000106,0.0001900000000001345,0.6543340380549579,0,0,,0,0,0,0,1.0968098791311074,1.08725266488038,1.10946,1.09621,1.09708,0,0
2023-05-04T07:00:00+0700,1.10577,1.10909,1.09857,1.10104,58858,0.010519999999999863,0.008137142857142843,0.010519999999999863,0.004729999999999901,0.0033199999999999896,0.0024699999999999722,0.23479087452471525,1,0,,0,0,0,0,1.0972127477852875,1.0877933446889925,1.10946,1.09621,1.09708,0,0
2023-05-05T07:00:00+0700,1.10093,1.10473,1.09663,1.1015,43540,0.008099999999999996,0.00806857142857141,0.008099999999999996,0.0005699999999999594,0.003230000000000066,0.0042999999999999705,0.6012345679012262,0,0,,0,0,0,0,1.097621057520022,1.0883308605835418,1.10946,1.09621,1.09708,0,0
2023-05-08T07:00:00+0700,1.10217,1.10532,1.09997,1.1002,34449,0.005350000000000188,0.007998571428571426,0.005350000000000188,0.0019700000000000273,0.003149999999999986,0.0002300000000001745,0.042990654205638586,0,0,,0,0,0,0,1.0978666710895437,1.088796317031246,1.10946,1.09621,1.09708,0,0
2023-05-09T07:00:00+0700,1.10012,1.10043,1.09407,1.09586,38789,0.006359999999999921,0.007975714285714277,0.006359999999999921,0.0042599999999999305,0.00031000000000003247,0.0017899999999999583,0.2814465408805001,0,0,,0,0,0,0,1.097675559557206,1.0890733242064914,1.10909,1.09417,1.1002,0,1
2023-05-10T07:00:00+0700,1.09586,1.10063,1.09411,1.098,43793,0.006520000000000081,0.00804071428571429,0.006520000000000081,0.0021400000000000308,0.00262999999999991,0.0017500000000001403,0.5966257668711844,0,0,,0,0,0,0,1.097706458646996,1.0894233899238839,1.10909,1.09417,1.1002,0,1
2023-05-11T07:00:00+0700,1.09799,1.09976,1.08997,1.09139,48651,0.009789999999999965,0.008342857142857143,0.009789999999999965,0.006599999999999939,0.0017700000000000493,0.0014199999999999768,0.14504596527068253,0,0,CHOCH_DN,0,0,0,1,1.097104891156806,1.089500511887653,1.10909,1.09417,1.1002,0,0
2023-05-12T07:00:00+0700,1.0914,1.0935,1.08458,1.08458,40817,0.008919999999999817,0.00837857142857141,0.008919999999999817,0.006819999999999826,0.0020999999999999908,0.0,0.0,0,0,BOS_DN,0,1,0,0,1.0959120443799673,1.0893075506371568,1.10909,1.09417,1.1002,0,0
2023-05-15T07:00:00+0700,1.08596,1.08903,1.08451,1.08728,34981,0.0045199999999998575,0.00796642857142855,0.0045199999999998575,0.0013199999999999878,0.0017499999999999183,0.0014499999999999513,0.6128318584070855,0,0,BOS_DN,0,1,0,0,1.0950899449152085,1.0892280388474644,1.10909,1.09417,1.1002,0,0
2023-05-16T07:00:00+0700,1.08731,1.09042,1.08545,1.086,39178,0.004969999999999919,0.007397857142857123,0.004969999999999919,0.0013099999999999223,0.003109999999999946,0.0005500000000000504,0.11066398390343248,0,0,BOS_DN,0,1,0,0,1.0942242358756649,1.0891014490887403,1.10063,1.08451,1.08728,0,0
2023-05-17T07:00:00+0700,1.08592,1.08731,1.08098,1.08378,40798,0.006329999999999947,0.007340714285714256,0.006329999999999947,0.0021400000000000308,0.0013900000000000023,0.0027999999999999137,0.4423380726698163,0,0,BOS_DN,0,1,0,0,1.0932295467446491,1.0888927648107505,1.10063,1.08451,1.08728,0,0
2023-05-18T07:00:00+0700,1.08378,1.08475,1.0762,1.07684,38331,0.008550000000000058,0.0073628571428571155,0.008550000000000058,0.006939999999999946,0.0009700000000001374,0.0006399999999999739,0.07485380116958709,0,0,BOS_DN,0,1,0,0,1.0916686375308728,1.0884201073671917,1.10063,1.08451,1.08728,0,0
2023-05-19T07:00:00+0700,1.07684,1.08284,1.07596,1.08048,44707,0.006879999999999997,0.007346428571428547,0.006879999999999997,0.0036400000000000876,0.0023599999999999177,0.0008799999999999919,0.6569767441860583,0,1,,0,0,0,0,1.090603053004123,1.088108730607694,1.10063,1.08451,1.08728,0,0
2023-05-22T07:00:00+0700,1.0803,1.08308,1.07951,1.08111,40569,0.003570000000000073,0.007131428571428551,0.003570000000000073,0.0008099999999999774,0.0019700000000000273,0.0007900000000000684,0.44817927170868715,0,0,,0,0,0,0,1.089698952718016,1.0878342705838628,1.10063,1.08451,1.08728,0,0
2023-05-23T07:00:00+0700,1.08117,1.08201,1.07599,1.07678,43370,0.006019999999999914,0.006885714285714257,0.006019999999999914,0.004389999999999894,0.0008399999999999519,0.0007900000000000684,0.1312292358804119,0,0,,0,0,0,0,1.0884685762686812,1.0874007697766526,1.09042,1.07596,1.08111,0,0
2023-05-24T07:00:00+0700,1.07679,1.08008,1.07477,1.07479,47082,0.005309999999999926,0.006513571428571404,0.005309999999999926,0.0020000000000000018,0.003290000000000015,1.999999999990898e-05,0.0037664783427324403,0,0,BOS_DN,0,1,0,0,1.087165854719283,1.0869062297854113,1.09042,1.07596,1.08111,0,0
2023-05-25T07:00:00+0700,1.07479,1.07563,1.07069,1.0723799999999999,44841,0.0049400000000001665,0.006287857142857131,0.0049400000000001665,0.0024100000000000232,0.0008400000000001739,0.0016899999999999693,0.342105263157877,0,0,BOS_DN,0,1,0,0,1.0857576780793514,1.0863365737153952,1.09042,1.07596,1.08111,0,0
2023-05-26T07:00:00+0700,1.07227,1.07582,1.07014,1.07196,42557,0.005679999999999907,0.006311428571428539,0.005679999999999907,0.00031000000000003247,0.003549999999999942,0.0018199999999999328,0.320422535211261,0,0,BOS_DN,0,1,0,0,1.0844436135003657,1.08577278651087,1.09042,1.07596,1.08111,0,0
2023-05-29T07:00:00+0700,1.07132,1.0743,1.07053,1.07057,20498,0.003770000000000051,0.006126428571428548,0.003770000000000051,0.0007500000000000284,0.0029799999999999827,4.0000000000040004e-05,0.010610079575607284,0,0,BOS_DN,0,1,0,0,1.0831223169765214,1.0851765988045614,1.09042,1.07596,1.08111,0,0
2023-05-30T07:00:00+0700,1.07057,1.07462,1.06721,1.07328,44782,0.007409999999999917,0.0061899999999999655,0.007409999999999917,0.00270999999999999,0.0013399999999998968,0.0033600000000000296,0.8191632928475152,0,0,BOS_DN,0,1,0,0,1.082184953454948,1.0847100655181081,1.08201,1.07014,1.07057,0,1
2023-05-31T07:00:00+0700,1.07278,1.07352,1.06347,1.06876,49213,0.010050000000000114,0.0062085714285714045,0.010050000000000114,0.004020000000000135,0.0007399999999999629,0.005290000000000017,0.5263681592039758,0,1,,0,0,0,0,1.0809063864592385,1.0840845727526922,1.08201,1.07014,1.07057,0,0
2023-06-01T07:00:00+0700,1.06876,1.0768,1.06614,1.07606,45683,0.010659999999999892,0.0063328571428571245,0.010659999999999892,0.007300000000000084,0.0007399999999999629,0.0026199999999998447,0.9305816135084456,0,0,,0,0,0,0,1.0804448258440729,1.0837698836251357,1.08201,1.07014,1.07057,0,1
2023-06-02T07:00:00+0700,1.07606,1.07785,1.07049,1.07059,41213,0.007360000000000033,0.006535714285714279,0.007360000000000033,0.005470000000000086,0.0017899999999999583,9.999999999998899e-05,0.013586956521737572,1,0,,0,0,0,0,1.0795062710017802,1.083253025443758,1.08201,1.07014,1.07057,0,0
2023-06-05T07:00:00+0700,1.07102,1.07219,1.06741,1.07115,37518,0.0047800000000000065,0.006522142857142857,0.0047800000000000065,0.00012999999999996348,0.0010399999999999299,0.003610000000000113,0.7824267782426928,0,0,,0,0,0,0,1.0787104356682773,1.0827783969949833,1.08201,1.07014,1.07057,0,1
2023-06-06T07:00:00+0700,1.07116,1.07324,1.06666,1.06912,37922,0.00658000000000003,0.006540000000000006,0.00658000000000003,0.0020399999999998197,0.002080000000000082,0.0024600000000001288,0.3738601823708385,0,1,,0,0,0,0,1.0777970608427272,1.0822427735834155,1.07785,1.06347,1.07115,0,0
2023-06-07T07:00:00+0700,1.06912,1.07393,1.06679,1.0697,38587,0.007140000000000146,0.006439285714285726,0.007140000000000146,0.0005800000000000249,0.004229999999999956,0.0023300000000001653,0.40756302521010235,0,0,,0,0,0,0,1.0770259121910388,1.081750900109556,1.07785,1.06347,1.07115,0,0
2023-06-08T07:00:00+0700,1.06969,1.07865,1.06917,1.07806,39036,0.009480000000000155,0.006625000000000024,0.009480000000000155,0.008369999999999989,0.0005900000000000905,0.000520000000000076,0.9377637130801603,0,0,CHOCH_UP,0,0,1,0,1.0771243967442732,1.081606158928789,1.07785,1.06347,1.07115,0,0
2023-06-09T07:00:00+0700,1.07802,1.07846,1.07425,1.07466,35608,0.004210000000000047,0.006670714285714308,0.004210000000000047,0.0033600000000000296,0.00043999999999999595,0.00041000000000002146,0.09738717339667859,0,0,,0,0,0,0,1.0768896922924376,1.0813337605394249,1.07785,1.06347,1.07115,1,0
2023-06-12T07:00:00+0700,1.07457,1.07896,1.07327,1.07557,34667,0.005689999999999973,0.0066471428571428836,0.005689999999999973,0.0009999999999998899,0.003390000000000004,0.0013000000000000789,0.40421792618628816,0,0,,0,0,0,0,1.0767640073122053,1.0811077307143495,1.07785,1.06347,1.07115,1,0
2023-06-13T07:00:00+0700,1.07541,1.08231,1.07527,1.07918,44305,0.007040000000000157,0.006770714285714329,0.007040000000000157,0.003770000000000051,0.003130000000000077,0.000140000000000029,0.5553977272727263,0,0,BOS_UP,1,0,0,0,1.0769941018539,1.081032133431434,1.07896,1.06666,1.07557,0,0
2023-06-14T07:00:00+0700,1.07917,1.08636,1.07737,1.08233,43197,0.008990000000000054,0.007060000000000034,0.008990000000000054,0.0031600000000000517,0.004029999999999978,0.0018000000000000238,0.5517241379310396,0,0,BOS_UP,1,0,0,0,1.077502282629719,1.081083030159613,1.07896,1.06666,1.07557,0,0
2023-06-15T07:00:00+0700,1.08247,1.09521,1.08033,1.09433,45539,0.014880000000000004,0.007717142857142899,0.014880000000000004,0.011859999999999982,0.0008799999999999919,0.0021400000000000308,0.940860215053764,0,0,BOS_UP,1,0,0,0,1.0791049223792695,1.0816025191729617,1.07896,1.06666,1.07557,0,0
2023-06-16T07:00:00+0700,1.09423,1.09702,1.09176,1.09346,40736,0.005260000000000042,0.00782357142857147,0.005260000000000042,0.0007699999999999374,0.00279000000000007,0.0017000000000000348,0.3231939163498139,1,0,,0,0,0,0,1.0804720726288628,1.0820675184210808,1.07896,1.06666,1.07557,0,0
2023-06-19T07:00:00+0700,1.09385,1.09459,1.09066,1.09201,29284,0.003929999999999989,0.007575000000000046,0.003929999999999989,0.0018400000000000638,0.0007399999999999629,0.0013499999999999623,0.34351145038167075,0,0,,0,0,0,0,1.0815709228546855,1.0824574196594698,1.07896,1.06666,1.07557,0,0
2023-06-20T07:00:00+0700,1.09201,1.09458,1.0892,1.09165,42521,0.005380000000000162,0.007241428571428621,0.005380000000000162,0.00035999999999991594,0.0025700000000001832,0.0024500000000000632,0.45539033457248873,0,1,,0,0,0,0,1.082530834963763,1.0828179130061573,1.09702,1.07527,1.09201,0,0
2023-06-21T07:00:00+0700,1.09164,1.09903,1.09057,1.09845,45077,0.008459999999999912,0.007084285714285765,0.008459999999999912,0.006809999999999983,0.0005800000000000249,0.0010699999999999044,0.9314420803782469,0,0,BOS_UP,1,0,0,0,1.0840469459195952,1.0834309360255239,1.09702,1.07527,1.09201,0,0
2023-06-22T07:00:00+0700,1.09847,1.10117,1.09481,1.09542,43402,0.006359999999999921,0.007012857142857186,0.006359999999999921,0.003049999999999997,0.0026999999999999247,0.0006099999999999994,0.0959119496855357,1,0,,0,0,0,0,1.0851300939272528,1.083901095397072,1.09702,1.07527,1.09201,1,0
2023-06-23T07:00:00+0700,1.09543,1.09583,1.0844,1.08851,46546,0.011430000000000051,0.007487857142857189,0.011430000000000051,0.006919999999999815,0.000400000000000178,0.004110000000000058,0.35958005249344177,0,1,,0,0,0,0,1.085451989743705,1.0840818367540497,1.09702,1.07527,1.09201,0,0
2023-06-26T07:00:00+0700,1.09001,1.09196,1.0887,1.09011,37239,0.003449999999999953,0.007264285714285755,0.0032600000000000406,9.999999999998899e-05,0.0018500000000001293,0.0013099999999999223,0.4325153374232803,0,0,,0,0,0,0,1.085895609768114,1.0843182353127143,1.09702,1.07527,1.09201,0,0
2023-06-27T07:00:00+0700,1.09009,1.09762,1.09008,1.09556,43385,0.007540000000000102,0.00729285714285718,0.007540000000000102,0.005470000000000086,0.0020599999999999508,1.0000000000065512e-05,0.7267904509283922,1,0,,0,0,0,0,1.0868160278854366,1.0847590888298628,1.10117,1.0844,1.09011,0,0
2023-06-28T07:00:00+0700,1.09529,1.09622,1.08966,1.0908,43678,0.006559999999999899,0.007084285714285733,0.006559999999999899,0.004490000000000105,0.0009299999999998754,0.0011399999999999189,0.17378048780486835,0,0,,0,0,0,0,1.0871954538011093,1.084995987307123,1.10117,1.0844,1.09011,0,0
2023-06-29T07:00:00+0700,1.0908,1.09409,1.08579,1.08589,45124,0.008299999999999974,0.007376428571428585,0.008299999999999974,0.00490999999999997,0.003290000000000015,9.999999999998899e-05,0.012048192771083047,0,0,,0,0,0,0,1.0870711248676703,1.0850310466284123,1.10117,1.0844,1.09011,0,0
2023-06-30T07:00:00+0700,1.08587,1.09313,1.08349,1.09029,44605,0.009639999999999871,0.007658571428571436,0.009639999999999871,0.0044200000000000905,0.0028399999999999537,0.0023799999999998267,0.7053941908713701,0,1,,0,0,0,0,1.0873776844040828,1.0852372800939647,1.10117,1.0844,1.09011,0,1
2023-07-03T07:00:00+0700,1.09057,1.09334,1.08698,1.09058,36743,0.006359999999999921,0.00760999999999999,0.006359999999999921,1.0000000000065512e-05,0.0027599999999998737,0.003589999999999982,0.5660377358490711,0,0,,0,0,0,0,1.0876826668417892,1.0854467985216525,1.10117,1.0844,1.09011,0,0
2023-07-04T07:00:00+0700,1.09055,1.09159,1.08722,1.08741,24997,0.004369999999999985,0.007279999999999985,0.004369999999999985,0.0031399999999999206,0.001040000000000152,0.00018999999999991246,0.043478260869545336,0,0,,0,0,0,0,1.0876566985711427,1.085523786814921,1.09762,1.08349,1.09058,0,0
2023-07-05T07:00:00+0700,1.08757,1.09074,1.08484,1.08491,39250,0.005900000000000016,0.006638571428571415,0.005900000000000016,0.0026599999999998847,0.003170000000000117,7.00000000000145e-05,0.01186440677966344,0,0,,0,0,0,0,1.0873951082310338,1.0854997167437477,1.09762,1.08349,1.09058,0,0
2023-07-06T07:00:00+0700,1.08491,1.09,1.08333,1.08837,48956,0.006670000000000176,0.00673928571428571,0.006670000000000176,0.0034600000000000186,0.0016300000000000203,0.0015800000000001369,0.7556221889055507,0,1,,0,0,0,0,1.0874879550661736,1.085612276871444,1.09762,1.08349,1.09058,0,1
2023-07-07T07:00:00+0700,1.08823,1.09728,1.08666,1.09595,46008,0.010620000000000074,0.007217142857142859,0.010620000000000074,0.007719999999999949,0.0013300000000000534,0.0015700000000000713,0.874764595103574,0,0,,0,0,0,0,1.0882938641074904,1.0860176777784463,1.09762,1.08349,1.09058,0,0
2023-07-10T07:00:00+0700,1.09543,1.1001,1.0943100000000001,1.09964,40813,0.005789999999999962,0.007246428571428558,0.005789999999999962,0.004210000000000047,0.000460000000000127,0.0011199999999997878,0.9205526770293385,0,0,BOS_UP,1,0,0,0,1.0893744484782055,1.086551886493017,1.09762,1.08349,1.09058,0,0
2023-07-11T07:00:00+0700,1.0996299999999999,1.10263,1.09766,1.10035,38982,0.004969999999999919,0.006997142857142845,0.004969999999999919,0.0007200000000000539,0.0022800000000000598,0.0019699999999998052,0.5412474849094372,0,0,BOS_UP,1,0,0,0,1.0904197390993289,1.0870929889834868,1.1001,1.08333,1.09964,0,0
2023-07-12T07:00:00+0700,1.1003,1.11399,1.09964,1.1125,49403,0.014350000000000085,0.007567857142857142,0.014350000000000085,0.012199999999999989,0.0014899999999999913,0.000660000000000105,0.8961672473867608,0,0,BOS_UP,1,0,0,0,1.092522621089869,1.0880893423566835,1.1001,1.08333,1.09964,0,0
2023-07-13T07:00:00+0700,1.11247,1.12274,1.11194,1.1221,47691,0.010800000000000143,0.007522857142857149,0.010800000000000143,0.009630000000000027,0.0006399999999999739,0.0005300000000001415,0.940740740740744,0,0,BOS_UP,1,0,0,0,1.0953395143194053,1.0894230936368137,1.1001,1.08333,1.09964,0,0
2023-07-14T07:00:00+0700,1.12211,1.12445,1.12038,1.12176,47898,0.004070000000000018,0.007567142857142868,0.004070000000000018,0.00034999999999985043,0.0023400000000000087,0.0013800000000001589,0.3390663390663766,0,0,BOS_UP,1,0,0,0,1.0978557510508906,1.0906912076118407,1.1001,1.08333,1.09964,0,0
2023-07-17T07:00:00+0700,1.12251,1.12484,1.1203,1.12266,37148,0.0045399999999999885,0.007352857142857145,0.0045399999999999885,0.0001500000000000945,0.0021800000000000708,0.0022099999999998232,0.5198237885462387,0,0,BOS_UP,1,0,0,0,1.1002180604746152,1.0919448857447096,1.1001,1.08333,1.09964,0,0
2023-07-18T07:00:00+0700,1.12286,1.12753,1.12085,1.12234,50572,0.006680000000000019,0.007361428571428582,0.006680000000000019,0.000520000000000076,0.004669999999999952,0.0014899999999999913,0.22305389221556693,1,0,,0,0,0,0,1.1023249118579852,1.0931368510096229,1.12484,1.09766,1.12266,1,0
2023-07-19T07:00:00+0700,1.12228,1.12397,1.1174,1.11929,48827,0.006569999999999965,0.007237857142857153,0.006569999999999965,0.002990000000000048,0.0016899999999999693,0.0018899999999999473,0.2876712328767059,0,0,,0,0,0,0,1.103940634538177,1.0941624646955201,1.12484,1.09766,1.12266,0,0
2023-07-20T07:00:00+0700,1.11931,1.12286,1.1118,1.11247,46889,0.01106000000000007,0.007339285714285738,0.01106000000000007,0.006839999999999957,0.003549999999999942,0.0006700000000001705,0.06057866184449966,0,0,,0,0,0,0,1.1047529550583506,1.0948804072564802,1.12484,1.09766,1.12266,0,0
2023-07-21T07:00:00+0700,1.11248,1.11445,1.11074,1.11209,43747,0.00370999999999988,0.007150000000000022,0.00370999999999988,0.00038999999999989043,0.0019700000000000273,0.0013499999999999623,0.3638814016172523,0,0,,0,0,0,0,1.1054517212432695,1.0955552932464223,1.12484,1.09766,1.12266,0,0
2023-07-24T07:00:00+0700,1.11178,1.11465,1.10587,1.10595,46949,0.00878000000000001,0.007465000000000023,0.00878000000000001,0.005830000000000002,0.002869999999999928,8.000000000008001e-05,0.009111617312081995,0,0,,0,0,0,0,1.1054991763629582,1.0959629288053863,1.12484,1.09766,1.12266,0,0
2023-07-25T07:00:00+0700,1.10589,1.10864,1.10203,1.10436,42364,0.006610000000000005,0.007515714285714308,0.006610000000000005,0.0015300000000000313,0.00275000000000003,0.0023299999999999432,0.35249621785173096,0,0,,0,0,0,0,1.1053906833760099,1.096292225714979,1.12753,1.10587,1.10595,0,0
2023-07-26T07:00:00+0700,1.10437,1.11063,1.10373,1.10809,51042,0.006899999999999906,0.0075321428571428605,0.006899999999999906,0.0037199999999999456,0.0025399999999999867,0.0006399999999999739,0.6318840579710114,0,0,,0,0,0,0,1.1056477611497233,1.096754883530078,1.12753,1.10587,1.10595,0,1
2023-07-27T07:00:00+0700,1.10723,1.11492,1.09655,1.09718,60939,0.018369999999999997,0.008085714285714283,0.018369999999999997,0.010049999999999892,0.007689999999999975,0.0006300000000001305,0.03429504627110128,1,0,,0,0,0,0,1.1048413077068926,1.0967715547641927,1.12753,1.10587,1.10595,0,0
2023-07-28T07:00:00+0700,1.09722,1.1047,1.09432,1.10088,63562,0.010380000000000056,0.008413571428571433,0.010380000000000056,0.0036599999999999966,0.0038199999999999346,0.0029000000000001247,0.6319845857418195,0,1,,0,0,0,0,1.1044640403062362,1.0969326702636364,1.12753,1.10587,1.10595,0,0
2023-07-31T07:00:00+0700,1.1015,1.10454,1.09913,1.0992,47777,0.005410000000000137,0.00844500000000002,0.005410000000000137,0.0022999999999999687,0.0030400000000001537,7.00000000000145e-05,0.012939001848431187,0,0,,0,0,0,0,1.1039627031342136,1.0970215851552585,1.12753,1.10587,1.10595,0,0
2023-08-01T07:00:00+0700,1.09916,1.10025,1.09519,1.09795,44173,0.005059999999999842,0.007781428571428574,0.005059999999999842,0.0012099999999999334,0.0010900000000000354,0.0027599999999998737,0.5454545454545374,0,0,,0,0,0,0,1.103390064740479,1.0970579935805425,1.11492,1.09432,1.0992,0,0
2023-08-02T07:00:00+0700,1.09769,1.10192,1.09176,1.09331,55204,0.010159999999999947,0.007735714285714275,0.010159999999999947,0.0043800000000000505,0.004229999999999956,0.0015499999999999403,0.15255905511810516,0,0,CHOCH_DN,0,0,0,1,1.102430058574719,1.0969110134401292,1.11492,1.09432,1.0992,0,0
2023-08-03T07:00:00+0700,1.09328,1.09624,1.09119,1.0944099999999999,53454,0.005049999999999999,0.007805714285714273,0.005049999999999999,0.0011299999999998533,0.0018300000000002203,0.0020899999999999253,0.6376237623761939,0,1,,0,0,0,0,1.101666243472365,1.0968129344816928,1.11492,1.09432,1.0992,0,1
2023-08-04T07:00:00+0700,1.09436,1.10414,1.09347,1.10001,49921,0.010669999999999957,0.008243571428571414,0.010669999999999957,0.005649999999999933,0.004129999999999967,0.0008900000000000574,0.6129334582942846,1,0,,0,0,0,0,1.1015085059988063,1.096938309600058,1.11492,1.09432,1.0992,0,1
2023-08-07T07:00:00+0700,1.10064,1.10137,1.0965,1.09973,38572,0.00486999999999993,0.008114285714285694,0.00486999999999993,0.0009099999999999664,0.0007299999999998974,0.003230000000000066,0.6632443531827746,0,0,,0,0,0,0,1.1013391244751105,1.0970477876549578,1.11492,1.09432,1.0992,0,0
2023-08-08T07:00:00+0700,1.09976,1.10106,1.09286,1.09513,45014,0.008199999999999985,0.008230714285714267,0.008199999999999985,0.004630000000000134,0.0012999999999998568,0.0022699999999999942,0.27682926829268273,0,1,,0,0,0,0,1.1007477792870048,1.0969725802959398,1.10414,1.09119,1.09973,0,0
2023-08-09T07:00:00+0700,1.09498,1.09949,1.09449,1.09689,41347,0.0050000000000001155,0.007797857142857126,0.0050000000000001155,0.0019099999999998563,0.0026000000000001577,0.0004900000000001015,0.47999999999998044,0,0,,0,0,0,0,1.1003803717358616,1.0969693418529618,1.10414,1.09119,1.09973,0,0
2023-08-10T07:00:00+0700,1.09686,1.10643,1.09669,1.0976,51021,0.009740000000000082,0.008228571428571427,0.009740000000000082,0.0007399999999999629,0.008830000000000116,0.00017000000000000348,0.09342915811087872,1,0,,0,0,0,0,1.1001155744276843,1.0969940735450026,1.10414,1.09119,1.09973,1,0
2023-08-11T07:00:00+0700,1.09759,1.10046,1.0939,1.0939,45311,0.006559999999999899,0.00806999999999999,0.006559999999999899,0.003689999999999971,0.002869999999999928,0.0,0.0,0,0,,0,0,0,0,1.0995236149583811,1.0968727373275515,1.10414,1.09119,1.09973,0,0
2023-08-14T07:00:00+0700,1.09435,1.0959699999999999,1.08743,1.09006,47361,0.008539999999999992,0.008207857142857131,0.008539999999999992,0.004289999999999905,0.0016199999999999548,0.0026300000000001322,0.30796252927402046,0,0,BOS_DN,0,1,0,0,1.0986223182956782,1.0966055711578437,1.10414,1.09119,1.09973,0,0
2023-08-15T07:00:00+0700,1.08999,1.09519,1.08968,1.08975,52884,0.005510000000000126,0.008108571428571434,0.005510000000000126,0.00024000000000001798,0.0052000000000000934,7.00000000000145e-05,0.012704174228677477,0,0,BOS_DN,0,1,0,0,1.0977773356008518,1.0963367252300853,1.10643,1.08743,1.09006,0,0
2023-08-16T07:00:00+0700,1.08969,1.09341,1.08712,1.08743,52282,0.006289999999999907,0.007245714285714284,0.006289999999999907,0.0022600000000001508,0.0037199999999999456,0.00030999999999981043,0.049284578696313995,0,0,BOS_DN,0,1,0,0,1.0967918750674372,1.095987441887729,1.10643,1.08743,1.09006,0,0
2023-08-17T07:00:00+0700,1.08743,1.09178,1.0856,1.08672,53078,0.006180000000000074,0.006945714285714285,0.006180000000000074,0.0007099999999999884,0.004350000000000076,0.0011200000000000099,0.1812297734627826,0,0,BOS_DN,0,1,0,0,1.0958326488705383,1.0956240127940924,1.10643,1.08743,1.09006,0,0
2023-08-18T07:00:00+0700,1.08671,1.08933,1.08445,1.08635,47590,0.0048799999999999955,0.006907857142857132,0.0048799999999999955,0.000360000000000138,0.0026199999999998447,0.0019000000000000128,0.38934426229508495,0,0,BOS_DN,0,1,0,0,1.0949295394542966,1.0952603260178535,1.10643,1.08743,1.09006,0,0
2023-08-21T07:00:00+0700,1.08618,1.09132,1.08607,1.08863,42191,0.005249999999999977,0.0069214285714285706,0.005249999999999977,0.0024500000000000632,0.002690000000000081,0.00010999999999983245,0.4876190476190299,0,0,BOS_DN,0,1,0,0,1.0943295833157922,1.0950003132328396,1.10643,1.08743,1.09006,0,1
2023-08-22T07:00:00+0700,1.0886,1.09299,1.08324,1.08404,41926,0.009749999999999925,0.0068921428571428545,0.009749999999999925,0.0045600000000001195,0.004389999999999894,0.0007999999999999119,0.08205128205127364,1,0,BOS_DN,0,1,0,0,1.0933496230000024,1.0945704970276302,1.09519,1.08445,1.08863,0,0
2023-08-23T07:00:00+0700,1.08406,1.08709,1.0802,1.08584,46981,0.006889999999999841,0.007023571428571415,0.006889999999999841,0.0017799999999998928,0.0012499999999999734,0.0038599999999999746,0.8185776487663277,0,0,BOS_DN,0,1,0,0,1.092634420809526,1.0942281245951742,1.09519,1.08445,1.08863,0,1
2023-08-24T07:00:00+0700,1.08579,1.08761,1.08047,1.08053,43076,0.007139999999999924,0.006771428571428555,0.007139999999999924,0.005260000000000042,0.0018199999999999328,5.999999999994898e-05,0.00840336134453076,0,0,BOS_DN,0,1,0,0,1.0914816188276664,1.0936909432385007,1.09519,1.08445,1.08863,0,0
2023-08-25T07:00:00+0700,1.08053,1.08411,1.07653,1.07897,48386,0.00757999999999992,0.006964999999999983,0.00757999999999992,0.0015600000000000058,0.0035799999999999166,0.0024399999999999977,0.32189973614776035,0,1,,0,0,0,0,1.0902900360821743,1.093113651346795,1.09519,1.08445,1.08863,0,0
2023-08-28T07:00:00+0700,1.0791,1.08215,1.07894,1.0814,38072,0.003209999999999935,0.006608571428571408,0.003209999999999935,0.0022999999999999687,0.0007500000000000284,0.00015999999999993797,0.7663551401869023,0,0,,0,0,0,0,1.08944336597911,1.09265429247045,1.09519,1.08445,1.08863,0,0
2023-08-29T07:00:00+0700,1.0814,1.08915,1.07818,1.08749,46365,0.010970000000000146,0.007034999999999981,0.010970000000000146,0.006090000000000151,0.0016599999999999948,0.0032200000000000006,0.8486782133090272,0,0,,0,0,0,0,1.0892573311239566,1.0924517711970991,1.09299,1.07653,1.0814,0,0
2023-08-30T07:00:00+0700,1.08732,1.0945,1.08548,1.09184,46556,0.009020000000000028,0.006983571428571407,0.009020000000000028,0.0045199999999998575,0.0026600000000001067,0.0018400000000000638,0.7050997782704991,1,0,,0,0,0,0,1.0895032995883416,1.092427780169762,1.09299,1.07653,1.0814,1,0
2023-08-31T07:00:00+0700,1.09157,1.09391,1.08347,1.08385,44384,0.010440000000000005,0.007260714285714271,0.010440000000000005,0.007719999999999949,0.0023400000000000087,0.00038000000000004697,0.036398467432954676,0,0,,0,0,0,0,1.0889648901037376,1.0920913966336927,1.09299,1.07653,1.0814,1,0
2023-09-01T07:00:00+0700,1.08328,1.08814,1.07666,1.07683,47067,0.011480000000000157,0.007470714285714283,0.011480000000000157,0.006450000000000067,0.0048600000000000865,0.00017000000000000348,0.01480836236933808,0,0,,0,0,0,0,1.087809186284334,1.091492910491195,1.09299,1.07653,1.0814,0,0
2023-09-04T07:00:00+0700,1.07712,1.08084,1.07707,1.07887,25397,0.004010000000000069,0.007363571428571422,0.003770000000000051,0.0017499999999999183,0.0019700000000000273,5.0000000000105516e-05,0.47745358090185663,0,0,,0,0,0,0,1.0869578352096354,1.090997894393501,1.09299,1.07653,1.0814,0,0
2023-09-05T07:00:00+0700,1.07893,1.07979,1.07062,1.0717,42588,0.009170000000000122,0.007569285714285723,0.009170000000000122,0.007229999999999848,0.0008600000000000829,0.001080000000000192,0.11777535441659515,0,0,BOS_DN,0,1,0,0,1.085504708046813,1.090241114221207,1.0945,1.07666,1.07887,0,0
2023-09-06T07:00:00+0700,1.07173,1.07484,1.0702099999999999,1.07221,42827,0.004630000000000134,0.007458571428571441,0.004630000000000134,0.00048000000000003595,0.00262999999999991,0.0015200000000001879,0.4319654427646147,0,0,BOS_DN,0,1,0,0,1.084238545375688,1.0895340117027281,1.0945,1.07666,1.07887,0,0
2023-09-07T07:00:00+0700,1.07221,1.07313,1.06857,1.06912,39483,0.0045599999999998975,0.007435714285714291,0.0045599999999998975,0.003090000000000037,0.0009199999999998099,0.0005500000000000504,0.12061403508773308,0,1,,0,0,0,0,1.0827986839113368,1.0887334622241898,1.0945,1.07666,1.07887,0,0
2023-09-08T07:00:00+0700,1.06918,1.07431,1.06917,1.06947,39377,0.005190000000000028,0.007431428571428581,0.0051400000000001445,0.00028999999999990145,0.0048400000000001775,1.0000000000065512e-05,0.058365758754855744,0,0,,0,0,0,0,1.0815292854435905,1.0879780323330452,1.0945,1.07666,1.07887,0,0
2023-09-11T07:00:00+0700,1.07097,1.07589,1.07069,1.07453,43276,0.006420000000000092,0.00719357142857145,0.0052000000000000934,0.0035600000000000076,0.0013600000000000279,0.000280000000000058,0.7384615384615378,0,0,,0,0,0,0,1.0808626868299154,1.087450658516063,1.0945,1.07666,1.07887,0,0
2023-09-12T07:00:00+0700,1.07448,1.07679,1.0705,1.07492,37314,0.006289999999999907,0.0071507142857143114,0.006289999999999907,0.00043999999999999595,0.0018699999999998163,0.003980000000000095,0.7027027027027275,1,0,,0,0,0,0,1.0802967166556379,1.0869592601428841,1.07979,1.06857,1.07453,0,0
2023-09-13T07:00:00+0700,1.07491,1.07643,1.07108,1.07243,45659,0.005349999999999966,0.007022857142857172,0.005349999999999966,0.0024800000000000377,0.0015199999999999658,0.0013499999999999623,0.25233644859812543,0,0,,0,0,0,0,1.079547505545577,1.0863894852353202,1.07979,1.06857,1.07453,0,0
2023-09-14T07:00:00+0700,1.07241,1.07517,1.06314,1.06382,48759,0.012029999999999985,0.007340714285714319,0.012029999999999985,0.008590000000000098,0.0027599999999998737,0.0006800000000000139,0.05652535328345925,0,0,BOS_DN,0,1,0,0,1.0780496478745696,1.0855044073829547,1.07979,1.06857,1.07453,0,0
2023-09-15T07:00:00+0700,1.06374,1.06874,1.06289,1.0649,41318,0.005850000000000133,0.007529285714285762,0.005850000000000133,0.0011600000000000499,0.0038400000000000656,0.0008500000000000174,0.3435897435897473,0,1,,0,0,0,0,1.0767973004579439,1.0846963914071526,1.07979,1.06857,1.07453,0,0
2023-09-18T07:00:00+0700,1.0653,1.06983,1.0653,1.06868,32755,0.004930000000000101,0.007097857142857188,0.004530000000000145,0.0033800000000001607,0.0011499999999999844,0.0,0.7461368653421749,0,0,,0,0,0,0,1.076024224223854,1.08406829762648,1.07979,1.06857,1.07453,0,1
2023-09-19T07:00:00+0700,1.06868,1.07174,1.0674,1.06743,34012,0.0043400000000000105,0.006763571428571472,0.0043400000000000105,0.0012499999999999734,0.0030599999999998406,3.0000000000196536e-05,0.006912442396358632,0,0,,0,0,0,0,1.0752057266787252,1.083415815366618,1.07679,1.06289,1.06868,0,0
2023-09-20T07:00:00+0700,1.06743,1.07363,1.06497,1.06554,41542,0.008660000000000112,0.006636428571428622,0.008660000000000112,0.0018900000000001693,0.006199999999999983,0.0005699999999999594,0.06581986143186513,1,0,,0,0,0,0,1.0742851812807512,1.0827148029992997,1.07679,1.06289,1.06868,0,0
2023-09-21T07:00:00+0700,1.06551,1.06731,1.06165,1.06537,46652,0.005659999999999998,0.006220714285714325,0.005659999999999998,0.000140000000000029,0.0018000000000000238,0.0037199999999999456,0.6572438162544075,0,0,,0,0,0,0,1.0734361163968702,1.082034614646386,1.07679,1.06289,1.06868,0,1
2023-09-22T07:00:00+0700,1.06538,1.06713,1.06144,1.06385,41326,0.005689999999999973,0.006340714285714318,0.005689999999999973,0.0015300000000000313,0.0017499999999999183,0.0024100000000000232,0.4235500878734683,0,0,,0,0,0,0,1.0725231529305015,1.0813214925033905,1.07679,1.06289,1.06868,0,1
2023-09-25T07:00:00+0700,1.06321,1.06551,1.0575,1.05881,36173,0.00800999999999985,0.006257857142857156,0.00800999999999985,0.0043999999999999595,0.0022999999999999687,0.0013099999999999223,0.1635455680399434,0,0,BOS_DN,0,1,0,0,1.0712171383656919,1.0804386888758066,1.07679,1.06289,1.06868,0,0
2023-09-26T07:00:00+0700,1.05879,1.06086,1.05617,1.05645,38297,0.004689999999999861,0.006262142857142851,0.004689999999999861,0.0023400000000000087,0.0020700000000000163,0.00027999999999983594,0.05970149253728022,0,0,BOS_DN,0,1,0,0,1.069810744235626,1.0794979559787161,1.07363,1.0575,1.05881,0,0
2023-09-27T07:00:00+0700,1.05642,1.05738,1.04876,1.04941,45363,0.008620000000000072,0.006552142857142863,0.008620000000000072,0.007009999999999961,0.0009600000000000719,0.0006500000000000394,0.07540603248260255,0,1,,0,0,0,0,1.0678678162131854,1.0783180361364135,1.07363,1.0575,1.05881,0,0
2023-09-28T07:00:00+0700,1.04941,1.0578400000000001,1.04898,1.05568,48656,0.00886000000000009,0.006814285714285725,0.00886000000000009,0.006269999999999998,0.002160000000000162,0.00042999999999993044,0.7562076749435508,0,0,,0,0,0,0,1.0667070718119296,1.077430270013417,1.07363,1.0575,1.05881,0,0
2023-09-29T07:00:00+0700,1.05488,1.06165,1.05488,1.0562,47926,0.006769999999999943,0.006839285714285714,0.006769999999999943,0.0013199999999999878,0.005449999999999955,0.0,0.19497784342688315,1,0,,0,0,0,0,1.0657063983060315,1.0765977104050477,1.07363,1.0575,1.05881,0,0
2023-10-02T07:00:00+0700,1.05569,1.05914,1.04686,1.04687,43853,0.012280000000000069,0.007267142857142869,0.012280000000000069,0.00882000000000005,0.003449999999999953,1.0000000000065512e-05,0.0008143322475623336,0,0,BOS_DN,0,1,0,0,1.0639124556102189,1.075431917840144,1.07363,1.0575,1.05881,0,0
2023-10-03T07:00:00+0700,1.04689,1.0493,1.04478,1.04578,49947,0.0045199999999998575,0.007207857142857147,0.0045199999999998575,0.0011100000000001664,0.002409999999999801,0.0009999999999998899,0.22123893805307995,0,1,,0,0,0,0,1.0621855550759123,1.0742690975326872,1.06165,1.04686,1.04687,0,0
2023-10-04T07:00:00+0700,1.04579,1.05317,1.0451,1.04956,50488,0.008070000000000022,0.006925000000000007,0.008070000000000022,0.003770000000000051,0.003609999999999891,0.0006900000000000794,0.5526641883519354,0,0,,0,0,0,0,1.0609831212591587,1.0733001133157192,1.06165,1.04686,1.04687,0,1
2023-10-05T07:00:00+0700,1.04952,1.05513,1.0495,1.05323,48505,0.005629999999999802,0.006909285714285697,0.005629999999999802,0.003710000000000102,0.0018999999999997907,1.999999999990898e-05,0.6625222024867038,0,0,,0,0,0,0,1.0602447287582863,1.0725130500484361,1.06165,1.04686,1.04687,0,0
2023-10-06T07:00:00+0700,1.05312,1.05995,1.04822,1.0582799999999999,52414,0.011730000000000018,0.007394999999999977,0.011730000000000018,0.005159999999999831,0.0016700000000000603,0.0049000000000001265,0.8576300085251443,0,0,,0,0,0,0,1.0600576117336875,1.0719548912230072,1.06165,1.04686,1.04687,0,0
2023-10-09T07:00:00+0700,1.05468,1.05739,1.0519,1.05638,46540,0.00637999999999983,0.00754071428571425,0.005489999999999995,0.0017000000000000348,0.0010099999999999554,0.0027800000000000047,0.8160291438980043,0,0,,0,0,0,0,1.0597073629971459,1.0713441111750464,1.06165,1.04686,1.04687,0,0
2023-10-10T07:00:00+0700,1.05634,1.06193,1.05528,1.06024,56434,0.006650000000000045,0.007397142857142817,0.006650000000000045,0.0039000000000000146,0.0016899999999999693,0.001060000000000061,0.7458646616541417,0,0,,0,0,0,0,1.059758090330751,1.0709086558348486,1.05995,1.04478,1.05638,0,0
2023-10-11T07:00:00+0700,1.06021,1.06342,1.05813,1.06165,49825,0.005290000000000017,0.007370714285714246,0.005290000000000017,0.0014399999999998858,0.0017700000000000493,0.002080000000000082,0.6654064272211637,0,0,,0,0,0,0,1.059938272204013,1.0705455712923055,1.05995,1.04478,1.05638,0,0
2023-10-12T07:00:00+0700,1.0617,1.06393,1.0525,1.05254,47050,0.011430000000000051,0.007780714285714252,0.011430000000000051,0.009160000000000057,0.0022299999999999542,4.0000000000040004e-05,0.003499562554684149,1,0,,0,0,0,0,1.0592336748512499,1.0698394704573133,1.05995,1.04478,1.05638,1,0
2023-10-13T07:00:00+0700,1.05252,1.0558,1.04951,1.05039,46928,0.006290000000000129,0.007657857142857129,0.006290000000000129,0.0021299999999999653,0.0032800000000001717,0.0008799999999999919,0.13990461049284164,0,1,,0,0,0,0,1.0583914201035118,1.069076746125654,1.05995,1.04478,1.05638,0,0
2023-10-16T07:00:00+0700,1.05056,1.05622,1.05027,1.05575,38959,0.0059499999999999,0.007747857142857132,0.0059499999999999,0.005190000000000028,0.00046999999999997044,0.00028999999999990145,0.9210084033613481,0,0,,0,0,0,0,1.0581398562841298,1.0685541286305305,1.05995,1.04478,1.05638,0,0
2023-10-17T07:00:00+0700,1.05571,1.05944,1.05324,1.05742,43989,0.006199999999999983,0.007574999999999983,0.006199999999999983,0.0017100000000001003,0.0020199999999999108,0.0024699999999999722,0.6741935483871103,0,0,,0,0,0,0,1.058071298542784,1.0681174961352156,1.06393,1.04951,1.05575,0,0
2023-10-18T07:00:00+0700,1.05742,1.05937,1.05227,1.05336,46626,0.007099999999999884,0.007449285714285682,0.007099999999999884,0.0040599999999999525,0.0019499999999998963,0.0010900000000000354,0.15352112676057086,0,0,,0,0,0,0,1.0576226034434713,1.0675387707965798,1.06393,1.04951,1.05575,0,0
2023-10-19T07:00:00+0700,1.05336,1.06163,1.05277,1.05795,53628,0.00886000000000009,0.007598571428571407,0.00886000000000009,0.004589999999999872,0.0036800000000001276,0.0005900000000000905,0.584650112866807,0,0,,0,0,0,0,1.0576537840679026,1.067162740569263,1.06393,1.04951,1.05575,0,0
2023-10-20T07:00:00+0700,1.0576699999999999,1.06032,1.05647,1.0591,42733,0.003849999999999909,0.006996428571428538,0.003849999999999909,0.0014300000000000423,0.0012199999999999989,0.0011999999999998678,0.6831168831168759,0,0,,0,0,0,0,1.0577915189185785,1.066846554664586,1.06393,1.04951,1.05575,0,0
2023-10-23T07:00:00+0700,1.05893,1.06774,1.0571,1.0667,41250,0.010639999999999983,0.007433571428571405,0.010639999999999983,0.007770000000000055,0.0010399999999999299,0.0018299999999999983,0.9022556390977508,0,0,CHOCH_UP,0,0,1,0,1.0586399456882376,1.0668408074228375,1.06393,1.04951,1.05575,0,0
2023-10-24T07:00:00+0700,1.0667,1.06935,1.05826,1.0587,43063,0.011090000000000044,0.007649285714285692,0.011090000000000044,0.008000000000000007,0.002650000000000041,0.00043999999999999595,0.03967538322813293,1,0,,0,0,0,0,1.0586456651465006,1.0665215600729223,1.06774,1.05227,1.0667,1,0
2023-10-25T07:00:00+0700,1.0587,1.06062,1.05631,1.05639,40367,0.004309999999999814,0.007554999999999978,0.004309999999999814,0.0023100000000000342,0.0019199999999999218,7.999999999985796e-05,0.018561484918761348,0,0,,0,0,0,0,1.0584308398944529,1.0661242439916314,1.06774,1.05227,1.0667,0,0
2023-10-26T07:00:00+0700,1.05638,1.05687,1.05221,1.05599,46723,0.0046599999999998865,0.007049999999999969,0.0046599999999998865,0.0003900000000001125,0.0004899999999998794,0.0037799999999998946,0.811158798283259,0,1,,0,0,0,0,1.0581983789521239,1.0657268226586263,1.06774,1.05227,1.0667,0,1
2023-10-27T07:00:00+0700,1.05596,1.05966,1.05349,1.05614,40886,0.006170000000000009,0.007034999999999981,0.006170000000000009,0.000180000000000069,0.0035199999999999676,0.0024699999999999722,0.42949756888169166,0,0,,0,0,0,0,1.0580023428614453,1.0653508688288762,1.06774,1.05227,1.0667,0,0
2023-10-30T07:00:00+0700,1.05602,1.06246,1.05467,1.06123,37618,0.007789999999999964,0.007116428571428547,0.007789999999999964,0.005209999999999937,0.0012300000000000644,0.0013499999999999623,0.8421052631578857,0,0,,0,0,0,0,1.058309738779403,1.0651892661297047,1.06774,1.05227,1.0667,0,0
2023-10-31T07:00:00+0700,1.06125,1.06744,1.05571,1.05727,46125,0.011730000000000018,0.007576428571428547,0.011730000000000018,0.003980000000000095,0.006189999999999918,0.0015600000000000058,0.1329923273657292,1,0,,0,0,0,0,1.0582107160385075,1.0648787066736378,1.06935,1.05221,1.06123,0,0
2023-11-01T07:00:00+0700,1.05726,1.05801,1.05167,1.05678,47626,0.00633999999999979,0.0072128571428571,0.00633999999999979,0.00048000000000003595,0.0007499999999998064,0.005109999999999948,0.8059936908517534,0,1,,0,0,0,0,1.0580744573681735,1.064561110333495,1.06935,1.05221,1.06123,0,1
2023-11-02T07:00:00+0700,1.05669,1.06671,1.05602,1.0619,43582,0.010690000000000088,0.007527142857142811,0.010690000000000088,0.005210000000000159,0.004809999999999981,0.0006699999999999484,0.5500467726847577,0,0,,0,0,0,0,1.058438794761681,1.064456753065515,1.06935,1.05221,1.06123,0,0
2023-11-03T07:00:00+0700,1.06185,1.07463,1.06118,1.07282,43142,0.013449999999999962,0.008062857142857103,0.013449999999999962,0.010970000000000146,0.0018099999999998673,0.0006699999999999484,0.8654275092936898,0,0,BOS_UP,1,0,0,0,1.0598084333558067,1.064784723533534,1.06935,1.05221,1.06123,0,0
2023-11-06T07:00:00+0700,1.07207,1.07558,1.07138,1.07147,33705,0.0041999999999999815,0.007919999999999958,0.0041999999999999815,0.000600000000000156,0.003509999999999902,8.999999999992347e-05,0.0214285714285533,1,0,,0,0,0,0,1.0609190587504918,1.0650468912381013,1.06935,1.05221,1.06123,0,0
2023-11-07T07:00:00+0700,1.07134,1.07225,1.06637,1.06971,38867,0.005879999999999885,0.007832857142857102,0.005879999999999885,0.0016300000000000203,0.0009099999999999664,0.0033399999999998986,0.5680272108843476,0,0,,0,0,0,0,1.0617562912504448,1.0652297582483718,1.07558,1.05167,1.07147,0,0
2023-11-08T07:00:00+0700,1.06953,1.07156,1.06588,1.07063,38157,0.005680000000000129,0.007605714285714248,0.005680000000000129,0.0010999999999998789,0.0009300000000000974,0.003650000000000153,0.8362676056337894,0,0,,0,0,0,0,1.06260140636945,1.0654415324347102,1.07558,1.05167,1.07147,0,0
2023-11-09T07:00:00+0700,1.07035,1.0725,1.06597,1.0667200000000001,42677,0.006529999999999925,0.00779714285714282,0.006529999999999925,0.0036299999999998,0.0021500000000000963,0.0007500000000000284,0.11485451761103171,1,0,,0,0,0,0,1.0629936533818833,1.0654916684176627,1.07558,1.05167,1.07147,0,0
2023-11-10T07:00:00+0700,1.06661,1.06923,1.06557,1.06814,37385,0.0036599999999999966,0.007298571428571392,0.0036599999999999966,0.0015300000000000313,0.0010899999999998133,0.001040000000000152,0.7021857923497775,0,1,,0,0,0,0,1.0634837816312277,1.0655955245581465,1.07558,1.05167,1.07147,0,0
2023-11-13T07:00:00+0700,1.06802,1.07057,1.06646,1.06958,32960,0.004110000000000058,0.006799999999999965,0.004110000000000058,0.0015600000000000058,0.0009900000000000464,0.0015600000000000058,0.759124087591233,0,0,,0,0,0,0,1.0640643738568252,1.0657517784970427,1.07558,1.05167,1.07147,0,0
2023-11-14T07:00:00+0700,1.06945,1.0887,1.06897,1.08761,41100,0.019730000000000025,0.00790142857142855,0.019730000000000025,0.018159999999999954,0.0010900000000000354,0.00048000000000003595,0.9447541814495675,0,0,BOS_UP,1,0,0,0,1.0663068144418895,1.0666089636540215,1.0725,1.06557,1.06958,0,0
2023-11-15T07:00:00+0700,1.08749,1.08854,1.08312,1.08443,41392,0.00541999999999998,0.007955714285714273,0.00541999999999998,0.0030600000000000627,0.0010499999999999954,0.0013099999999999223,0.24169741697415628,0,0,BOS_UP,1,0,0,0,1.0680328321140906,1.0673078278244519,1.0725,1.06557,1.06958,0,0
2023-11-16T07:00:00+0700,1.08442,1.08952,1.08297,1.08494,39707,0.006550000000000056,0.007982857142857134,0.006550000000000056,0.000520000000000076,0.0045800000000000285,0.0014499999999999513,0.30076335877862753,0,0,BOS_UP,1,0,0,0,1.0696430385794153,1.0679992855568263,1.0725,1.06557,1.06958,0,0
2023-11-17T07:00:00+0700,1.08489,1.09132,1.08244,1.09102,39882,0.008879999999999999,0.008060714285714279,0.008879999999999999,0.006130000000000191,0.00029999999999996696,0.002449999999999841,0.9662162162162199,0,1,BOS_UP,1,0,0,0,1.07167893966709,1.0689020586722449,1.0725,1.06557,1.06958,0,0
2023-11-20T07:00:00+0700,1.09073,1.09515,1.08971,1.09375,39575,0.005440000000000111,0.00761142857142857,0.005440000000000111,0.0030200000000000227,0.0014000000000000679,0.0010200000000000209,0.7426470588235222,0,0,BOS_UP,1,0,0,0,1.0737809454130816,1.0698764877439215,1.0725,1.06557,1.06958,0,0
2023-11-21T07:00:00+0700,1.09376,1.09647,1.08997,1.09082,42715,0.00649999999999995,0.0076228571428571534,0.00649999999999995,0.0029400000000001647,0.00270999999999999,0.0008499999999997954,0.1307692307692003,1,0,,0,0,0,0,1.0754037125165976,1.0706978019500422,1.09515,1.06897,1.09375,1,0
2023-11-22T07:00:00+0700,1.09056,1.09223,1.0852,1.08857,41871,0.007030000000000092,0.007361428571428582,0.007030000000000092,0.0019899999999999363,0.0016700000000000603,0.003370000000000095,0.4793741109530656,0,1,,0,0,0,0,1.076657644657874,1.0713986724618052,1.09515,1.06897,1.09375,0,0
2023-11-23T07:00:00+0700,1.08849,1.09302,1.0882,1.08998,25328,0.0048200000000000465,0.006745000000000017,0.0048200000000000465,0.0014899999999999913,0.0030400000000001537,0.00028999999999990145,0.36929460580910284,0,0,,0,0,0,0,1.077926440404743,1.072127351973107,1.09515,1.06897,1.09375,0,0
2023-11-24T07:00:00+0700,1.08995,1.09481,1.08946,1.09306,31074,0.005349999999999966,0.006827142857142873,0.005349999999999966,0.003109999999999946,0.0017500000000001403,0.0004899999999998794,0.6728971962616539,0,0,,0,0,0,0,1.0793677317947674,1.0729482401310244,1.09515,1.06897,1.09375,0,0
2023-11-27T07:00:00+0700,1.09418,1.09587,1.09247,1.0951,38059,0.0033999999999998476,0.006650000000000013,0.0033999999999998476,0.0009200000000000319,0.0007699999999999374,0.0017099999999998783,0.7735294117647141,0,0,,0,0,0,0,1.0808660430524086,1.0738169365964745,1.09515,1.06897,1.09375,1,0
2023-11-28T07:00:00+0700,1.09507,1.10084,1.0934,1.09901,44408,0.007440000000000113,0.006775714285714297,0.007440000000000113,0.003940000000000055,0.0018299999999999983,0.0016700000000000603,0.7540322580645201,0,0,BOS_UP,1,0,0,0,1.0825940389521793,1.074804899867201,1.09647,1.0852,1.0951,0,0
2023-11-29T07:00:00+0700,1.099,1.10168,1.0959699999999999,1.09666,48603,0.005710000000000104,0.006717142857142882,0.005710000000000104,0.0023400000000000087,0.0026800000000000157,0.0006900000000000794,0.12084063047286636,1,0,,0,0,0,0,1.083933654290067,1.0756619626175068,1.09647,1.0852,1.0951,0,0
2023-11-30T07:00:00+0700,1.09665,1.09835,1.08789,1.0883099999999999,50539,0.010459999999999914,0.007202857142857162,0.010459999999999914,0.008340000000000014,0.0017000000000000348,0.0004199999999998649,0.040152963671115524,0,0,,0,0,0,0,1.0843504491195843,1.0761579640834869,1.09647,1.0852,1.0951,1,0
2023-12-01T07:00:00+0700,1.0882,1.09123,1.08284,1.08765,50639,0.008389999999999898,0.007508571428571436,0.008389999999999898,0.0005500000000000504,0.003029999999999866,0.004809999999999981,0.573301549463652,0,0,,0,0,0,0,1.0846646920605763,1.0766086321586443,1.09647,1.0852,1.0951,0,1
2023-12-04T07:00:00+0700,1.08743,1.08944,1.08036,1.08333,50944,0.009079999999999977,0.006747857142857147,0.009079999999999977,0.0040999999999999925,0.0020100000000000673,0.002969999999999917,0.3270925110132076,0,0,CHOCH_DN,0,0,0,1,1.0845375785309976,1.0768722152112464,1.09647,1.0852,1.0951,0,0
2023-12-05T07:00:00+0700,1.08333,1.08469,1.0777700000000001,1.07937,49384,0.006919999999999815,0.006854999999999992,0.006919999999999815,0.0039599999999999635,0.0013600000000000279,0.0015999999999998238,0.23121387283235065,0,0,BOS_DN,0,1,0,0,1.084045428194712,1.0769701675559036,1.10168,1.08036,1.08333,0,0
2023-12-06T07:00:00+0700,1.07928,1.08041,1.07583,1.07615,43093,0.0045800000000000285,0.006714285714285705,0.0045800000000000285,0.003130000000000077,0.0011300000000000754,0.00031999999999987594,0.06986899563316025,0,0,BOS_DN,0,1,0,0,1.0832934826523586,1.0769380041223389,1.10168,1.08036,1.08333,0,0
2023-12-07T07:00:00+0700,1.07603,1.08171,1.07548,1.0790899999999999,51151,0.006229999999999958,0.006524999999999987,0.006229999999999958,0.0030599999999998406,0.0026200000000000667,0.0005500000000000504,0.5794542536115435,0,0,BOS_DN,0,1,0,0,1.0828931509711814,1.0770223961175414,1.10168,1.08036,1.08333,0,0
2023-12-08T07:00:00+0700,1.07906,1.08001,1.07235,1.07582,53601,0.00766,0.006683571428571408,0.00766,0.0032399999999999096,0.0009500000000000064,0.003470000000000084,0.4530026109660684,0,1,,0,0,0,0,1.0822195175453546,1.0769752433286182,1.10168,1.08036,1.08333,0,0
2023-12-11T07:00:00+0700,1.0756000000000001,1.07785,1.07412,1.0762,39487,0.003730000000000011,0.006485714285714269,0.003730000000000011,0.0005999999999999339,0.0016499999999999293,0.0014800000000001479,0.5576407506702615,0,0,,0,0,0,0,1.0816462301600829,1.0769448416294567,1.10168,1.08036,1.08333,0,0
2023-12-12T07:00:00+0700,1.07589,1.08274,1.07526,1.07916,43909,0.007479999999999931,0.006517857142857115,0.007479999999999931,0.003269999999999884,0.0035800000000001386,0.0006299999999999084,0.5213903743315279,0,0,,0,0,0,0,1.081409446335313,1.0770317105851641,1.08469,1.07235,1.0762,0,0
2023-12-13T07:00:00+0700,1.07902,1.0896,1.07727,1.08714,48822,0.012329999999999952,0.00705428571428568,0.012329999999999952,0.008119999999999905,0.0024599999999999067,0.0017500000000001403,0.800486618004873,0,0,,0,0,0,0,1.0819552133509975,1.0774281140916282,1.08469,1.07235,1.0762,0,0
2023-12-14T07:00:00+0700,1.08676,1.10088,1.08676,1.09899,65379,0.014120000000000132,0.007680714285714263,0.014120000000000132,0.012229999999999963,0.0018900000000001693,0.0,0.866147308781859,1,0,,0,0,0,0,1.083577573984236,1.0782736782448978,1.08469,1.07235,1.0762,0,0
2023-12-15T07:00:00+0700,1.09897,1.10032,1.08885,1.0890900000000001,55016,0.01146999999999987,0.008257142857142836,0.01146999999999987,0.009879999999999889,0.0013499999999999623,0.00024000000000001798,0.020924149956409826,0,0,,0,0,0,0,1.0841025669381184,1.0786978477254903,1.08469,1.07235,1.0762,0,0
2023-12-18T07:00:00+0700,1.08947,1.09306,1.08916,1.09208,41507,0.003969999999999807,0.008009285714285672,0.0039000000000000146,0.002610000000000001,0.0009799999999999809,0.00031000000000003247,0.7487179487179546,0,0,,0,0,0,0,1.0848623224678213,1.079222638010765,1.08469,1.07235,1.0762,0,0
2023-12-19T07:00:00+0700,1.09113,1.0987,1.0909200000000001,1.09778,45267,0.007779999999999898,0.008157142857142799,0.007779999999999898,0.006650000000000045,0.0009200000000000319,0.00020999999999982144,0.8817480719794288,0,0,,0,0,0,0,1.0860925774708858,1.0799503776966173,1.10088,1.07526,1.09208,0,0
2023-12-20T07:00:00+0700,1.09778,1.09829,1.09293,1.09361,43003,0.005360000000000031,0.007792857142857094,0.005360000000000031,0.004170000000000007,0.0005100000000000104,0.0006800000000000139,0.1268656716417929,0,0,,0,0,0,0,1.0868085224736586,1.0804860491594952,1.10088,1.07526,1.09208,0,0
2023-12-21T07:00:00+0700,1.09346,1.10119,1.0933,1.10082,47984,0.007889999999999953,0.0077571428571428114,0.007889999999999953,0.007359999999999811,0.00036999999999998145,0.00016000000000016001,0.9531051964512062,0,0,,0,0,0,0,1.0881429489047387,1.0812834589963778,1.10088,1.07526,1.09208,1,0
2023-12-22T07:00:00+0700,1.10082,1.10396,1.09887,1.10071,42332,0.005090000000000039,0.007472142857142816,0.005090000000000039,0.00010999999999983245,0.0031400000000001427,0.0018400000000000638,0.36149312377211196,0,0,,0,0,0,0,1.0893398109138113,1.0820452841337749,1.10088,1.07526,1.09208,1,0
2023-12-26T07:00:00+0700,1.10003,1.10446,1.10003,1.10396,20880,0.004429999999999934,0.007294285714285682,0.004429999999999934,0.003929999999999989,0.0004999999999999449,0.0,0.8871331828442546,0,0,CHOCH_UP,0,0,1,0,1.0907322098744008,1.0829046847559798,1.10396,1.0909200000000001,1.10071,0,0
2023-12-27T07:00:00+0700,1.10396,1.11222,1.10281,1.1102400000000001,33852,0.009409999999999918,0.007639285714285674,0.009409999999999918,0.006280000000000063,0.0019799999999998708,0.0011499999999999844,0.7895855472901288,0,0,BOS_UP,1,0,0,0,1.0925900946482674,1.0839766579028043,1.10396,1.0909200000000001,1.10071,0,0
2023-12-28T07:00:00+0700,1.10998,1.11389,1.10548,1.10585,38465,0.008410000000000029,0.007794999999999964,0.008410000000000029,0.004129999999999967,0.00391000000000008,0.00036999999999998145,0.043995243757429275,1,0,,0,0,0,0,1.0938529427770038,1.0848344360242628,1.10396,1.0909200000000001,1.10071,0,0
2023-12-29T07:00:00+0700,1.10581,1.10838,1.10325,1.1033,39151,0.005129999999999857,0.007614285714285669,0.005129999999999857,0.0025100000000000122,0.002569999999999961,4.999999999988347e-05,0.009746588693934672,0,0,,0,0,0,0,1.0947526625125272,1.085558575788017,1.10396,1.0909200000000001,1.10071,1,0
2024-01-02T07:00:00+0700,1.10412,1.10438,1.09379,1.09388,45176,0.010589999999999877,0.00810428571428566,0.010589999999999877,0.010240000000000027,0.00025999999999992696,8.999999999992347e-05,0.008498583569397972,0,0,,0,0,0,0,1.0946695517970486,1.0858849061492715,1.11389,1.10003,1.1033,0,0
2024-01-03T07:00:00+0700,1.09415,1.0965,1.08926,1.09187,49837,0.007240000000000135,0.008087142857142817,0.007240000000000135,0.0022800000000000598,0.0023500000000000743,0.002610000000000001,0.3604972375690542,0,0,,0,0,0,0,1.0944029278163774,1.0861196157120452,1.11389,1.10003,1.1033,0,0
2024-01-04T07:00:00+0700,1.09181,1.09718,1.09049,1.09419,43557,0.006690000000000085,0.0076842857142856835,0.006690000000000085,0.0023800000000000487,0.002990000000000048,0.0013199999999999878,0.5530642750373677,0,0,,0,0,0,0,1.0943826489767225,1.0864361013703965,1.11389,1.10003,1.1033,0,0
2024-01-05T07:00:00+0700,1.09387,1.09979,1.08765,1.09385,52100,0.01214000000000004,0.0075428571428571055,0.01214000000000004,1.999999999990898e-05,0.005920000000000147,0.006199999999999983,0.5107084019769327,1,1,,0,0,0,0,1.094331920502749,1.086726842493126,1.11389,1.10003,1.1033,0,0
2024-01-08T07:00:00+0700,1.09325,1.09783,1.09222,1.09475,41115,0.005610000000000115,0.007124285714285694,0.005610000000000115,0.0014999999999998348,0.0030800000000001937,0.0010300000000000864,0.45098039215683944,0,0,,0,0,0,0,1.0943717375977253,1.0870414761208467,1.11389,1.10003,1.1033,0,0
2024-01-09T07:00:00+0700,1.09475,1.0966,1.09101,1.09284,43027,0.005589999999999984,0.007239999999999992,0.005589999999999984,0.0019099999999998563,0.0018500000000001293,0.0018299999999999983,0.3273703041144908,0,0,,0,0,0,0,1.0942258578265134,1.0872688692141468,1.10438,1.08765,1.09475,0,0
2024-01-10T07:00:00+0700,1.09284,1.09724,1.09225,1.09698,38833,0.00499000000000005,0.007040714285714289,0.00499000000000005,0.0041400000000000325,0.00025999999999992696,0.0005900000000000905,0.9478957915831815,0,0,,0,0,0,0,1.0944881570811311,1.0876496978724155,1.10438,1.08765,1.09475,0,0
2024-01-11T07:00:00+0700,1.09652,1.09991,1.09299,1.09695,53790,0.006920000000000037,0.007152142857142861,0.006920000000000037,0.0004300000000001525,0.0029599999999998516,0.003530000000000033,0.5722543352601394,1,0,,0,0,0,0,1.0947226183114995,1.088014415602909,1.10438,1.08765,1.09475,0,0
2024-01-12T07:00:00+0700,1.09695,1.09865,1.09356,1.09463,46404,0.005089999999999817,0.006952142857142851,0.005089999999999817,0.0023200000000000998,0.0016999999999998128,0.0010699999999999044,0.21021611001963514,0,0,,0,0,0,0,1.0947137975199281,1.0882738502851481,1.10438,1.08765,1.09475,0,0
2024-01-15T07:00:00+0700,1.09443,1.0967,1.09331,1.09458,28560,0.003390000000000004,0.006830714285714278,0.003390000000000004,0.0001500000000000945,0.0021199999999998997,0.0011200000000000099,0.3746312684366085,0,0,,0,0,0,0,1.0947010548989826,1.088521150273966,1.10438,1.08765,1.09475,0,0
2024-01-16T07:00:00+0700,1.09456,1.09504,1.08617,1.08724,51952,0.008869999999999933,0.007147857142857135,0.008869999999999933,0.007319999999999993,0.00048000000000003595,0.0010699999999999044,0.12063134160089203,0,0,CHOCH_DN,0,0,0,1,1.0939904782419365,1.0884709090867517,1.09991,1.09101,1.09458,0,0
2024-01-17T07:00:00+0700,1.08716,1.0884,1.08441,1.088,47854,0.003989999999999938,0.006760714285714279,0.003989999999999938,0.0008400000000001739,0.00039999999999995595,0.002749999999999808,0.8997493734335934,0,1,,0,0,0,0,1.0934199565046092,1.0884524420637418,1.09991,1.09101,1.09458,0,0
2024-01-18T07:00:00+0700,1.08788,1.09063,1.08463,1.08732,46536,0.006000000000000005,0.00658857142857142,0.006000000000000005,0.0005599999999998939,0.00275000000000003,0.002690000000000081,0.44833333333334646,0,0,,0,0,0,0,1.092839008266075,1.0884080325710461,1.09991,1.09101,1.09458,0,0
2024-01-19T07:00:00+0700,1.08717,1.08973,1.08611,1.08947,40384,0.0036200000000001786,0.0064807142857143,0.0036200000000001786,0.0022999999999999687,0.000260000000000149,0.001060000000000061,0.9281767955800729,0,0,,0,0,0,0,1.0925181503359727,1.088449678352574,1.09991,1.09101,1.09458,0,0
2024-01-22T07:00:00+0700,1.08873,1.09091,1.08793,1.08796,36769,0.0029799999999999827,0.005937142857142879,0.0029799999999999827,0.0007699999999999374,0.0021800000000000708,2.999999999997449e-05,0.01006711409395123,0,0,,0,0,0,0,1.0920840407801657,1.0884304752799239,1.09991,1.09101,1.09458,0,0
2024-01-23T07:00:00+0700,1.08791,1.09156,1.08212,1.08517,39266,0.009440000000000115,0.006094285714285734,0.009440000000000115,0.0027399999999999647,0.003650000000000153,0.003049999999999997,0.3230932203389788,0,1,,0,0,0,0,1.0914255607058643,1.0883026135042406,1.09504,1.08441,1.08796,0,1
2024-01-24T07:00:00+0700,1.084,1.0931899999999999,1.084,1.08818,46114,0.00918999999999981,0.006272857142857143,0.00918999999999981,0.0041799999999998505,0.005009999999999959,0.0,0.4548422198041281,1,0,,0,0,0,0,1.0911164596862581,1.0882978051315253,1.09504,1.08441,1.08796,0,1
2024-01-25T07:00:00+0700,1.08818,1.09013,1.08216,1.08433,46434,0.007970000000000033,0.005975,0.007970000000000033,0.003849999999999909,0.0019500000000001183,0.0021700000000000053,0.2722710163111664,0,0,,0,0,0,0,1.0904701301923287,1.0881422049302891,1.09504,1.08441,1.08796,0,0
2024-01-26T07:00:00+0700,1.08434,1.08852,1.08125,1.08484,40773,0.007269999999999888,0.006093571428571413,0.007269999999999888,0.0004999999999999449,0.0036799999999999056,0.003090000000000037,0.4938101788170616,0,0,,0,0,0,0,1.089933927316869,1.0880127066977288,1.09504,1.08441,1.08796,0,1
2024-01-29T07:00:00+0700,1.084,1.08497,1.07956,1.083,35054,0.005409999999999915,0.006080714285714265,0.005409999999999915,0.001000000000000112,0.0009699999999999154,0.0034399999999998876,0.635859519408492,0,0,,0,0,0,0,1.0892735532866908,1.0878161299644844,1.09504,1.08441,1.08796,0,0
2024-01-30T07:00:00+0700,1.08289,1.08569,1.08115,1.08429,39991,0.0045399999999999885,0.006048571428571403,0.0045399999999999885,0.0014000000000000679,0.0014000000000000679,0.0017399999999998528,0.6916299559471208,0,0,,0,0,0,0,1.0887989291641489,1.087677850358034,1.0931899999999999,1.07956,1.083,0,0
2024-01-31T07:00:00+0700,1.08366,1.0887,1.07944,1.08154,60559,0.009260000000000046,0.006215714285714261,0.009260000000000046,0.002120000000000122,0.005039999999999933,0.0020999999999999908,0.22678185745140175,0,0,BOS_DN,0,1,0,0,1.088107602577087,1.0874371503439935,1.0931899999999999,1.07956,1.083,0,1
2024-02-01T07:00:00+0700,1.08087,1.08743,1.07795,1.08688,54986,0.009479999999999933,0.0065292857142856976,0.009479999999999933,0.006010000000000071,0.0005499999999998284,0.0029200000000000337,0.9419831223628868,0,0,,0,0,0,0,1.087990688045936,1.0874153013108958,1.0931899999999999,1.07956,1.083,0,1
2024-02-02T07:00:00+0700,1.0869,1.0897000000000001,1.078,1.07834,45718,0.011700000000000044,0.00712285714285713,0.011700000000000044,0.008559999999999901,0.0028000000000001357,0.00034000000000000696,0.029059829059829546,1,0,BOS_DN,0,1,0,0,1.087071574898704,1.0870594071418411,1.0931899999999999,1.07956,1.083,0,0
2024-02-05T07:00:00+0700,1.07825,1.07856,1.07228,1.07399,43656,0.006280000000000063,0.006937857142857139,0.006280000000000063,0.0042599999999999305,0.00031000000000003247,0.0017100000000001003,0.27229299363058646,0,0,BOS_DN,0,1,0,0,1.085825710622637,1.0865468813715728,1.0931899999999999,1.07956,1.083,0,0
2024-02-06T07:00:00+0700,1.07378,1.07619,1.07222,1.07519,43249,0.003970000000000029,0.006936428571428573,0.003970000000000029,0.0014100000000001334,0.0009999999999998899,0.0015600000000000058,0.7481108312342866,0,1,,0,0,0,0,1.0848127858014336,1.0861015134746483,1.0897000000000001,1.07228,1.07399,0,1
2024-02-07T07:00:00+0700,1.07516,1.07836,1.07469,1.07691,40384,0.003670000000000062,0.006770000000000006,0.003670000000000062,0.0017500000000001403,0.0014499999999999513,0.00046999999999997044,0.6049046321526085,0,0,,0,0,0,0,1.0840601395346303,1.0857410619658385,1.0897000000000001,1.07228,1.07399,0,0
2024-02-08T07:00:00+0700,1.0768,1.07883,1.07412,1.07748,38381,0.004709999999999992,0.006847857142857136,0.004709999999999992,0.0006800000000000139,0.0013499999999999623,0.0026800000000000157,0.7133757961783515,0,0,,0,0,0,0,1.0834334595789512,1.085417098751492,1.0897000000000001,1.07228,1.07399,0,0
2024-02-09T07:00:00+0700,1.07748,1.07943,1.07618,1.07821,38878,0.003249999999999975,0.0068671428571428494,0.003249999999999975,0.0007299999999998974,0.0012199999999999989,0.0013000000000000789,0.6246153846153821,0,0,,0,0,0,0,1.0829359872380988,1.085134467427904,1.0897000000000001,1.07228,1.07399,0,0
2024-02-12T07:00:00+0700,1.07723,1.08051,1.07554,1.07691,30336,0.004970000000000141,0.006547857142857137,0.004970000000000141,0.00031999999999987594,0.0032800000000001717,0.0013700000000000934,0.27565392354125845,1,0,,0,0,0,0,1.0823620836916132,1.0848119392934763,1.0897000000000001,1.07228,1.07399,0,0
2024-02-13T07:00:00+0700,1.07683,1.07942,1.07002,1.07062,41710,0.009400000000000075,0.006562857142857156,0.009400000000000075,0.006210000000000049,0.0025900000000000922,0.0005999999999999339,0.06382978723403501,0,0,BOS_DN,0,1,0,0,1.0812437900066978,1.0842553926545166,1.08051,1.07222,1.07691,0,0
2024-02-14T07:00:00+0700,1.0706,1.0734,1.06945,1.0723799999999999,39168,0.003949999999999898,0.006275714285714289,0.003949999999999898,0.0017799999999998928,0.0010200000000000209,0.0011499999999999844,0.7417721518987223,0,1,,0,0,0,0,1.0803996195298695,1.0837896909817906,1.08051,1.07222,1.07691,0,1
2024-02-15T07:00:00+0700,1.07231,1.07843,1.07207,1.07695,38763,0.006359999999999921,0.006210714285714292,0.006359999999999921,0.0046399999999999775,0.0014799999999999258,0.00024000000000001798,0.7672955974842856,0,0,,0,0,0,0,1.0800710843365486,1.083521467806034,1.08051,1.07222,1.07691,0,1
2024-02-16T07:00:00+0700,1.07635,1.0787,1.0731600000000001,1.07738,39815,0.005539999999999878,0.006220000000000003,0.005539999999999878,0.0010300000000000864,0.0013199999999999878,0.003189999999999804,0.7617328519855565,0,0,,0,0,0,0,1.0798147905902107,1.0832806259312877,1.08051,1.07222,1.07691,0,0
2024-02-19T07:00:00+0700,1.07689,1.07889,1.07616,1.07763,24171,0.002729999999999899,0.006090714285714283,0.002729999999999899,0.000740000000000185,0.0012599999999998168,0.0007299999999998974,0.5384615384615885,0,0,,0,0,0,0,1.0796067152959048,1.0830590327575118,1.08051,1.07222,1.07691,0,0
2024-02-20T07:00:00+0700,1.0776,1.08384,1.07611,1.08049,41012,0.007730000000000015,0.005981428571428566,0.007730000000000015,0.002890000000000059,0.003349999999999964,0.0014899999999999913,0.566623544631312,0,0,,0,0,0,0,1.0796908376486758,1.0829582863748644,1.07942,1.06945,1.07763,0,0
2024-02-21T07:00:00+0700,1.08027,1.08238,1.07895,1.0816,39715,0.003429999999999822,0.005549285714285701,0.003429999999999822,0.0013299999999998313,0.0007800000000000029,0.0013199999999999878,0.7725947521865763,0,0,CHOCH_UP,0,0,1,0,1.0798726626345163,1.0829050202425168,1.07942,1.06945,1.07763,0,0
2024-02-22T07:00:00+0700,1.08158,1.08878,1.08023,1.082,41531,0.008550000000000058,0.005324285714285702,0.008550000000000058,0.00042000000000008697,0.006780000000000008,0.0013499999999999623,0.20701754385965349,1,0,,0,0,0,0,1.0800752661931337,1.082869529252614,1.07942,1.06945,1.07763,0,0
2024-02-23T07:00:00+0700,1.08199,1.0839,1.08113,1.08169,35421,0.0027700000000001612,0.005073571428571423,0.0027700000000001612,0.00029999999999996696,0.0019100000000000783,0.000560000000000116,0.20216606498197956,0,0,,0,0,0,0,1.080229050365216,1.0828232732034921,1.07942,1.06945,1.07763,0,0
2024-02-26T07:00:00+0700,1.08284,1.08592,1.08122,1.0848200000000001,31481,0.0046999999999999265,0.005125714285714273,0.0046999999999999265,0.001980000000000093,0.0010999999999998789,0.0016199999999999548,0.7659574468085327,0,0,,0,0,0,0,1.080666283663767,1.08290157621512,1.07942,1.06945,1.07763,0,0
2024-02-27T07:00:00+0700,1.08479,1.08654,1.0832600000000001,1.08414,31000,0.0032799999999999496,0.005097857142857122,0.0032799999999999496,0.0006499999999998174,0.0017500000000001403,0.0008799999999999919,0.2682926829268309,1,0,,0,0,0,0,1.0809971137910275,1.0829501418537426,1.08878,1.07611,1.0848200000000001,0,0
2024-02-28T07:00:00+0700,1.084,1.08454,1.07962,1.08353,35509,0.0049200000000000355,0.005112857142857126,0.0049200000000000355,0.00046999999999997044,0.0005399999999999849,0.00391000000000008,0.7947154471544821,0,0,,0,0,0,0,1.081238341049025,1.0829728813888901,1.08878,1.07611,1.0848200000000001,0,0
2024-02-29T07:00:00+0700,1.08317,1.08554,1.07954,1.08025,45211,0.006000000000000005,0.005309285714285699,0.006000000000000005,0.0029200000000000337,0.0023699999999999832,0.0007099999999999884,0.11833333333333129,0,0,,0,0,0,0,1.0811442133300702,1.0828661017265808,1.08878,1.07611,1.0848200000000001,0,0
2024-03-01T07:00:00+0700,1.07958,1.08427,1.07945,1.08365,38780,0.0048200000000000465,0.005298571428571407,0.0048200000000000465,0.004070000000000018,0.0006200000000000649,0.00012999999999996348,0.8713692946057969,0,1,,0,0,0,0,1.0813828596795871,1.0828968428353425,1.08878,1.07611,1.0848200000000001,0,0
2024-03-04T07:00:00+0700,1.0839,1.08663,1.08324,1.0853,31630,0.003390000000000004,0.004869285714285687,0.003390000000000004,0.0013999999999998458,0.0013300000000000534,0.000660000000000105,0.6076696165191587,0,0,,0,0,0,0,1.0817559206624836,1.0829910842927801,1.08878,1.07611,1.0848200000000001,0,0
2024-03-05T07:00:00+0700,1.08529,1.08756,1.08398,1.08538,33309,0.0035800000000001386,0.004842857142857133,0.0035800000000001386,8.999999999992347e-05,0.0021800000000000708,0.0013100000000001444,0.3910614525139703,0,0,,0,0,0,0,1.0821010710755803,1.0830847672616908,1.08663,1.07945,1.0853,1,0
2024-03-06T07:00:00+0700,1.08538,1.09149,1.08417,1.08959,35706,0.007319999999999993,0.004911428571428567,0.007319999999999993,0.004210000000000047,0.0019000000000000128,0.0012099999999999334,0.7404371584699434,0,0,BOS_UP,1,0,0,0,1.0828143024017156,1.083339874427899,1.08663,1.07945,1.0853,0,0
2024-03-07T07:00:00+0700,1.08959,1.09487,1.08674,1.09453,37162,0.00812999999999997,0.005096428571428573,0.00812999999999997,0.0049399999999999444,0.00034000000000000696,0.002850000000000019,0.958179581795817,0,0,BOS_UP,1,0,0,0,1.0839300831253618,1.083778702881707,1.08663,1.07945,1.0853,0,0
2024-03-08T07:00:00+0700,1.09451,1.09807,1.09188,1.09349,42050,0.00619000000000014,0.0053435714285714475,0.00619000000000014,0.0010200000000000209,0.0035600000000000076,0.0016100000000001113,0.26009693053313004,1,0,,0,0,0,0,1.0848405513991368,1.0841595380628166,1.08663,1.07945,1.0853,0,0
2024-03-11T07:00:00+0700,1.09413,1.09476,1.09142,1.0924800000000001,30354,0.0033399999999998986,0.005030000000000011,0.0033399999999998986,0.0016499999999999293,0.0006299999999999084,0.001060000000000061,0.3173652694611057,0,0,,0,0,0,0,1.0855681179325525,1.0844858306878042,1.08663,1.07945,1.0853,0,0
2024-03-12T07:00:00+0700,1.0924800000000001,1.09434,1.09018,1.09257,36887,0.004160000000000164,0.005082142857142892,0.004160000000000164,8.999999999992347e-05,0.0017700000000000493,0.0023000000000001908,0.5745192307692356,0,0,,0,0,0,0,1.0862349638437379,1.0848028569353414,1.09807,1.08398,1.0924800000000001,0,0
2024-03-13T07:00:00+0700,1.09217,1.09633,1.0919699999999999,1.09468,32322,0.0043600000000001415,0.004782857142857184,0.0043600000000001415,0.0025100000000000122,0.0016499999999999293,0.00020000000000020002,0.6215596330275515,1,0,,0,0,0,0,1.0870392530014772,1.0851901958790535,1.09807,1.08398,1.0924800000000001,0,0
2024-03-14T07:00:00+0700,1.09468,1.09542,1.08802,1.08822,37026,0.007400000000000073,0.005113571428571463,0.007400000000000073,0.006460000000000132,0.0007399999999999629,0.00019999999999997797,0.027027027027023785,0,0,,0,0,0,0,1.0871517050965747,1.085309011726934,1.09807,1.08398,1.0924800000000001,0,0
2024-03-15T07:00:00+0700,1.08822,1.08991,1.08725,1.08878,32912,0.0026599999999998847,0.004967857142857175,0.0026599999999998847,0.000560000000000116,0.0011299999999998533,0.0009699999999999154,0.5751879699248488,0,0,,0,0,0,0,1.0873067808016628,1.0854451289141132,1.09807,1.08398,1.0924800000000001,0,0
2024-03-18T07:00:00+0700,1.08896,1.09056,1.08656,1.08695,25633,0.0040000000000000036,0.0050192857142857495,0.0040000000000000036,0.0020099999999998452,0.0016000000000000458,0.0003900000000001125,0.09750000000002804,0,0,,0,0,0,0,1.087272801677695,1.085504143466501,1.09807,1.08398,1.0924800000000001,0,0
2024-03-19T07:00:00+0700,1.08695,1.08761,1.08343,1.08627,34788,0.0041800000000000725,0.0049664285714286095,0.0041800000000000725,0.0006800000000000139,0.0006599999999998829,0.0028400000000001757,0.6794258373206044,0,1,,0,0,0,0,1.0871772967560096,1.0855341770560498,1.09633,1.08656,1.08695,0,0
2024-03-20T07:00:00+0700,1.0861,1.09223,1.08359,1.09191,34854,0.008639999999999981,0.005155000000000036,0.008639999999999981,0.005809999999999871,0.000320000000000098,0.0025100000000000122,0.9629629629629516,0,0,,0,0,0,0,1.0876280303982944,1.0857842093283616,1.09633,1.08656,1.08695,0,1
2024-03-21T07:00:00+0700,1.09166,1.0942,1.0855,1.08571,39578,0.008700000000000152,0.005432142857142901,0.008700000000000152,0.005950000000000122,0.0025399999999999867,0.00021000000000004349,0.024137931034487334,1,0,,0,0,0,0,1.087445360836552,1.085781299158622,1.09633,1.08656,1.08695,0,0
2024-03-22T07:00:00+0700,1.08568,1.08677,1.08013,1.08051,32750,0.006639999999999979,0.005664285714285756,0.006639999999999979,0.005169999999999897,0.0010900000000000354,0.00038000000000004697,0.05722891566265786,0,1,,0,0,0,0,1.0867848502806898,1.0855745815445583,1.09633,1.08656,1.08695,0,0
2024-03-25T07:00:00+0700,1.08047,1.0842,1.08017,1.08346,27280,0.004029999999999978,0.005696428571428602,0.004029999999999978,0.002990000000000048,0.0007399999999999629,0.00029999999999996696,0.816377171215889,0,0,,0,0,0,0,1.086468197873005,1.085491656778105,1.09633,1.08656,1.08695,0,0
2024-03-26T07:00:00+0700,1.08346,1.08639,1.08238,1.08284,30642,0.004010000000000069,0.005460000000000036,0.004010000000000069,0.0006200000000000649,0.002929999999999877,0.000460000000000127,0.11471321695763567,0,0,,0,0,0,0,1.086122655218433,1.0853876702377874,1.0942,1.08013,1.08346,0,0
2024-03-27T07:00:00+0700,1.08285,1.08385,1.08103,1.0825,30228,0.0028200000000000447,0.005080714285714327,0.0028200000000000447,0.0003500000000000725,0.0009999999999998899,0.0014700000000000824,0.5212765957447018,0,0,,0,0,0,0,1.085777640435725,1.085274428267678,1.0942,1.08013,1.08346,0,0
2024-03-28T07:00:00+0700,1.0825,1.08262,1.07746,1.07857,34050,0.005159999999999831,0.005007142857142877,0.005159999999999831,0.003929999999999989,0.00011999999999989797,0.0011099999999999444,0.2151162790697637,0,0,CHOCH_DN,0,0,0,1,1.0850911984894656,1.085011509512083,1.0942,1.08013,1.08346,0,0
2024-03-29T07:00:00+0700,1.07837,1.08045,1.07675,1.07898,25614,0.0036999999999998145,0.005032857142857157,0.0036999999999998145,0.0006099999999999994,0.0014699999999998603,0.0016199999999999548,0.6027027027027205,0,0,BOS_DN,0,1,0,0,1.084509179585707,1.0847749797272954,1.0942,1.08013,1.08346,0,0
2024-04-01T07:00:00+0700,1.07825,1.07984,1.07304,1.07404,29401,0.006799999999999917,0.005221428571428567,0.006799999999999917,0.004209999999999825,0.0015899999999999803,0.001000000000000112,0.14705882352943,0,0,BOS_DN,0,1,0,0,1.0835121148632587,1.0843540001301466,1.0942,1.08013,1.08346,0,0
2024-04-02T07:00:00+0700,1.07403,1.07785,1.07242,1.0766499999999999,32810,0.005430000000000046,0.005297857142857132,0.005430000000000046,0.0026199999999998447,0.0012000000000000899,0.0016100000000001113,0.7790055248618638,0,1,,0,0,0,0,1.0828585801143769,1.084051882477984,1.08639,1.07304,1.07404,0,1
2024-04-03T07:00:00+0700,1.07667,1.08364,1.07635,1.08332,33783,0.007290000000000019,0.005289999999999985,0.007290000000000019,0.006650000000000045,0.00031999999999987594,0.000320000000000098,0.9561042524005658,0,0,,0,0,0,0,1.0829025248653887,1.0840231812043375,1.08639,1.07304,1.07404,0,0
2024-04-04T07:00:00+0700,1.08332,1.08761,1.08304,1.08341,29564,0.004569999999999963,0.005426428571428562,0.004569999999999963,8.999999999992347e-05,0.0041999999999999815,0.000280000000000058,0.08096280087527012,1,0,,0,0,0,0,1.0829508558305898,1.0839991348825988,1.08639,1.07304,1.07404,1,0
2024-04-05T07:00:00+0700,1.08312,1.08474,1.0791,1.08336,37644,0.005640000000000089,0.0055435714285714255,0.005640000000000089,0.00024000000000001798,0.0013799999999999368,0.004020000000000135,0.7553191489361852,0,0,,0,0,0,0,1.0829898219419622,1.0839740707695558,1.08639,1.07304,1.07404,0,0
2024-04-08T07:00:00+0700,1.0833,1.08616,1.08205,1.08565,30196,0.004110000000000058,0.005538571428571425,0.004110000000000058,0.0023500000000000743,0.0005100000000000104,0.0012499999999999734,0.8759124087591234,0,0,,0,0,0,0,1.083243172233204,1.0840397934844752,1.08639,1.07304,1.07404,0,0
2024-04-09T07:00:00+0700,1.08512,1.08846,1.08472,1.0854300000000001,28975,0.0037400000000000766,0.005188571428571431,0.0037400000000000766,0.00031000000000003247,0.003029999999999866,0.000400000000000178,0.18983957219256575,1,0,,0,0,0,0,1.0834514415443275,1.0840943113870447,1.08761,1.07242,1.08565,1,0
2024-04-10T07:00:00+0700,1.08538,1.0866,1.07283,1.07396,41973,0.01377000000000006,0.005550714285714282,0.01377000000000006,0.011419999999999986,0.0012199999999999989,0.0011300000000000754,0.08206245461147933,0,0,,0,0,0,0,1.082547494730582,1.0836968874110822,1.08761,1.07242,1.08565,0,0
2024-04-11T07:00:00+0700,1.07393,1.07561,1.06988,1.0723,43432,0.005730000000000013,0.005485714285714284,0.005730000000000013,0.0016300000000000203,0.0016799999999999038,0.0024200000000000887,0.42233856893544214,0,0,BOS_DN,0,1,0,0,1.081571542851479,1.0832499506498634,1.08761,1.07242,1.08565,0,0
2024-04-12T07:00:00+0700,1.0723,1.07289,1.06221,1.06375,39575,0.0106799999999998,0.0059607142857142715,0.0106799999999998,0.008550000000000058,0.0005899999999998684,0.0015399999999998748,0.1441947565542981,0,0,BOS_DN,0,1,0,0,1.0798742530561,1.08248524670281,1.08761,1.07242,1.08565,0,0
2024-04-15T07:00:00+0700,1.063,1.06647,1.06198,1.06216,43940,0.004490000000000105,0.005994999999999988,0.004490000000000105,0.0008399999999999519,0.003470000000000084,0.000180000000000069,0.040089086859702625,0,0,BOS_DN,0,1,0,0,1.0781871813364714,1.0816881782046608,1.08761,1.07242,1.08565,0,0
2024-04-16T07:00:00+0700,1.06212,1.06532,1.06007,1.06159,50876,0.005249999999999977,0.006168571428571412,0.005249999999999977,0.0005299999999999194,0.0032000000000000917,0.0015199999999999658,0.2895238095238043,0,1,,0,0,0,0,1.0766064973996645,1.0809000143534977,1.08846,1.06198,1.06216,0,0
2024-04-17T07:00:00+0700,1.06121,1.06791,1.06058,1.067,45293,0.007329999999999837,0.006323571428571413,0.007329999999999837,0.005789999999999962,0.0009099999999999664,0.0006299999999999084,0.8758526603001382,0,0,,0,0,0,0,1.0756915928854107,1.0803549157513999,1.08846,1.06198,1.06216,0,1
2024-04-18T07:00:00+0700,1.06692,1.06895,1.06389,1.06405,38263,0.0050600000000000644,0.006420714285714287,0.0050600000000000644,0.00287000000000015,0.0020299999999999763,0.00015999999999993797,0.031620553359671136,1,0,,0,0,0,0,1.074582869753467,1.0797155072905606,1.08846,1.06198,1.06216,0,0
2024-04-19T07:00:00+0700,1.06415,1.0677,1.06101,1.06519,55219,0.006690000000000085,0.006412857142857157,0.006690000000000085,0.001040000000000152,0.0025100000000000122,0.0031399999999999206,0.6248131539611389,0,0,,0,0,0,0,1.0736883107293271,1.079145879553676,1.08846,1.06198,1.06216,0,1
2024-04-22T07:00:00+0700,1.06474,1.06702,1.06235,1.0653,34354,0.004670000000000174,0.006358571428571451,0.004670000000000174,0.0005599999999998939,0.0017200000000001658,0.0023900000000001143,0.631691648822248,0,0,,0,0,0,0,1.0728894239932008,1.0786029038849043,1.08846,1.06198,1.06216,0,0
2024-04-23T07:00:00+0700,1.06535,1.07109,1.06381,1.06999,38761,0.007280000000000175,0.006357857142857177,0.007280000000000175,0.0046399999999999775,0.001100000000000101,0.0015400000000000968,0.8489010989010887,0,0,CHOCH_UP,0,0,1,0,1.0726132883748007,1.0782651429482415,1.06895,1.06007,1.0653,0,0
2024-04-24T07:00:00+0700,1.07004,1.07138,1.06775,1.06973,34267,0.003630000000000022,0.006290714285714324,0.003630000000000022,0.00031000000000003247,0.0013399999999998968,0.001980000000000093,0.5454545454545677,0,0,BOS_UP,1,0,0,0,1.0723386894819626,1.0779304314600753,1.06895,1.06007,1.0653,0,0
2024-04-25T07:00:00+0700,1.06934,1.07396,1.06778,1.07283,38835,0.006180000000000074,0.006329285714285752,0.006180000000000074,0.003489999999999993,0.0011300000000000754,0.0015600000000000058,0.8171521035598606,0,0,BOS_UP,1,0,0,0,1.072385480959871,1.0777304145400723,1.06895,1.06007,1.0653,0,0
2024-04-26T07:00:00+0700,1.07254,1.07524,1.06736,1.06918,38848,0.007879999999999887,0.006598571428571454,0.007879999999999887,0.0033600000000000296,0.0026999999999999247,0.0018199999999999328,0.23096446700507092,1,0,,0,0,0,0,1.0720801970589309,1.077395104165952,1.06895,1.06007,1.0653,0,0
2024-04-29T07:00:00+0700,1.06873,1.07332,1.06852,1.07191,41432,0.0048000000000001375,0.006674285714285744,0.0048000000000001375,0.0031799999999999606,0.0014100000000001334,0.00021000000000004349,0.7062499999999806,0,0,,0,0,0,0,1.0720639878152232,1.077180002041797,1.06895,1.06007,1.0653,0,0
2024-04-30T07:00:00+0700,1.0719400000000001,1.07349,1.06637,1.06646,40439,0.007120000000000015,0.0061992857142857405,0.007120000000000015,0.005480000000000151,0.0015499999999999403,8.999999999992347e-05,0.012640449438191472,0,0,,0,0,0,0,1.0715302746899638,1.0767596098048637,1.07524,1.06381,1.07191,0,0
2024-05-01T07:00:00+0700,1.06641,1.07323,1.0648900000000001,1.0708,40805,0.008339999999999792,0.006385714285714296,0.008339999999999792,0.004389999999999894,0.002429999999999932,0.0015199999999999658,0.7086330935251807,0,1,,0,0,0,0,1.071460724719491,1.0765258996164377,1.07524,1.06381,1.07191,0,0
2024-05-02T07:00:00+0700,1.07089,1.07297,1.06738,1.07237,43888,0.005589999999999984,0.00602214285714288,0.005589999999999984,0.0014800000000001479,0.0005999999999999339,0.003509999999999902,0.8926654740608344,0,0,,0,0,0,0,1.0715473223652536,1.076362923160891,1.07524,1.06381,1.07191,0,0
2024-05-03T07:00:00+0700,1.07219,1.08115,1.07191,1.07596,44102,0.009240000000000137,0.006361428571428597,0.009240000000000137,0.003770000000000051,0.005190000000000028,0.000280000000000058,0.4383116883116936,1,0,,0,0,0,0,1.0719675773780866,1.0763471222526209,1.07524,1.06381,1.07191,0,0
2024-05-06T07:00:00+0700,1.07582,1.07903,1.07548,1.07673,26822,0.003549999999999942,0.006240000000000023,0.003549999999999942,0.0009099999999999664,0.0022999999999999687,0.00034000000000000696,0.3521126760563363,0,0,,0,0,0,0,1.0724211414373164,1.0763621370662437,1.07524,1.06381,1.07191,0,0
2024-05-07T07:00:00+0700,1.07673,1.0787,1.07475,1.07531,30058,0.003949999999999898,0.005998571428571456,0.003949999999999898,0.0014199999999999768,0.0019700000000000273,0.0005599999999998939,0.14177215189871098,0,0,,0,0,0,0,1.0726962708242387,1.0763208767891363,1.08115,1.0648900000000001,1.07673,0,0
2024-05-08T07:00:00+0700,1.07531,1.07571,1.07345,1.07467,26511,0.0022599999999999287,0.005798571428571446,0.0022599999999999287,0.0006399999999999739,0.00039999999999995595,0.0012199999999999989,0.539823008849574,0,0,,0,0,0,0,1.0728842450314542,1.0762561365228958,1.08115,1.0648900000000001,1.07673,0,0
2024-05-09T07:00:00+0700,1.07437,1.0784,1.07235,1.07807,28862,0.006050000000000111,0.005752857142857163,0.006050000000000111,0.0037000000000000366,0.00032999999999994145,0.002020000000000133,0.9454545454545561,0,1,,0,0,0,0,1.07337812645703,1.0763272684239586,1.08115,1.0648900000000001,1.07673,0,0
2024-05-10T07:00:00+0700,1.07789,1.07895,1.07598,1.07681,28477,0.002970000000000139,0.005631428571428588,0.002970000000000139,0.0010799999999999699,0.001060000000000061,0.0008300000000001084,0.2794612794613029,0,0,,0,0,0,0,1.0737049715563605,1.0763461990739995,1.08115,1.0648900000000001,1.07673,0,0
2024-05-13T07:00:00+0700,1.07672,1.08064,1.07653,1.07883,28007,0.004110000000000058,0.005405000000000009,0.004110000000000058,0.0021100000000000563,0.0018100000000000893,0.00018999999999991246,0.5596107055960915,0,0,,0,0,0,0,1.0741930695033737,1.076443603031882,1.08115,1.0648900000000001,1.07673,0,0
2024-05-14T07:00:00+0700,1.07863,1.08252,1.07667,1.08175,28343,0.005849999999999911,0.00556357142857143,0.005849999999999911,0.0031200000000000117,0.0007699999999999374,0.0019599999999999618,0.8683760683760771,0,0,BOS_UP,1,0,0,0,1.0749127771697191,1.0766516970306317,1.08064,1.07235,1.07883,0,0
2024-05-15T07:00:00+0700,1.08171,1.08856,1.0812599999999999,1.08828,34816,0.007300000000000084,0.00564357142857143,0.007300000000000084,0.006569999999999965,0.000280000000000058,0.00045000000000006146,0.9616438356164309,0,0,BOS_UP,1,0,0,0,1.0761858460106983,1.0771077089117833,1.08064,1.07235,1.07883,0,0
2024-05-16T07:00:00+0700,1.08828,1.08945,1.0854,1.08654,31056,0.004050000000000109,0.005370000000000018,0.004050000000000109,0.0017399999999998528,0.0011700000000001154,0.001140000000000141,0.2814814814815087,1,0,,0,0,0,0,1.0771719559144413,1.0774776026799486,1.08064,1.07235,1.07883,0,0
2024-05-17T07:00:00+0700,1.08656,1.08781,1.08352,1.08663,26062,0.004289999999999905,0.00533357142857143,0.004289999999999905,7.00000000000145e-05,0.0011799999999999589,0.0030399999999999316,0.7249417249417285,0,0,,0,0,0,0,1.078072722017828,1.0778365202219116,1.08064,1.07235,1.07883,0,0
2024-05-20T07:00:00+0700,1.08649,1.0884,1.0854,1.0855299999999999,25753,0.0030000000000001137,0.005039285714285723,0.0030000000000001137,0.0009600000000000719,0.0019100000000000783,0.00012999999999996348,0.04333333333331952,0,0,,0,0,0,0,1.0787829389685109,1.0781382253112486,1.08064,1.07235,1.07883,0,0
2024-05-21T07:00:00+0700,1.08555,1.08743,1.08422,1.08523,29225,0.003209999999999935,0.004672857142857161,0.003209999999999935,0.000320000000000098,0.0018799999999998818,0.0010099999999999554,0.3146417445482791,0,0,,0,0,0,0,1.0793969447810337,1.0784163341225723,1.08945,1.07667,1.0855299999999999,0,0
2024-05-22T07:00:00+0700,1.08527,1.08631,1.0817,1.08213,31887,0.004610000000000003,0.004602857142857163,0.004610000000000003,0.0031399999999999206,0.001040000000000152,0.00042999999999993044,0.09327548806939917,0,0,,0,0,0,0,1.0796572357542686,1.0785619680785499,1.08945,1.07667,1.0855299999999999,0,0
2024-05-23T07:00:00+0700,1.08213,1.08606,1.08044,1.08136,37389,0.005619999999999958,0.0043442857142857215,0.005619999999999958,0.0007699999999999374,0.003929999999999989,0.0009200000000000319,0.16370106761566525,0,1,,0,0,0,0,1.0798194037776716,1.0786716948205677,1.08945,1.07667,1.0855299999999999,0,0
2024-05-24T07:00:00+0700,1.08102,1.08573,1.08051,1.08455,28333,0.005220000000000002,0.00446357142857144,0.005220000000000002,0.003529999999999811,0.001180000000000181,0.0005100000000000104,0.7739463601532222,0,0,,0,0,0,0,1.0802699367512267,1.0789022165923101,1.08945,1.07667,1.0855299999999999,0,0
2024-05-27T07:00:00+0700,1.08429,1.0867,1.08402,1.08572,18533,0.0026800000000000157,0.004372857142857163,0.0026800000000000157,0.0014300000000000423,0.0009799999999999809,0.00026999999999999247,0.6343283582089645,0,0,,0,0,0,0,1.0807889903939671,1.0791695806475137,1.08945,1.07667,1.0855299999999999,0,0
2024-05-28T07:00:00+0700,1.08557,1.08885,1.08498,1.0855299999999999,32610,0.00387000000000004,0.00448785714285717,0.00387000000000004,4.0000000000040004e-05,0.0032800000000001717,0.0005499999999998284,0.1421188630490498,1,0,,0,0,0,0,1.0812405151183513,1.0794190088574152,1.08743,1.08044,1.08572,1,0
2024-05-29T07:00:00+0700,1.08552,1.08592,1.07992,1.07994,35288,0.006000000000000005,0.004484285714285734,0.006000000000000005,0.00558000000000014,0.00039999999999995595,1.999999999990898e-05,0.0033333333333181604,0,0,CHOCH_DN,0,0,0,1,1.0811166565356511,1.0794394398826146,1.08743,1.08044,1.08572,0,0
2024-05-30T07:00:00+0700,1.07992,1.08446,1.07878,1.08303,34485,0.005679999999999907,0.004677857142857146,0.005679999999999907,0.003109999999999946,0.0014300000000000423,0.0011399999999999189,0.7482394366197067,0,1,,0,0,0,0,1.0812988797227319,1.0795802461617277,1.08743,1.08044,1.08572,0,1
2024-05-31T07:00:00+0700,1.08269,1.08819,1.08108,1.08449,38272,0.00710999999999995,0.004892142857142853,0.00710999999999995,0.0018000000000000238,0.0037000000000000366,0.0016099999999998893,0.47960618846693914,0,0,,0,0,0,0,1.0816027959396146,1.0797727855279344,1.08743,1.08044,1.08572,1,0
2024-06-03T07:00:00+0700,1.08437,1.09033,1.08274,1.0903,37608,0.007589999999999986,0.005016428571428573,0.007589999999999986,0.005929999999999991,2.999999999997449e-05,0.0016300000000000203,0.9960474308300429,0,0,CHOCH_UP,0,0,1,0,1.0824311010882228,1.0801856174680156,1.08743,1.08044,1.08572,0,0
2024-06-04T07:00:00+0700,1.09005,1.09155,1.08585,1.08777,41111,0.005700000000000038,0.004902142857142855,0.005700000000000038,0.0022800000000000598,0.0015000000000000568,0.0019199999999999218,0.3368421052631419,1,0,,0,0,0,0,1.0829395676512492,1.080483044233976,1.09033,1.07878,1.0903,1,0
2024-06-05T07:00:00+0700,1.08776,1.08915,1.0854,1.0867,33117,0.003750000000000142,0.004880714285714286,0.003750000000000142,0.001060000000000061,0.0013900000000000023,0.0013000000000000789,0.34666666666667456,0,0,,0,0,0,0,1.083297704065416,1.0807268464208788,1.09033,1.07878,1.0903,0,0
2024-06-06T07:00:00+0700,1.0867,1.0901399999999999,1.08615,1.08866,32657,0.003989999999999938,0.004859285714285717,0.003989999999999938,0.0019599999999999618,0.0014799999999999258,0.0005500000000000504,0.6290726817042734,0,0,,0,0,0,0,1.0838083989163287,1.0810379504828052,1.09033,1.07878,1.0903,0,0
2024-06-07T07:00:00+0700,1.08864,1.09013,1.07992,1.08001,39264,0.010210000000000052,0.0053742857142857125,0.010210000000000052,0.008630000000000138,0.0014899999999999913,8.999999999992347e-05,0.00881488736532057,0,0,,0,0,0,0,1.0834466466385833,1.0809976386991658,1.09033,1.07878,1.0903,0,0
2024-06-10T07:00:00+0700,1.07713,1.07811,1.07324,1.07637,34595,0.006769999999999943,0.005628571428571427,0.00486999999999993,0.0007599999999998719,0.0009799999999999809,0.003130000000000077,0.6427104722792859,0,0,CHOCH_DN,0,0,0,1,1.0827726802920514,1.0808161626717476,1.09033,1.07878,1.0903,0,0
2024-06-11T07:00:00+0700,1.07637,1.0773,1.0719,1.07389,34639,0.005399999999999849,0.005684999999999988,0.005399999999999849,0.0024800000000000377,0.0009299999999998754,0.0019899999999999363,0.36851851851851697,0,1,,0,0,0,0,1.0819267107404276,1.0805445484493261,1.09155,1.07324,1.07637,0,1
2024-06-12T07:00:00+0700,1.07329,1.08518,1.07329,1.08073,44598,0.011889999999999956,0.00613285714285713,0.011889999999999956,0.007439999999999891,0.004450000000000065,0.0,0.6257359125315323,1,0,,0,0,0,0,1.0818127382889582,1.0805518210591565,1.09155,1.07324,1.07637,0,0
2024-06-13T07:00:00+0700,1.08075,1.0816,1.07324,1.07355,39498,0.008359999999999923,0.006357142857142839,0.008359999999999923,0.007200000000000095,0.0008499999999997954,0.00031000000000003247,0.037081339712922885,0,0,,0,0,0,0,1.081025810832867,1.0802772398411504,1.09155,1.07324,1.07637,0,0
2024-06-14T07:00:00+0700,1.07348,1.07444,1.06671,1.07013,45784,0.007730000000000015,0.006717857142857124,0.007730000000000015,0.003349999999999964,0.0009600000000000719,0.0034199999999999786,0.4424320827943043,0,1,,0,0,0,0,1.07998811456307,1.0798793088669878,1.09155,1.07324,1.07637,0,0
2024-06-17T07:00:00+0700,1.07022,1.07374,1.06859,1.07328,37331,0.005149999999999988,0.006809285714285692,0.005149999999999988,0.0030600000000000627,0.00045999999999990493,0.0016300000000000203,0.9106796116505037,0,0,,0,0,0,0,1.0793492465094443,1.0796205124408316,1.09155,1.07324,1.07637,0,1
2024-06-18T07:00:00+0700,1.07327,1.0761,1.07096,1.07384,36433,0.0051400000000001445,0.006747857142857131,0.0051400000000001445,0.0005699999999999594,0.0022600000000001508,0.0023100000000000342,0.5603112840466756,1,0,,0,0,0,0,1.0788245563656877,1.079393825678446,1.08518,1.06671,1.07328,0,0
2024-06-19T07:00:00+0700,1.07379,1.0753,1.07244,1.07409,23397,0.0028599999999998627,0.006546428571428556,0.0028599999999998627,0.00029999999999996696,0.0012099999999999334,0.0013499999999999623,0.5769230769230799,0,0,,0,0,0,0,1.0783736462356224,1.0791858325145856,1.08518,1.06671,1.07328,0,0
2024-06-20T07:00:00+0700,1.07384,1.07483,1.07003,1.07004,33879,0.0047999999999999154,0.0063814285714285535,0.0047999999999999154,0.0037999999999998035,0.0009900000000000464,1.0000000000065512e-05,0.0020833333333470185,0,0,,0,0,0,0,1.0775799656417535,1.0788271724159744,1.08518,1.06671,1.07328,0,0
2024-06-21T07:00:00+0700,1.07005,1.07201,1.06706,1.06911,36588,0.00495000000000001,0.006192857142857127,0.00495000000000001,0.0009399999999999409,0.0019599999999999618,0.0020500000000001073,0.41414141414143496,0,1,,0,0,0,0,1.0767733022473007,1.0784461068310343,1.08518,1.06671,1.07328,0,0
2024-06-24T07:00:00+0700,1.06799,1.07459,1.06799,1.07306,33213,0.006599999999999939,0.006257142857142834,0.006599999999999939,0.005069999999999908,0.0015300000000000313,0.0,0.7681818181818113,0,0,,0,0,0,0,1.0764196544142244,1.0782348869553073,1.08518,1.06671,1.07328,0,0
2024-06-25T07:00:00+0700,1.0729899999999999,1.07437,1.06903,1.07127,31264,0.005340000000000122,0.006370714285714262,0.005340000000000122,0.0017199999999999438,0.0013800000000001589,0.0022400000000000198,0.4194756554307057,0,0,,0,0,0,0,1.0759292111366792,1.0779617541335307,1.0761,1.06706,1.07306,0,0
2024-06-26T07:00:00+0700,1.07116,1.07175,1.06656,1.06791,35681,0.005190000000000028,0.006456428571428553,0.005190000000000028,0.003249999999999975,0.0005900000000000905,0.0013499999999999623,0.2601156069364075,0,1,,0,0,0,0,1.0751654767427097,1.0775675676969219,1.0761,1.06706,1.07306,0,1
2024-06-27T07:00:00+0700,1.06791,1.0726,1.06766,1.07024,35603,0.0049399999999999444,0.006079999999999974,0.0049399999999999444,0.0023300000000001653,0.0023599999999999177,0.00024999999999986144,0.522267206477744,0,0,,0,0,0,0,1.0746963837195946,1.0772802121009641,1.0761,1.06706,1.07306,0,0
2024-06-28T07:00:00+0700,1.07024,1.07243,1.0685,1.07104,40497,0.003929999999999989,0.005877142857142835,0.003929999999999989,0.0007999999999999119,0.0013900000000000023,0.0017400000000000748,0.646310432569973,0,0,,0,0,0,0,1.074348156698681,1.0770354979009265,1.0761,1.06706,1.07306,0,0
2024-07-01T07:00:00+0700,1.07426,1.07759,1.0719400000000001,1.07389,39014,0.006550000000000056,0.005959285714285707,0.005649999999999933,0.00036999999999998145,0.003330000000000055,0.0019499999999998963,0.3451327433628176,0,0,,0,0,0,0,1.074304522727378,1.0769121450420664,1.0761,1.06706,1.07306,1,0
2024-07-02T07:00:00+0700,1.07389,1.07467,1.07095,1.07439,34676,0.0037199999999999456,0.005375714285714277,0.0037199999999999456,0.0004999999999999449,0.000280000000000058,0.0029399999999999427,0.9247311827956822,0,0,,0,0,0,0,1.0743126634200086,1.076813237393358,1.07759,1.06656,1.07389,0,0
2024-07-03T07:00:00+0700,1.07437,1.08163,1.07358,1.07837,31157,0.008050000000000113,0.005353571428571434,0.008050000000000113,0.0040000000000000036,0.0032600000000000406,0.0007900000000000684,0.5950310559006218,0,0,CHOCH_UP,0,0,1,0,1.0746990764276267,1.076874286907344,1.07759,1.06656,1.07389,0,0
2024-07-04T07:00:00+0700,1.07837,1.08134,1.07809,1.08093,21263,0.003249999999999975,0.005033571428571431,0.003249999999999975,0.0025599999999998957,0.00041000000000002146,0.000280000000000058,0.8738461538461463,0,0,BOS_UP,1,0,0,0,1.0752924977202336,1.077033334479605,1.07759,1.06656,1.07389,0,0
2024-07-05T07:00:00+0700,1.08093,1.08421,1.07985,1.08349,34574,0.0043599999999999195,0.0049771428571428545,0.0043599999999999195,0.0025600000000001177,0.0007199999999998319,0.0010799999999999699,0.8348623853211364,0,0,BOS_UP,1,0,0,0,1.0760732122230685,1.0772865370490323,1.07759,1.06656,1.07389,0,0
2024-07-08T07:00:00+0700,1.07999,1.08446,1.07999,1.08225,33623,0.004469999999999974,0.004929285714285699,0.004469999999999974,0.0022599999999999287,0.0022100000000000453,0.0,0.505592841163298,1,0,,0,0,0,0,1.0766614777256334,1.0774811826549526,1.07759,1.06656,1.07389,0,0
2024-07-09T07:00:00+0700,1.08227,1.08329,1.0805,1.08123,32239,0.00279000000000007,0.004924285714285714,0.00279000000000007,0.001040000000000152,0.0010200000000000209,0.0007299999999998974,0.2616487455196699,0,0,,0,0,0,0,1.077096575085097,1.0776281950998565,1.08446,1.07095,1.08225,0,0
2024-07-10T07:00:00+0700,1.08116,1.08293,1.08105,1.08288,28357,0.0018799999999998818,0.004715714285714283,0.0018799999999998818,0.0017200000000001658,4.999999999988347e-05,0.00010999999999983245,0.9734042553192093,0,0,,0,0,0,0,1.077647377457945,1.0778341482331955,1.08446,1.07095,1.08225,0,0
2024-07-11T07:00:00+0700,1.08288,1.08995,1.0825,1.08667,40801,0.007449999999999957,0.004894285714285708,0.007449999999999957,0.00378999999999996,0.0032799999999999496,0.00038000000000004697,0.5597315436241653,0,0,BOS_UP,1,0,0,0,1.0785066748429026,1.0781806522240507,1.08446,1.07095,1.08225,0,0
2024-07-12T07:00:00+0700,1.08643,1.09109,1.08613,1.09049,39032,0.004959999999999853,0.004777142857142845,0.004959999999999853,0.0040599999999999525,0.0005999999999999339,0.00029999999999996696,0.8790322580645259,0,0,BOS_UP,1,0,0,0,1.0796479439054834,1.0786633717446763,1.08446,1.07095,1.08225,0,0
2024-07-15T07:00:00+0700,1.08832,1.09219,1.08812,1.08928,36529,0.004070000000000018,0.0046864285714285515,0.004070000000000018,0.0009600000000000719,0.002909999999999968,0.00019999999999997797,0.28501228501229603,0,0,BOS_UP,1,0,0,0,1.0805652825811516,1.0790797101076302,1.08446,1.07095,1.08225,0,0
2024-07-16T07:00:00+0700,1.08928,1.0905,1.08711,1.08979,32541,0.003390000000000004,0.004557857142857121,0.003390000000000004,0.0005100000000000104,0.0007099999999999884,0.0021700000000000053,0.7905604719764049,0,0,BOS_UP,1,0,0,0,1.0814438270972324,1.0794997214759585,1.09219,1.0805,1.08928,0,0
2024-07-17T07:00:00+0700,1.08975,1.09476,1.08947,1.0937999999999999,38127,0.005290000000000017,0.004582857142857126,0.005290000000000017,0.004049999999999887,0.0009600000000000719,0.000280000000000058,0.8185255198487582,1,0,,0,0,0,0,1.0826206054689245,1.0800605167121955,1.09219,1.0805,1.08928,0,0
2024-07-18T07:00:00+0700,1.09374,1.09406,1.08931,1.08952,37489,0.004750000000000032,0.0046414285714285585,0.004750000000000032,0.0042199999999998905,0.000320000000000098,0.00021000000000004349,0.04421052631579833,0,0,,0,0,0,0,1.0832776906623602,1.080431476841129,1.09219,1.0805,1.08928,1,0
2024-07-19T07:00:00+0700,1.0895,1.09013,1.08753,1.08794,31975,0.0025999999999999357,0.004359285714285692,0.0025999999999999357,0.0015600000000000058,0.0006300000000001305,0.0004099999999997994,0.15769230769223444,0,0,,0,0,0,0,1.0837217201230878,1.0807259287297122,1.09219,1.0805,1.08928,0,0
2024-07-22T07:00:00+0700,1.08835,1.09022,1.0872600000000001,1.08893,31044,0.0029599999999998516,0.004304999999999971,0.0029599999999998516,0.0005800000000000249,0.0012900000000000134,0.0010899999999998133,0.5641891891891628,0,0,,0,0,0,0,1.0842177467780318,1.0810476570148215,1.09219,1.0805,1.08928,0,0
2024-07-23T07:00:00+0700,1.08894,1.08962,1.08434,1.08525,30575,0.005279999999999951,0.004107142857142817,0.005279999999999951,0.003689999999999971,0.0006800000000000139,0.0009099999999999664,0.17234848484848006,0,0,,0,0,0,0,1.0843160566086956,1.0812124547789463,1.09476,1.08711,1.08893,0,0
2024-07-24T07:00:00+0700,1.08525,1.0866,1.08252,1.08383,35285,0.0040800000000000836,0.004166428571428539,0.0040800000000000836,0.0014199999999999768,0.0013499999999999623,0.0013100000000001444,0.32107843137257785,0,1,,0,0,0,0,1.0842697655031055,1.0813151036111446,1.09476,1.08711,1.08893,0,0
2024-07-25T07:00:00+0700,1.08384,1.08696,1.08279,1.08443,45047,0.004170000000000007,0.004152857142857117,0.004170000000000007,0.0005900000000000905,0.002529999999999921,0.0010499999999999954,0.3932853717026578,0,0,,0,0,0,0,1.0842850259313812,1.0814372564107075,1.09476,1.08711,1.08893,0,0
2024-07-26T07:00:00+0700,1.08441,1.08677,1.08416,1.08536,32707,0.002610000000000001,0.004019999999999976,0.002610000000000001,0.0009500000000000064,0.0014099999999999113,0.0002500000000000835,0.459770114942563,0,0,,0,0,0,0,1.0843874044141069,1.0815910894926406,1.09476,1.08711,1.08893,0,0
2024-07-29T07:00:00+0700,1.08528,1.08694,1.08024,1.08199,30481,0.006699999999999928,0.00429928571428568,0.006699999999999928,0.003290000000000015,0.0016599999999999948,0.0017499999999999183,0.26119402985073686,0,0,CHOCH_DN,0,0,0,1,1.0841590801841918,1.0816067330419488,1.09476,1.08711,1.08893,0,0
2024-07-30T07:00:00+0700,1.08155,1.08353,1.07978,1.08139,32703,0.003750000000000142,0.004432857142857127,0.003750000000000142,0.00015999999999993797,0.001980000000000093,0.0016100000000001113,0.4293333333333468,0,0,BOS_DN,0,1,0,0,1.0838953582618878,1.0815982337069705,1.08962,1.08024,1.08199,0,1
2024-07-31T07:00:00+0700,1.08136,1.0849,1.08014,1.08242,49150,0.0047599999999998754,0.004240714285714264,0.0047599999999998754,0.0010599999999998388,0.0024800000000000377,0.0012199999999999989,0.4789915966386339,0,0,BOS_DN,0,1,0,0,1.0837548479512318,1.0816304598361088,1.08962,1.08024,1.08199,0,1
2024-08-01T07:00:00+0700,1.08241,1.08349,1.07771,1.07901,46127,0.005780000000000118,0.004299285714285712,0.005780000000000118,0.0034000000000000696,0.0010799999999999699,0.0013000000000000789,0.22491349480969763,0,1,,0,0,0,0,1.083302957670162,1.081527696705281,1.08962,1.08024,1.08199,0,0
2024-08-02T07:00:00+0700,1.07901,1.09262,1.07813,1.09085,55014,0.014489999999999892,0.005043571428571417,0.014489999999999892,0.011840000000000073,0.0017699999999998273,0.0008799999999999919,0.8778467908902802,0,0,,0,0,0,0,1.084021723606337,1.0818932772266425,1.08962,1.08024,1.08199,0,1
2024-08-05T07:00:00+0700,1.09222,1.10082,1.08923,1.09505,88438,0.01158999999999999,0.005629285714285702,0.01158999999999999,0.00283000000000011,0.005769999999999831,0.002990000000000048,0.5021570319240866,1,0,,0,0,0,0,1.0850720356438288,1.0824092271393233,1.08962,1.08024,1.08199,0,0
2024-08-06T07:00:00+0700,1.09505,1.09626,1.09032,1.09289,63318,0.005940000000000056,0.005675714285714276,0.005940000000000056,0.002160000000000162,0.0012099999999999334,0.002569999999999961,0.43265993265992203,0,0,,0,0,0,0,1.08581660367775,1.082820237839742,1.10082,1.07771,1.09505,0,0
2024-08-07T07:00:00+0700,1.09253,1.09361,1.0905,1.09206,48997,0.003109999999999946,0.005558571428571413,0.003109999999999946,0.00046999999999997044,0.0010799999999999699,0.0015600000000000058,0.5016077170418112,0,0,,0,0,0,0,1.0864112128512975,1.0831825814538698,1.10082,1.07771,1.09505,0,0
2024-08-08T07:00:00+0700,1.09205,1.09446,1.08812,1.09174,44665,0.006340000000000012,0.005825714285714275,0.006340000000000012,0.00031000000000003247,0.0024100000000000232,0.0036199999999999566,0.5709779179810646,0,1,,0,0,0,0,1.086918716389269,1.0835181664948945,1.10082,1.07771,1.09505,0,0
2024-08-09T07:00:00+0700,1.09173,1.0930900000000001,1.09086,1.09111,31962,0.0022300000000001763,0.005773571428571441,0.0022300000000001763,0.0006200000000000649,0.0013600000000000279,0.0002500000000000835,0.11210762331841423,0,0,,0,0,0,0,1.0873178862569577,1.083815885455879,1.10082,1.07771,1.09505,0,0
2024-08-12T07:00:00+0700,1.09132,1.09389,1.09096,1.09301,27283,0.002930000000000099,0.005605714285714309,0.002930000000000099,0.0016899999999999693,0.0008799999999999919,0.000360000000000138,0.6996587030716853,0,0,,0,0,0,0,1.0878599923277237,1.0841764389674133,1.10082,1.07771,1.09505,0,0
2024-08-13T07:00:00+0700,1.093,1.09991,1.09134,1.09916,31676,0.008569999999999967,0.005926428571428587,0.008569999999999967,0.006159999999999943,0.0007500000000000284,0.0016599999999999948,0.9124854142357023,0,0,,0,0,0,0,1.088936183534607,1.0847640295961423,1.09626,1.08812,1.09301,0,0
2024-08-14T07:00:00+0700,1.09916,1.10469,1.09823,1.10109,33644,0.00645999999999991,0.006090000000000008,0.00645999999999991,0.0019299999999999873,0.0036000000000000476,0.0009299999999998754,0.44272445820431927,1,0,,0,0,0,0,1.0900936898646445,1.0854042637296268,1.09626,1.08812,1.09301,0,0
2024-08-15T07:00:00+0700,1.10099,1.10154,1.09491,1.09706,29383,0.006629999999999914,0.006377142857142859,0.006629999999999914,0.003929999999999989,0.0005500000000000504,0.0021499999999998742,0.3242835595776625,0,0,,0,0,0,0,1.0907571479727736,1.085861351426504,1.09626,1.08812,1.09301,0,0
2024-08-16T07:00:00+0700,1.09712,1.1029,1.09671,1.10176,25740,0.006189999999999918,0.006340714285714287,0.006189999999999918,0.0046399999999999775,0.0011399999999999189,0.00041000000000002146,0.8158319870759396,0,0,,0,0,0,0,1.0918050386420333,1.086484827841151,1.09626,1.08812,1.09301,0,0
2024-08-19T07:00:00+0700,1.10264,1.10859,1.1022,1.10837,30525,0.006829999999999892,0.006560714285714269,0.006389999999999896,0.005730000000000013,0.00021999999999988695,0.00043999999999999595,0.9655712050078419,0,0,CHOCH_UP,0,0,1,0,1.0933826540094587,1.087343069886596,1.09626,1.08812,1.09301,0,0
2024-08-20T07:00:00+0700,1.10835,1.11294,1.10715,1.11281,34928,0.005789999999999962,0.006634285714285704,0.005789999999999962,0.0044600000000001305,0.00012999999999996348,0.0011999999999998678,0.9775474956822169,0,0,BOS_UP,1,0,0,0,1.0952328774371294,1.0883417730282983,1.10859,1.09134,1.10837,0,0
2024-08-21T07:00:00+0700,1.11282,1.11735,1.10986,1.11481,38289,0.007489999999999997,0.006756428571428552,0.007489999999999997,0.0019900000000001583,0.0025399999999999867,0.0029599999999998516,0.6608811748998681,0,0,BOS_UP,1,0,0,0,1.09709736530026,1.089379742713463,1.10859,1.09134,1.10837,0,0
2024-08-22T07:00:00+0700,1.1148,1.11635,1.10976,1.11106,35247,0.006589999999999874,0.006192142857142836,0.006589999999999874,0.0037400000000000766,0.0015499999999999403,0.0012999999999998568,0.197268588770847,0,0,BOS_UP,1,0,0,0,1.0984271400335686,1.0902299488815625,1.10859,1.09134,1.10837,0,0
2024-08-23T07:00:00+0700,1.11106,1.12003,1.11031,1.11876,38041,0.009720000000000173,0.006058571428571421,0.009720000000000173,0.00770000000000004,0.0012700000000001044,0.0007500000000000284,0.8693415637859998,0,0,BOS_UP,1,0,0,0,1.1003636028875143,1.091348774415619,1.10859,1.09134,1.10837,0,0
2024-08-26T07:00:00+0700,1.11839,1.12012,1.11496,1.11596,34681,0.005160000000000053,0.006002857142857135,0.005160000000000053,0.002429999999999932,0.0017300000000000093,0.001000000000000112,0.1937984496124228,1,0,,0,0,0,0,1.1018489740410844,1.0923139205169672,1.10859,1.09134,1.10837,0,0
2024-08-27T07:00:00+0700,1.11574,1.11901,1.115,1.11824,31877,0.004010000000000069,0.006067142857142859,0.004010000000000069,0.0024999999999999467,0.0007700000000001594,0.0007399999999999629,0.8079800498752753,0,0,,0,0,0,0,1.1034100241324096,1.0933306295163017,1.12012,1.10715,1.11596,0,0
2024-08-28T07:00:00+0700,1.11824,1.11845,1.11045,1.11182,35004,0.008000000000000007,0.006185714285714287,0.008000000000000007,0.00641999999999987,0.00021000000000004349,0.0013700000000000934,0.17125000000001153,0,0,,0,0,0,0,1.1042109742150372,1.0940557028686038,1.12012,1.10715,1.11596,0,0
2024-08-29T07:00:00+0700,1.11182,1.11395,1.10551,1.1076,39151,0.008440000000000003,0.006629285714285703,0.008440000000000003,0.0042200000000001125,0.0021299999999999653,0.0020899999999999253,0.24763033175354557,0,0,,0,0,0,0,1.1045337385755098,1.0945868517757174,1.12012,1.10715,1.11596,0,1
2024-08-30T07:00:00+0700,1.10759,1.10946,1.10431,1.10436,37828,0.005149999999999988,0.006787857142857123,0.005149999999999988,0.003230000000000066,0.0018699999999998163,5.0000000000105516e-05,0.00970873786409818,0,0,,0,0,0,0,1.104517192044509,1.0949701124903952,1.12012,1.10715,1.11596,0,0
2024-09-02T07:00:00+0700,1.10445,1.1077,1.10415,1.10699,22039,0.003549999999999942,0.006429285714285693,0.003549999999999942,0.0025399999999999867,0.0007099999999999884,0.00029999999999996696,0.8,0,0,,0,0,0,0,1.1047526975640796,1.0954414806280266,1.12012,1.10715,1.11596,0,0
2024-09-03T07:00:00+0700,1.10699,1.10724,1.10259,1.10419,37789,0.004650000000000043,0.006299999999999988,0.004650000000000043,0.0027999999999999137,0.0002500000000000835,0.0016000000000000458,0.34408602150538303,0,1,,0,0,0,0,1.1046991073198815,1.0957845598190843,1.11901,1.10415,1.10699,0,1
2024-09-04T07:00:00+0700,1.10419,1.10947,1.10346,1.10807,35928,0.006009999999999849,0.006255714285714269,0.006009999999999849,0.0038800000000001056,0.0013999999999998458,0.0007299999999998974,0.7670549084858767,0,0,,0,0,0,0,1.1050201447179882,1.0962663417869634,1.11901,1.10415,1.10699,0,1
2024-09-05T07:00:00+0700,1.10807,1.11191,1.10742,1.1109,37435,0.004489999999999883,0.006134285714285695,0.004489999999999883,0.002829999999999888,0.0010099999999999554,0.0006500000000000394,0.7750556792873092,0,0,,0,0,0,0,1.1055801309353226,1.0968402107364943,1.11901,1.10415,1.10699,0,0
2024-09-06T07:00:00+0700,1.11071,1.11549,1.10652,1.10818,46451,0.008970000000000145,0.006287142857142857,0.008970000000000145,0.0025300000000001432,0.0047800000000000065,0.0016599999999999948,0.18506131549609456,1,0,,0,0,0,0,1.1058277375129109,1.097284908354671,1.11901,1.10415,1.10699,0,0
2024-09-09T07:00:00+0700,1.10757,1.10906,1.10325,1.1033,32386,0.005809999999999871,0.006288571428571421,0.005809999999999871,0.004269999999999996,0.0014899999999999913,4.999999999988347e-05,0.00860585197932609,0,0,,0,0,0,0,1.1055870006069195,1.0975207943015466,1.11901,1.10415,1.10699,0,0
2024-09-10T07:00:00+0700,1.10331,1.10492,1.10147,1.10181,28765,0.003449999999999953,0.00599999999999999,0.003449999999999953,0.0015000000000000568,0.0016099999999998893,0.00034000000000000696,0.09855072463768452,0,0,CHOCH_DN,0,0,0,1,1.1052272862634034,1.097688998446584,1.11549,1.10259,1.1033,0,0
2024-09-11T07:00:00+0700,1.10181,1.10544,1.10016,1.10105,40874,0.005279999999999951,0.005906428571428567,0.005279999999999951,0.0007599999999998719,0.003630000000000022,0.0008900000000000574,0.16856060606061848,0,1,,0,0,0,0,1.1048294494764126,1.097820802429071,1.11549,1.10259,1.1033,0,0
2024-09-12T07:00:00+0700,1.10104,1.10746,1.1005,1.1072899999999999,36593,0.006960000000000077,0.005709285714285702,0.006960000000000077,0.006249999999999867,0.00017000000000022553,0.0005399999999999849,0.975574712643646,0,0,,0,0,0,0,1.1050637876215161,1.098192143510284,1.11549,1.10259,1.1033,0,1
2024-09-13T07:00:00+0700,1.1072899999999999,1.11013,1.10671,1.10697,36468,0.0034199999999999786,0.005584999999999983,0.0034199999999999786,0.00031999999999987594,0.0028400000000001757,0.00025999999999992696,0.07602339181284462,0,0,,0,0,0,0,1.1052453316575623,1.0985363731765474,1.11549,1.10259,1.1033,0,0
2024-09-16T07:00:00+0700,1.10742,1.11371,1.10735,1.11311,31986,0.006739999999999968,0.005779999999999975,0.006359999999999921,0.005689999999999973,0.0005999999999999339,7.00000000000145e-05,0.9056603773584998,0,0,,0,0,0,0,1.1059943476901755,1.0991078879539375,1.11549,1.10259,1.1033,0,0
2024-09-17T07:00:00+0700,1.1131199999999999,1.11457,1.11104,1.11121,37334,0.003530000000000033,0.005460714285714263,0.003530000000000033,0.0019099999999998563,0.0014500000000001734,0.00017000000000000348,0.04815864022662943,0,0,,0,0,0,0,1.1064910764815872,1.099582480583195,1.11371,1.10016,1.11311,1,0
2024-09-18T07:00:00+0700,1.11122,1.11885,1.10962,1.11173,42735,0.00922999999999985,0.005517142857142824,0.00922999999999985,0.0005100000000000104,0.007119999999999793,0.0016000000000000458,0.22860238353197082,1,0,,0,0,0,0,1.1069900215785788,1.100058853893658,1.11371,1.10016,1.11311,1,0
2024-09-19T07:00:00+0700,1.11164,1.11784,1.10681,1.116,52991,0.011029999999999873,0.005937142857142815,0.011029999999999873,0.0043600000000001415,0.0018399999999998418,0.00482999999999989,0.8331822302810641,0,1,,0,0,0,0,1.1078481147615713,1.1006839968782205,1.11371,1.10016,1.11311,0,0
2024-09-20T07:00:00+0700,1.11599,1.11815,1.11356,1.1162,44143,0.004589999999999872,0.006011428571428524,0.004589999999999872,0.00021000000000004349,0.0019499999999998963,0.002429999999999932,0.5751633986928212,0,0,,0,0,0,0,1.1086435324033264,1.1012924675888787,1.11371,1.10016,1.11311,0,0
2024-09-23T07:00:00+0700,1.11569,1.1166800000000001,1.10827,1.11098,39572,0.008410000000000029,0.006279999999999952,0.008410000000000029,0.004709999999999992,0.0009900000000000464,0.00270999999999999,0.3222354340071321,0,0,,0,0,0,0,1.1088660531268193,1.1016723708206873,1.11371,1.10016,1.11311,1,0
2024-09-24T07:00:00+0700,1.11103,1.1179999999999999,1.1103,1.11781,38848,0.007699999999999818,0.006400714285714236,0.007699999999999818,0.006780000000000008,0.00018999999999991246,0.0007299999999998974,0.9753246753246861,0,0,,0,0,0,0,1.1097178575909317,1.1023052190237974,1.11885,1.10681,1.11098,0,0
2024-09-25T07:00:00+0700,1.11776,1.12134,1.11211,1.11315,39226,0.009230000000000071,0.006739285714285678,0.009230000000000071,0.004610000000000003,0.0035799999999999166,0.001040000000000152,0.11267605633804376,1,0,,0,0,0,0,1.110044728296557,1.102730504552276,1.11885,1.10681,1.11098,1,0
2024-09-26T07:00:00+0700,1.11316,1.11888,1.11253,1.11754,44944,0.006350000000000078,0.006552142857142816,0.006350000000000078,0.0043800000000000505,0.0013400000000001189,0.0006299999999999084,0.7889763779527398,0,0,,0,0,0,0,1.1107585636968849,1.1033112690796376,1.11885,1.10681,1.11098,1,0
2024-09-27T07:00:00+0700,1.11749,1.12024,1.11245,1.11606,50437,0.007789999999999964,0.006693571428571394,0.007789999999999964,0.0014300000000000423,0.002749999999999808,0.003610000000000113,0.46341463414635814,0,0,,0,0,0,0,1.1112634623924196,1.1038112193118088,1.11885,1.10681,1.11098,1,0
2024-09-30T07:00:00+0700,1.11539,1.12084,1.11132,1.11333,45557,0.009519999999999973,0.007127142857142824,0.009519999999999973,0.002060000000000173,0.005449999999999955,0.0020099999999998452,0.21113445378149695,1,0,,0,0,0,0,1.1114602754979035,1.1041845048289929,1.11885,1.10681,1.11098,1,0
2024-10-01T07:00:00+0700,1.11333,1.11436,1.10453,1.10663,48948,0.009830000000000005,0.007452142857142828,0.009830000000000005,0.006699999999999928,0.0010300000000000864,0.0020999999999999908,0.21363173957273546,0,0,BOS_DN,0,1,0,0,1.1110002492600077,1.104280406600405,1.12134,1.1103,1.11333,0,0
2024-10-02T07:00:00+0700,1.10651,1.10824,1.10322,1.10432,39413,0.005019999999999802,0.007313571428571379,0.005019999999999802,0.0021900000000001363,0.0017299999999997873,0.0010999999999998789,0.2191235059760801,0,0,BOS_DN,0,1,0,0,1.110364035044769,1.104281959282742,1.12134,1.1103,1.11333,0,0
2024-10-03T07:00:00+0700,1.1042399999999999,1.1049,1.10078,1.10292,44041,0.0041199999999999015,0.007363571428571374,0.0041199999999999015,0.0013199999999999878,0.000660000000000105,0.0021399999999998087,0.5194174757281214,0,0,BOS_DN,0,1,0,0,1.1096550793262197,1.1042285491147914,1.12134,1.1103,1.11333,0,0
2024-10-04T07:00:00+0700,1.10292,1.10391,1.09508,1.09646,42937,0.008829999999999893,0.007512857142857083,0.008829999999999893,0.00645999999999991,0.0009900000000000464,0.0013799999999999368,0.15628539071347153,0,1,,0,0,0,0,1.108398405104675,1.1039239001298977,1.12134,1.1103,1.11333,0,0
2024-10-07T07:00:00+0700,1.0959,1.09864,1.09538,1.09697,42049,0.0032600000000000406,0.0074935714285713695,0.0032600000000000406,0.0010699999999999044,0.0016700000000000603,0.000520000000000076,0.4877300613496811,0,0,,0,0,0,0,1.1073099855708965,1.1036511981640194,1.12134,1.1103,1.11333,0,0
2024-10-08T07:00:00+0700,1.09703,1.09967,1.09605,1.09731,39753,0.0036199999999999566,0.007092857142857091,0.0036199999999999566,0.000280000000000058,0.0023599999999999177,0.0009799999999999809,0.34806629834255637,0,0,,0,0,0,0,1.1063576059927158,1.1034025237262148,1.11436,1.09508,1.09697,0,0
2024-10-09T07:00:00+0700,1.09734,1.09806,1.09357,1.09375,35929,0.004490000000000105,0.00662571428571425,0.004490000000000105,0.003589999999999982,0.0007200000000000539,0.000180000000000069,0.040089086859702625,0,0,BOS_DN,0,1,0,0,1.1051568816124573,1.1030239933840105,1.11436,1.09508,1.09697,0,0
2024-10-10T07:00:00+0700,1.09375,1.09544,1.08998,1.0924,42390,0.00546000000000002,0.006687857142857119,0.00546000000000002,0.0013499999999999623,0.0016899999999999693,0.0024200000000000887,0.4432234432234578,0,0,BOS_DN,0,1,0,0,1.103941940506509,1.1026073661924807,1.11436,1.09508,1.09697,0,0
2024-10-11T07:00:00+0700,1.0924,1.09533,1.09229,1.09299,29455,0.0030399999999999316,0.006304285714285683,0.0030399999999999316,0.0005899999999998684,0.0023400000000000087,0.0001100000000000545,0.23026315789471666,0,0,BOS_DN,0,1,0,0,1.1028988985535082,1.1022302145770893,1.11436,1.09508,1.09697,0,0
2024-10-14T07:00:00+0700,1.09312,1.09362,1.08877,1.09074,27728,0.004850000000000021,0.006100714285714269,0.004850000000000021,0.0023800000000000487,0.0004999999999999449,0.0019700000000000273,0.40618556701031316,0,0,BOS_DN,0,1,0,0,1.1017409082150789,1.1017796179270074,1.11436,1.09508,1.09697,0,0
2024-10-15T07:00:00+0700,1.09074,1.09162,1.08815,1.08872,33221,0.003470000000000084,0.005689285714285698,0.003470000000000084,0.002020000000000133,0.0008799999999999919,0.0005699999999999594,0.16426512968298143,0,0,BOS_DN,0,1,0,0,1.1005008217184047,1.101267476047517,1.09967,1.08877,1.09074,0,0
2024-10-16T07:00:00+0700,1.08866,1.09009,1.08528,1.08605,31823,0.004809999999999981,0.005579285714285691,0.004809999999999981,0.002610000000000001,0.0014300000000000423,0.0007699999999999374,0.1600831600831477,0,0,BOS_DN,0,1,0,0,1.0991245529833185,1.1006707122809478,1.09967,1.08877,1.09074,0,0
2024-10-17T07:00:00+0700,1.08599,1.08731,1.08106,1.08299,35917,0.006250000000000089,0.0054692857142857,0.006250000000000089,0.0030000000000001137,0.0013199999999999878,0.0019299999999999873,0.3087999999999936,0,1,,0,0,0,0,1.097587928889669,1.0999773510150281,1.09967,1.08877,1.09074,0,0
2024-10-18T07:00:00+0700,1.08299,1.08691,1.08237,1.08652,28445,0.0045399999999999885,0.005113571428571416,0.0045399999999999885,0.003530000000000033,0.0003900000000001125,0.0006199999999998429,0.9140969162995345,0,0,,0,0,0,0,1.0965338404239862,1.099449611759537,1.09967,1.08877,1.09074,0,0
2024-10-21T07:00:00+0700,1.08601,1.0871,1.08107,1.08138,27347,0.00602999999999998,0.004842142857142843,0.00602999999999998,0.004629999999999912,0.0010900000000000354,0.00031000000000003247,0.05140961857380324,0,0,,0,0,0,0,1.0950906175264636,1.0987409995336728,1.09967,1.08877,1.09074,0,0
2024-10-22T07:00:00+0700,1.08139,1.08376,1.07921,1.0796999999999999,30203,0.004550000000000054,0.004808571428571432,0.004550000000000054,0.0016900000000001913,0.0023699999999999832,0.0004899999999998794,0.10769230769227991,0,0,BOS_DN,0,1,0,0,1.0936248444287051,1.0979942936696072,1.09162,1.08106,1.08138,0,0
2024-10-23T07:00:00+0700,1.07973,1.08062,1.07608,1.07804,32886,0.0045399999999999885,0.004838571428571438,0.0045399999999999885,0.0016899999999999693,0.0008899999999998354,0.001960000000000184,0.4317180616740504,0,1,,0,0,0,0,1.0921405735307332,1.0972117723492305,1.09162,1.08106,1.08138,0,0
2024-10-24T07:00:00+0700,1.07801,1.08294,1.07701,1.08264,35202,0.005929999999999991,0.0046314285714285875,0.005929999999999991,0.004630000000000134,0.00029999999999996696,0.0009999999999998899,0.9494097807757221,0,0,,0,0,0,0,1.0912357570039968,1.0966403302963195,1.09162,1.08106,1.08138,0,1
2024-10-25T07:00:00+0700,1.08262,1.08389,1.07925,1.07937,30043,0.0046399999999999775,0.004730000000000012,0.0046399999999999775,0.003249999999999975,0.0012700000000001044,0.00011999999999989797,0.025862068965495377,1,0,,0,0,0,0,1.0901056849083781,1.095963062441562,1.09162,1.08106,1.08138,0,0
2024-10-28T07:00:00+0700,1.07961,1.08271,1.07816,1.08107,32805,0.004550000000000054,0.00479642857142859,0.004550000000000054,0.0014600000000000168,0.0016400000000000858,0.0014499999999999513,0.639560439560425,0,0,,0,0,0,0,1.0892451434885326,1.095379020777187,1.09162,1.08106,1.08138,0,1
2024-10-29T07:00:00+0700,1.08107,1.08259,1.07684,1.08169,38625,0.005749999999999922,0.004886428571428577,0.005749999999999922,0.0006200000000000649,0.0008999999999999009,0.004229999999999956,0.8434782608695803,0,1,,0,0,0,0,1.0885256060134343,1.0948421964329837,1.08389,1.07608,1.08107,0,0
2024-10-30T07:00:00+0700,1.08169,1.08709,1.08078,1.08542,40786,0.006309999999999816,0.004947142857142849,0.006309999999999816,0.003730000000000011,0.0016699999999998383,0.0009099999999999664,0.7353407290016026,0,0,CHOCH_UP,0,0,1,0,1.0882298340121548,1.094472698533651,1.08389,1.07608,1.08107,0,0
2024-10-31T07:00:00+0700,1.08545,1.08877,1.08435,1.08822,44040,0.0044200000000000905,0.005045714285714288,0.0044200000000000905,0.002769999999999939,0.0005500000000000504,0.001100000000000101,0.8755656108597196,0,0,BOS_UP,1,0,0,0,1.0882288974395686,1.0942274946695865,1.08389,1.07608,1.08107,0,0
2024-11-01T07:00:00+0700,1.08822,1.09053,1.08314,1.08325,39583,0.007390000000000008,0.005227142857142859,0.007390000000000008,0.004969999999999919,0.0023100000000000342,0.0001100000000000545,0.014884979702307765,0,0,,0,0,0,0,1.0877547167310384,1.093797004682544,1.08389,1.07608,1.08107,1,0
2024-11-04T07:00:00+0700,1.0876,1.09143,1.08693,1.08756,41038,0.008179999999999854,0.005563571428571413,0.0044999999999999485,3.999999999981796e-05,0.00383,0.0006300000000001305,0.1400000000000306,0,0,BOS_UP,1,0,0,0,1.0877361722804633,1.0935524162636208,1.08389,1.07608,1.08107,0,0
2024-11-05T07:00:00+0700,1.08756,1.09361,1.08715,1.09268,31028,0.00645999999999991,0.005681428571428552,0.00645999999999991,0.005120000000000013,0.0009299999999998754,0.00041000000000002146,0.8560371517028037,0,0,BOS_UP,1,0,0,0,1.0882070130156574,1.0935182038611257,1.09143,1.07684,1.08756,0,0
2024-11-06T07:00:00+0700,1.09266,1.09366,1.0682,1.07244,96654,0.025460000000000038,0.007053571428571405,0.025460000000000038,0.020219999999999905,0.001000000000000112,0.0042400000000000215,0.16653574234092755,1,1,,0,0,0,0,1.086705392728452,1.0926916076312778,1.09143,1.07684,1.08756,1,0
2024-11-07T07:00:00+0700,1.07244,1.08243,1.07123,1.08033,59068,0.011200000000000099,0.0075292857142856984,0.011200000000000099,0.007889999999999953,0.0020999999999999908,0.0012100000000001554,0.8125000000000024,0,0,,0,0,0,0,1.0860982124685994,1.0922068387045611,1.09143,1.07684,1.08756,0,1
2024-11-08T07:00:00+0700,1.08042,1.08047,1.06864,1.07144,51361,0.011830000000000007,0.007943571428571414,0.011830000000000007,0.008979999999999988,5.0000000000105516e-05,0.0027999999999999137,0.23668639053253693,0,0,,0,0,0,0,1.0847021922334947,1.09139245287301,1.09143,1.07684,1.08756,0,0
2024-11-11T07:00:00+0700,1.07035,1.07274,1.06282,1.06507,38453,0.009919999999999929,0.008327142857142835,0.009919999999999929,0.005279999999999951,0.0023900000000001143,0.0022499999999998632,0.2268145161290201,0,0,CHOCH_DN,0,0,0,1,1.0828324596398287,1.0903601998191665,1.09143,1.07684,1.08756,0,0
2024-11-12T07:00:00+0700,1.06491,1.06626,1.05946,1.06194,46182,0.006799999999999917,0.008488571428571401,0.006799999999999917,0.002969999999999917,0.0013499999999999623,0.0024800000000000377,0.36470588235295115,0,0,BOS_DN,0,1,0,0,1.0808427015788926,1.0892456821791994,1.09366,1.06282,1.06507,0,0
2024-11-13T07:00:00+0700,1.06201,1.06535,1.05553,1.0562,50781,0.00981999999999994,0.00876642857142854,0.00981999999999994,0.005809999999999871,0.0033400000000001207,0.0006699999999999484,0.06822810590630882,0,0,BOS_DN,0,1,0,0,1.078495777618998,1.0879497730741328,1.09366,1.06282,1.06507,0,0
2024-11-14T07:00:00+0700,1.05614,1.0582,1.0496,1.05288,54020,0.008599999999999941,0.00904928571428568,0.008599999999999941,0.0032600000000000406,0.0020599999999999508,0.0032799999999999496,0.38139534883720605,0,1,,0,0,0,0,1.0760561797505221,1.0865744878555392,1.09366,1.06282,1.06507,0,0
2024-11-15T07:00:00+0700,1.05289,1.05926,1.05159,1.05396,51780,0.007670000000000066,0.009272142857142824,0.007670000000000066,0.0010699999999999044,0.005300000000000082,0.0013000000000000789,0.30899608865710076,0,0,,0,0,0,0,1.0739517816790438,1.0852954883317927,1.09366,1.06282,1.06507,0,0
2024-11-18T07:00:00+0700,1.05288,1.06067,1.05287,1.05969,42819,0.007800000000000029,0.009418571428571403,0.007800000000000029,0.006809999999999983,0.0009799999999999809,1.0000000000065512e-05,0.8743589743589772,0,0,,0,0,0,0,1.07259351675723,1.0842913515344674,1.09366,1.06282,1.06507,0,0
2024-11-19T07:00:00+0700,1.05969,1.06005,1.05235,1.05929,50215,0.00770000000000004,0.009517857142857133,0.00770000000000004,0.00039999999999995595,0.00035999999999991594,0.006940000000000168,0.9012987012987185,0,0,,0,0,0,0,1.0713265151613034,1.083310906376253,1.06626,1.0496,1.05969,0,0
2024-11-20T07:00:00+0700,1.05928,1.06093,1.05063,1.05422,41168,0.010299999999999976,0.009937857142857125,0.010299999999999976,0.0050600000000000644,0.0016499999999999293,0.003589999999999982,0.34854368932038743,1,0,,0,0,0,0,1.0696973232411793,1.0821700865183608,1.06626,1.0496,1.05969,0,0
2024-11-21T07:00:00+0700,1.05422,1.05544,1.04617,1.0473,47528,0.00926999999999989,0.010072142857142832,0.00926999999999989,0.006920000000000037,0.0012199999999999989,0.0011299999999998533,0.1218985976267386,0,0,BOS_DN,0,1,0,0,1.0675642448372575,1.0808026321450919,1.06626,1.0496,1.05969,0,0
2024-11-22T07:00:00+0700,1.04729,1.04974,1.03333,1.04141,54028,0.016409999999999814,0.010659999999999972,0.016409999999999814,0.005880000000000107,0.002449999999999841,0.008079999999999865,0.49238269347958297,0,1,,0,0,0,0,1.0650733643765664,1.0792578230413628,1.06626,1.0496,1.05969,0,0
2024-11-25T07:00:00+0700,1.04795,1.05297,1.04486,1.0492,55672,0.011560000000000015,0.011024285714285693,0.008110000000000062,0.0012499999999999734,0.003770000000000051,0.003090000000000037,0.5351418002466064,0,0,,0,0,0,0,1.0635616153883218,1.0780790848828778,1.06626,1.0496,1.05969,0,0
2024-11-26T07:00:00+0700,1.0492,1.05443,1.04245,1.04808,61593,0.01197999999999988,0.010061428571428539,0.01197999999999988,0.0011200000000000099,0.005230000000000068,0.005629999999999802,0.4699499165275341,0,0,,0,0,0,0,1.0620871758275292,1.0769026501815886,1.06093,1.03333,1.0492,0,0
2024-11-27T07:00:00+0700,1.04808,1.05872,1.04739,1.05643,55150,0.011330000000000062,0.01007071428571425,0.011330000000000062,0.00835000000000008,0.0022900000000001253,0.0006899999999998574,0.797881729920555,0,0,,0,0,0,0,1.0615483971772883,1.0760998011548595,1.06093,1.03333,1.0492,0,0
2024-11-28T07:00:00+0700,1.05643,1.05691,1.05271,1.05464,35565,0.0041999999999999815,0.009525714285714248,0.0041999999999999815,0.0017899999999999583,0.00048000000000003595,0.0019299999999999873,0.4595238095238085,0,0,,0,0,0,0,1.0608904545889752,1.075258240325257,1.06093,1.03333,1.0492,0,0
2024-11-29T07:00:00+0700,1.05464,1.05968,1.0541,1.0574,55088,0.005579999999999918,0.009215714285714247,0.005579999999999918,0.0027599999999998737,0.0022800000000000598,0.0005399999999999849,0.5913978494623489,1,0,,0,0,0,0,1.0605580303424063,1.074557917175247,1.06093,1.03333,1.0492,0,0
2024-12-02T07:00:00+0700,1.05652,1.05691,1.04601,1.04962,60942,0.01138999999999979,0.009543571428571382,0.01089999999999991,0.006899999999999906,0.0003900000000001125,0.003609999999999891,0.3311926605504515,0,1,,0,0,0,0,1.059516313166939,1.0735799596389628,1.06093,1.03333,1.0492,0,0
2024-12-03T07:00:00+0700,1.04962,1.05346,1.04803,1.05049,51445,0.005430000000000046,0.00922999999999996,0.005430000000000046,0.0008699999999999264,0.002970000000000139,0.0015899999999999803,0.45303867403312814,0,0,,0,0,0,0,1.0586566642938973,1.0726744710256702,1.05968,1.04245,1.04962,0,0
2024-12-04T07:00:00+0700,1.0505,1.05437,1.04719,1.05074,55624,0.007179999999999964,0.00912857142857139,0.007179999999999964,0.00024000000000001798,0.003630000000000022,0.003309999999999924,0.4944289693593259,0,0,,0,0,0,0,1.057902696265907,1.0718142956913301,1.05968,1.04245,1.04962,0,0
2024-12-05T07:00:00+0700,1.0508,1.05891,1.05046,1.05827,45547,0.008450000000000069,0.009184285714285676,0.008450000000000069,0.007470000000000088,0.0006399999999999739,0.00034000000000000696,0.9242603550295895,0,0,,0,0,0,0,1.057937677573916,1.0712831468406896,1.05968,1.04245,1.04962,0,0
2024-12-06T07:00:00+0700,1.05827,1.06292,1.05418,1.05668,46145,0.008740000000000192,0.009251428571428546,0.008740000000000192,0.0015899999999999803,0.004650000000000043,0.0025000000000001688,0.2860411899313631,1,0,,0,0,0,0,1.0578178987573525,1.0707104744155647,1.05968,1.04245,1.04962,1,0
2024-12-09T07:00:00+0700,1.05591,1.0594,1.05316,1.05521,41272,0.006239999999999801,0.009147142857142814,0.006239999999999801,0.0006999999999999229,0.003489999999999993,0.0020499999999998852,0.3285256410256331,0,0,,0,0,0,0,1.0575695274471284,1.0701026126737778,1.05968,1.04245,1.04962,0,0
2024-12-10T07:00:00+0700,1.05521,1.05676,1.0498,1.0526200000000001,41004,0.006959999999999855,0.008908571428571377,0.006959999999999855,0.00258999999999987,0.0015499999999999403,0.0028200000000000447,0.4051724137931183,0,0,,0,0,0,0,1.0570981438807352,1.0694170200199042,1.06292,1.04719,1.05521,0,0
2024-12-11T07:00:00+0700,1.0526200000000001,1.05389,1.04798,1.04922,48783,0.005910000000000082,0.00866857142857139,0.005910000000000082,0.0034000000000000696,0.0012699999999998823,0.0012400000000001299,0.20981387478851315,0,0,,0,0,0,0,1.0563478444635224,1.0686249800191236,1.06292,1.04719,1.05521,0,0
2024-12-12T07:00:00+0700,1.04922,1.05304,1.04633,1.04648,51277,0.006709999999999994,0.007975714285714261,0.006709999999999994,0.0027399999999999647,0.0038199999999999346,0.0001500000000000945,0.02235469448585613,0,0,,0,0,0,0,1.0554080497527107,1.0677565494301384,1.06292,1.04719,1.05521,0,0
2024-12-13T07:00:00+0700,1.04648,1.05237,1.04527,1.04962,42763,0.007100000000000106,0.007657142857142839,0.007100000000000106,0.0031399999999999206,0.00275000000000003,0.0012100000000001554,0.6126760563380297,0,1,,0,0,0,0,1.0548568069191193,1.067045312197584,1.06292,1.04719,1.05521,0,1
2024-12-16T07:00:00+0700,1.04834,1.05243,1.04742,1.05092,39647,0.005009999999999959,0.007159285714285701,0.005009999999999959,0.0025800000000000267,0.0015099999999999003,0.0009200000000000319,0.6986027944111951,0,0,,0,0,0,0,1.0544818729268222,1.066412947013365,1.06292,1.04719,1.05521,0,0
2024-12-17T07:00:00+0700,1.05092,1.05339,1.04787,1.04898,41337,0.005519999999999969,0.006744285714285695,0.005519999999999969,0.0019400000000000528,0.0024699999999999722,0.0011099999999999444,0.20108695652173017,1,0,,0,0,0,0,1.0539578850290297,1.0657293020324488,1.05676,1.04527,1.05092,0,0
2024-12-18T07:00:00+0700,1.04898,1.0512299999999999,1.03437,1.03509,49069,0.016859999999999875,0.007648571428571401,0.016859999999999875,0.013889999999999958,0.0022499999999998632,0.0007200000000000539,0.042704626334523085,0,0,BOS_DN,0,1,0,0,1.0521609435976935,1.0645277607762744,1.05676,1.04527,1.05092,0,0
2024-12-19T07:00:00+0700,1.03509,1.04219,1.03465,1.03609,60353,0.00753999999999988,0.007788571428571399,0.00753999999999988,0.0009999999999998899,0.006099999999999994,0.00043999999999999595,0.1909814323607306,0,0,BOS_DN,0,1,0,0,1.0506303775407704,1.0634125544713227,1.05676,1.04527,1.05092,0,0
2024-12-20T07:00:00+0700,1.03578,1.0447,1.03426,1.04281,51143,0.010440000000000005,0.007720714285714271,0.010440000000000005,0.007030000000000092,0.0018899999999999473,0.0015199999999999658,0.8189655172413844,0,1,,0,0,0,0,1.0498855796797446,1.0626046111587217,1.05676,1.04527,1.05092,0,0
2024-12-23T07:00:00+0700,1.0429599999999999,1.04449,1.03837,1.04039,35865,0.006119999999999903,0.007769999999999976,0.006119999999999903,0.002569999999999961,0.0015300000000000313,0.0020199999999999108,0.3300653594771148,0,0,,0,0,0,0,1.048981238757864,1.061733449936811,1.05676,1.04527,1.05092,0,0
2024-12-24T07:00:00+0700,1.04039,1.04096,1.03831,1.03895,26436,0.002650000000000041,0.007446428571428553,0.002650000000000041,0.0014399999999998858,0.0005700000000001815,0.0006399999999999739,0.24150943396225055,0,0,,0,0,0,0,1.0480258826856865,1.0608399813118379,1.05339,1.03426,1.04039,0,0
2024-12-26T07:00:00+0700,1.03947,1.04294,1.039,1.04149,24710,0.003989999999999938,0.007127857142857115,0.003940000000000055,0.002020000000000133,0.0014499999999999513,0.00046999999999997044,0.6319796954314896,0,0,,0,0,0,0,1.047403417668002,1.0600811585152954,1.05339,1.03426,1.04039,0,0
2024-12-27T07:00:00+0700,1.04148,1.0443500000000001,1.04046,1.04201,34006,0.003890000000000171,0.006781428571428542,0.003890000000000171,0.0005300000000001415,0.0023400000000000087,0.0010200000000000209,0.39845758354758204,0,0,,0,0,0,0,1.0468897588424781,1.0593724856323428,1.05339,1.03426,1.04039,0,0
2024-12-30T07:00:00+0700,1.04177,1.0458,1.03713,1.04057,35942,0.008669999999999956,0.006954999999999981,0.008669999999999956,0.0012000000000000899,0.004029999999999978,0.0034399999999998876,0.3967704728950294,1,0,,0,0,0,0,1.0462878770479564,1.0586351332546038,1.05339,1.03426,1.04039,0,0
2024-12-31T07:00:00+0700,1.04057,1.0424,1.03434,1.0352,38896,0.008059999999999956,0.007033571428571417,0.008059999999999956,0.005370000000000097,0.0018299999999999983,0.0008599999999998609,0.10669975186102551,0,0,,0,0,0,0,1.0452318887576748,1.05771610842109,1.0458,1.03713,1.04057,0,0
2025-01-02T07:00:00+0700,1.03504,1.03751,1.02241,1.02563,47303,0.015099999999999891,0.007689999999999975,0.015099999999999891,0.009409999999999918,0.0024699999999999722,0.0032200000000000006,0.21324503311258436,0,1,,0,0,0,0,1.0433650422093248,1.0564578296594787,1.0458,1.03713,1.04057,0,0
2025-01-03T07:00:00+0700,1.02563,1.03094,1.02546,1.03058,36791,0.005479999999999929,0.007602142857142827,0.005479999999999929,0.00495000000000001,0.00035999999999991594,0.00017000000000000348,0.9343065693430802,0,0,,0,0,0,0,1.0421474191417701,1.0554430128100873,1.0458,1.03713,1.04057,0,0
2025-01-06T07:00:00+0700,1.03009,1.04363,1.02949,1.03883,55031,0.014140000000000041,0.008104999999999965,0.014140000000000041,0.00873999999999997,0.0048000000000001375,0.0005999999999999339,0.6605374823196518,1,0,,0,0,0,0,1.0418314744616015,1.0547915221116526,1.0458,1.03713,1.04057,0,1
2025-01-07T07:00:00+0700,1.03879,1.04339,1.03385,1.0339,47569,0.009540000000000104,0.008428571428571405,0.009540000000000104,0.004890000000000061,0.0045999999999999375,5.0000000000105516e-05,0.005241090146761528,0,0,,0,0,0,0,1.041076095941449,1.053972246734725,1.04363,1.02241,1.03883,0,0
2025-01-08T07:00:00+0700,1.0339,1.03572,1.02726,1.03171,50153,0.008459999999999912,0.0086385714285714,0.008459999999999912,0.0021900000000001363,0.0018199999999999328,0.004449999999999843,0.5260047281323746,0,0,,0,0,0,0,1.040184086804168,1.0530992174510103,1.04363,1.02241,1.03883,0,0
2025-01-09T07:00:00+0700,1.03171,1.0321,1.02832,1.02981,35682,0.0037800000000001166,0.0077042857142857035,0.0037800000000001166,0.0019000000000000128,0.0003900000000001125,0.0014899999999999913,0.39417989417987975,0,0,,0,0,0,0,1.0391960785371044,1.0521859148058728,1.04363,1.02241,1.03883,0,0
2025-01-10T07:00:00+0700,1.02981,1.03114,1.02128,1.02403,48383,0.00985999999999998,0.007869999999999997,0.00985999999999998,0.005779999999999896,0.0013300000000000534,0.00275000000000003,0.2789046653144053,0,0,,0,0,0,0,1.0377516901049992,1.0510817612840737,1.04363,1.02241,1.03883,0,1
2025-01-13T07:00:00+0700,1.02297,1.02494,1.01773,1.02433,48704,0.007209999999999939,0.007639285714285705,0.007209999999999939,0.0013600000000000279,0.0006099999999999994,0.005239999999999911,0.9153952843273225,0,1,,0,0,0,0,1.0364734339045232,1.0500326726062668,1.04363,1.02241,1.03883,0,1
2025-01-14T07:00:00+0700,1.02433,1.03082,1.02381,1.03066,51266,0.007009999999999961,0.007702857142857138,0.007009999999999961,0.006329999999999947,0.00016000000000016001,0.0005199999999998539,0.9771754636233722,0,0,,0,0,0,0,1.0359197735326637,1.0492729599550408,1.04339,1.01773,1.02433,0,0
2025-01-15T07:00:00+0700,1.03066,1.03538,1.02587,1.02872,44496,0.009509999999999907,0.008192857142857128,0.009509999999999907,0.0019399999999998307,0.0047200000000000575,0.002850000000000019,0.2996845425867557,1,0,,0,0,0,0,1.0352340808152671,1.0484669615254312,1.04339,1.01773,1.02433,0,0
2025-01-16T07:00:00+0700,1.02872,1.03146,1.02602,1.02953,48713,0.005440000000000111,0.00829642857142857,0.005440000000000111,0.0008099999999999774,0.0019299999999999873,0.0027000000000001467,0.6452205882353037,0,0,,0,0,0,0,1.034690835023337,1.0477243355832575,1.04339,1.01773,1.02433,0,0
2025-01-17T07:00:00+0700,1.02941,1.03301,1.02644,1.02647,43967,0.006569999999999965,0.008487857142857127,0.006569999999999965,0.0029399999999999427,0.0036000000000000476,2.999999999997449e-05,0.004566210045658242,0,0,,0,0,0,0,1.0339078983544479,1.0468908322270514,1.04339,1.01773,1.02433,0,0
2025-01-20T07:00:00+0700,1.02775,1.04338,1.02659,1.04146,48803,0.01690999999999998,0.009076428571428556,0.016790000000000083,0.013710000000000111,0.0019199999999999218,0.0011600000000000499,0.8856462179869022,0,0,CHOCH_UP,0,0,1,0,1.0346271461302148,1.046677858414226,1.04339,1.01773,1.02433,0,0
2025-01-21T07:00:00+0700,1.04146,1.04349,1.03415,1.04241,58578,0.009340000000000126,0.00916785714285714,0.009340000000000126,0.0009500000000000064,0.0010799999999999699,0.00731000000000015,0.8843683083511825,0,0,BOS_UP,1,0,0,0,1.0353683703082897,1.0465104914175898,1.04338,1.02381,1.04146,1,0
2025-01-22T07:00:00+0700,1.04251,1.04568,1.03917,1.04075,45248,0.006510000000000016,0.00855428571428572,0.006510000000000016,0.0017599999999999838,0.003169999999999895,0.0015800000000001369,0.2427035330261341,0,0,BOS_UP,1,0,0,0,1.035880906469405,1.0462845897933706,1.04338,1.02381,1.04146,1,0
2025-01-23T07:00:00+0700,1.04072,1.0437400000000001,1.03717,1.04141,45004,0.006570000000000187,0.008632142857142882,0.006570000000000187,0.0006899999999998574,0.0023300000000001653,0.003550000000000164,0.6453576864535618,0,0,BOS_UP,1,0,0,0,1.036407486805652,1.046093429409317,1.04338,1.02381,1.04146,1,0
2025-01-24T07:00:00+0700,1.04141,1.0521,1.04111,1.04901,49905,0.010990000000000055,0.008407142857142882,0.010990000000000055,0.007600000000000051,0.003090000000000037,0.00029999999999996696,0.718835304822564,0,0,BOS_UP,1,0,0,0,1.0376077261574947,1.0462078047265988,1.04338,1.02381,1.04146,0,0
2025-01-27T07:00:00+0700,1.04737,1.05327,1.04535,1.04905,54136,0.007919999999999927,0.008291428571428585,0.007919999999999927,0.0016800000000001258,0.0042199999999998905,0.0020199999999999108,0.4671717171717261,1,0,,0,0,0,0,1.0386974665234476,1.0463192633647713,1.04338,1.02381,1.04146,0,0
2025-01-28T07:00:00+0700,1.04905,1.04922,1.04133,1.04289,48738,0.007889999999999953,0.008250714285714302,0.007889999999999953,0.006159999999999943,0.00017000000000000348,0.0015600000000000058,0.19771863117870914,0,0,,0,0,0,0,1.0390967554259765,1.0461847824485058,1.05327,1.03415,1.04905,0,0
2025-01-29T07:00:00+0700,1.04289,1.04432,1.03819,1.04198,49619,0.006129999999999969,0.008418571428571433,0.006129999999999969,0.0009100000000001884,0.0014299999999998203,0.00378999999999996,0.6182707993474681,0,0,,0,0,0,0,1.039371350147312,1.0460198890191525,1.05327,1.03415,1.04905,0,0
2025-01-30T07:00:00+0700,1.04198,1.04674,1.03857,1.0387,47932,0.00817000000000001,0.00829785714285715,0.00817000000000001,0.0032799999999999496,0.0047600000000000975,0.00012999999999996348,0.01591187270501387,0,0,,0,0,0,0,1.039307412038044,1.0457328345478132,1.05327,1.03415,1.04905,0,0
2025-01-31T07:00:00+0700,1.0387,1.04335,1.03496,1.03596,57953,0.008389999999999898,0.008382142857142862,0.008389999999999898,0.0027399999999999647,0.004650000000000043,0.0009999999999998899,0.11918951132299191,0,0,,0,0,0,0,1.0389886108915636,1.0453495861341735,1.05327,1.03415,1.04905,0,0
2025-02-03T07:00:00+0700,1.02419,1.03494,1.02102,1.03429,81344,0.014939999999999953,0.008948571428571432,0.013919999999999932,0.010099999999999998,0.0006500000000000394,0.003169999999999895,0.9533045977011464,0,1,,0,0,0,0,1.038541124139986,1.0449158768740099,1.05327,1.03415,1.04905,0,1
2025-02-04T07:00:00+0700,1.03429,1.03871,1.02718,1.03776,52375,0.01153000000000004,0.009092857142857156,0.01153000000000004,0.003470000000000084,0.0009500000000000064,0.00710999999999995,0.9176062445793579,0,0,,0,0,0,0,1.0384667313647493,1.0446352542514998,1.04922,1.02102,1.03429,0,0
2025-02-05T07:00:00+0700,1.03776,1.0442,1.03693,1.04009,47317,0.00727000000000011,0.009223571428571442,0.00727000000000011,0.0023299999999999432,0.004110000000000058,0.0008300000000001084,0.4346629986244847,1,0,,0,0,0,0,1.0386213283776304,1.044457008986735,1.04922,1.02102,1.03429,0,0
2025-02-06T07:00:00+0700,1.04009,1.0405,1.03521,1.03821,42953,0.005290000000000017,0.009132142857142875,0.005290000000000017,0.0018799999999998818,0.00041000000000002146,0.0030000000000001137,0.5671077504726094,0,0,,0,0,0,0,1.0385821542464275,1.0442120282421574,1.04922,1.02102,1.03429,0,0
2025-02-07T07:00:00+0700,1.03821,1.04118,1.03046,1.03261,49581,0.010720000000000063,0.008690000000000022,0.010720000000000063,0.005600000000000049,0.002969999999999917,0.0021500000000000963,0.20055970149254512,0,0,,0,0,0,0,1.0380133776515297,1.043757046742465,1.04922,1.02102,1.03429,0,0
2025-02-10T07:00:00+0700,1.02879,1.0336,1.02791,1.03055,37201,0.005689999999999973,0.008429285714285726,0.005689999999999973,0.0017599999999999838,0.003049999999999997,0.0008799999999999919,0.4639718804920893,0,1,,0,0,0,0,1.0373025797799555,1.0432391233407998,1.04922,1.02102,1.03429,0,0
2025-02-11T07:00:00+0700,1.03055,1.03805,1.02916,1.03599,35503,0.008889999999999842,0.008599285714285714,0.008889999999999842,0.005439999999999889,0.0020599999999999508,0.0013900000000000023,0.7682789651293602,0,0,,0,0,0,0,1.0371775721818646,1.0429548439941017,1.0442,1.02718,1.03055,0,0
2025-02-12T07:00:00+0700,1.03599,1.04293,1.03167,1.0381,49933,0.011259999999999826,0.008934285714285688,0.011259999999999826,0.0021100000000000563,0.00482999999999989,0.0043199999999998795,0.5710479573712287,0,0,,0,0,0,0,1.0372654224502584,1.0427644579551172,1.0442,1.02718,1.03055,0,0
2025-02-13T07:00:00+0700,1.0381,1.04665,1.03726,1.04625,54938,0.00939000000000001,0.00881999999999997,0.00939000000000001,0.00814999999999988,0.000400000000000178,0.0008399999999999519,0.9574014909477979,0,0,BOS_UP,1,0,0,0,1.0381210965026146,1.0429011458784458,1.0442,1.02718,1.03055,0,0
2025-02-14T07:00:00+0700,1.04625,1.05138,1.04468,1.04899,42127,0.006699999999999928,0.008732857142857113,0.006699999999999928,0.0027400000000001867,0.002389999999999892,0.0015699999999998493,0.6432835820895645,1,0,,0,0,0,0,1.0391562301690322,1.043139924471448,1.0442,1.02718,1.03055,0,0
2025-02-17T07:00:00+0700,1.04834,1.05059,1.04666,1.04827,28917,0.003929999999999989,0.008449999999999973,0.003929999999999989,7.00000000000145e-05,0.0022499999999998632,0.0016100000000001113,0.4096692111959582,0,0,,0,0,0,0,1.0400242082481719,1.0433411039039404,1.0442,1.02718,1.03055,0,0
2025-02-18T07:00:00+0700,1.04826,1.04858,1.04347,1.04444,35422,0.00511000000000017,0.008377142857142845,0.00511000000000017,0.0038199999999999346,0.000320000000000098,0.0009700000000001374,0.1898238747554022,0,0,,0,0,0,0,1.040444759843584,1.043384197868492,1.05138,1.02916,1.04827,0,0
2025-02-19T07:00:00+0700,1.04444,1.04609,1.04003,1.04212,38438,0.006059999999999954,0.008226428571428555,0.006059999999999954,0.0023200000000000998,0.0016499999999999293,0.0020899999999999253,0.3448844884488351,0,1,,0,0,0,0,1.0406043065251473,1.0433346214814923,1.05138,1.02916,1.04827,0,0
2025-02-20T07:00:00+0700,1.04208,1.0503,1.04157,1.04999,40904,0.008729999999999905,0.00825071428571427,0.008729999999999905,0.007910000000000084,0.00031000000000003247,0.0005099999999997884,0.9644902634593315,0,0,,0,0,0,0,1.0414981820941809,1.0435956167175122,1.05138,1.02916,1.04827,0,0
2025-02-21T07:00:00+0700,1.04996,1.05052,1.0449,1.04516,42139,0.005619999999999958,0.007584999999999985,0.005619999999999958,0.0047999999999999154,0.0005599999999998939,0.000260000000000149,0.046263345195756395,0,0,,0,0,0,0,1.04184692665664,1.0436569650815315,1.05138,1.02916,1.04827,0,0
2025-02-24T07:00:00+0700,1.047,1.05278,1.04524,1.04664,48668,0.00761999999999996,0.007305714285714264,0.007540000000000102,0.00035999999999991594,0.005780000000000118,0.0014000000000000679,0.1856763925729508,0,0,,0,0,0,0,1.042303409832198,1.04377394684304,1.05138,1.02916,1.04827,1,0
2025-02-25T07:00:00+0700,1.04664,1.05189,1.04558,1.05118,44388,0.006310000000000038,0.007237142857142831,0.006310000000000038,0.0045399999999999885,0.0007099999999999884,0.001060000000000061,0.887480190174329,0,0,,0,0,0,0,1.0431487993719886,1.0440643803001757,1.05278,1.04003,1.04664,0,0
2025-02-26T07:00:00+0700,1.05118,1.05282,1.04745,1.0483,46650,0.005370000000000097,0.007242857142857122,0.005370000000000097,0.0028799999999999937,0.0016400000000000858,0.0008500000000000174,0.15828677839851063,1,0,,0,0,0,0,1.0436393899079897,1.0442304830335023,1.05278,1.04003,1.04664,1,0
2025-02-27T07:00:00+0700,1.04827,1.04921,1.0396,1.03966,45226,0.009609999999999896,0.007163571428571396,0.009609999999999896,0.008610000000000007,0.0009399999999999409,5.999999999994898e-05,0.006243496357955216,0,0,CHOCH_DN,0,0,0,1,1.043260400392943,1.0440512484047375,1.05278,1.04003,1.04664,0,0
2025-02-28T07:00:00+0700,1.03966,1.04195,1.03595,1.03711,49853,0.006000000000000005,0.007185714285714255,0.006000000000000005,0.0025500000000000522,0.0022899999999999032,0.0011600000000000499,0.19333333333334146,0,1,,0,0,0,0,1.0426746479745677,1.0437790425849438,1.05278,1.04003,1.04664,0,0
2025-03-03T07:00:00+0700,1.04025,1.05032,1.03882,1.04848,53509,0.013209999999999944,0.007494285714285691,0.011499999999999844,0.008230000000000182,0.0018399999999998418,0.0014299999999998203,0.8400000000000116,0,0,,0,0,0,0,1.0432275386436565,1.0439633938561224,1.05278,1.04003,1.04664,0,1
2025-03-04T07:00:00+0700,1.04848,1.06268,1.04706,1.06246,68725,0.015619999999999967,0.007805714285714273,0.015619999999999967,0.013979999999999881,0.000220000000000109,0.0014199999999999768,0.9859154929577395,0,0,CHOCH_UP,0,0,1,0,1.045059201629975,1.044688750959804,1.05282,1.03595,1.04848,0,0
2025-03-05T07:00:00+0700,1.06247,1.07962,1.06016,1.07871,74310,0.019460000000000033,0.00852499999999999,0.019460000000000033,0.016240000000000032,0.0009099999999999664,0.0023100000000000342,0.9532374100719443,0,0,BOS_UP,1,0,0,0,1.0482640395699774,1.0460229175888314,1.05282,1.03595,1.04848,0,0
2025-03-06T07:00:00+0700,1.07871,1.0853,1.07652,1.07797,72769,0.00878000000000001,0.008673571428571423,0.00878000000000001,0.0007399999999999629,0.006589999999999874,0.0014500000000001734,0.16514806378134075,0,0,BOS_UP,1,0,0,0,1.051093178658551,1.0472757443500538,1.05282,1.03595,1.04848,0,0
2025-03-07T07:00:00+0700,1.07795,1.08882,1.0778699999999999,1.08305,63408,0.010950000000000015,0.009174999999999997,0.010950000000000015,0.0051000000000001044,0.005769999999999831,8.000000000008001e-05,0.4730593607306098,0,0,BOS_UP,1,0,0,0,1.0541366854529746,1.0486786563363262,1.05282,1.03595,1.04848,0,0
2025-03-10T07:00:00+0700,1.08297,1.08742,1.08046,1.08333,58090,0.006960000000000077,0.009307142857142847,0.006960000000000077,0.00035999999999991594,0.004090000000000149,0.0025100000000000122,0.41235632183906556,0,0,BOS_UP,1,0,0,0,1.0569170011241198,1.050037532558431,1.05282,1.03595,1.04848,0,0
2025-03-11T07:00:00+0700,1.08333,1.09467,1.0826500000000001,1.09174,58906,0.01201999999999992,0.00973285714285713,0.01201999999999992,0.008410000000000029,0.002930000000000099,0.0006799999999997919,0.7562396006655475,1,0,,0,0,0,0,1.060233477207537,1.0516729234384927,1.08882,1.04706,1.08333,0,0
2025-03-12T07:00:00+0700,1.09174,1.09308,1.08752,1.08864,52937,0.005560000000000009,0.009506428571428567,0.005560000000000009,0.0030999999999998806,0.0013400000000001189,0.0011200000000000099,0.20143884892086475,0,0,,0,0,0,0,1.062938860330629,1.0531226127154147,1.08882,1.04706,1.08333,1,0
2025-03-13T07:00:00+0700,1.08863,1.08967,1.08221,1.08512,49809,0.007460000000000022,0.009637857142857142,0.007460000000000022,0.003509999999999902,0.0010399999999999299,0.00291000000000019,0.39008042895444794,0,1,,0,0,0,0,1.06505134982295,1.054377412216771,1.08882,1.04706,1.08333,1,0
2025-03-14T07:00:00+0700,1.08511,1.09121,1.08302,1.08742,49652,0.00818999999999992,0.009678571428571425,0.00818999999999992,0.0023100000000000342,0.00378999999999996,0.0020899999999999253,0.5372405372405376,0,0,,0,0,0,0,1.0671816974588595,1.055673199972976,1.08882,1.04706,1.08333,1,0
2025-03-17T07:00:00+0700,1.08743,1.0929,1.08681,1.09213,40265,0.006089999999999929,0.009662857142857131,0.006089999999999929,0.0047000000000001485,0.0007699999999999374,0.0006199999999998429,0.8735632183908134,0,0,,0,0,0,0,1.0695577262723015,1.0571028784054084,1.08882,1.04706,1.08333,0,0
2025-03-18T07:00:00+0700,1.09212,1.09542,1.08921,1.09429,39163,0.006210000000000049,0.009722857142857129,0.006210000000000049,0.0021700000000000053,0.0011300000000000754,0.002909999999999968,0.8180354267310682,1,0,,0,0,0,0,1.0719131809130347,1.058561196899314,1.09467,1.08221,1.09213,1,0
2025-03-19T07:00:00+0700,1.09432,1.09456,1.08601,1.09011,44288,0.008550000000000058,0.009647142857142854,0.008550000000000058,0.004210000000000047,0.00024000000000001798,0.0040999999999999925,0.479532163742686,0,0,,0,0,0,0,1.0736462113022693,1.0597984048640468,1.09467,1.08221,1.09213,0,0
2025-03-20T07:00:00+0700,1.09011,1.09169,1.08142,1.08477,41931,0.010270000000000001,0.009952142857142854,0.010270000000000001,0.0053399999999999,0.0015800000000001369,0.003349999999999964,0.3261927945472214,0,0,,0,0,0,0,1.0747056197496723,1.0607776831046725,1.09467,1.08221,1.09213,0,1
2025-03-21T07:00:00+0700,1.08486,1.08608,1.07971,1.08081,39839,0.006369999999999987,0.009463571428571429,0.006369999999999987,0.004049999999999887,0.0012199999999999989,0.001100000000000101,0.17268445839876032,0,0,CHOCH_DN,0,0,0,1,1.0752869892973225,1.0615632641593913,1.09467,1.08221,1.09213,0,0
2025-03-24T07:00:00+0700,1.08116,1.08578,1.07812,1.07997,42900,0.00766,0.008895000000000002,0.00766,0.0011899999999998023,0.0046200000000000685,0.0018500000000001293,0.24151436031333282,0,0,BOS_DN,0,1,0,0,1.075732990316625,1.0622850969374544,1.09467,1.08221,1.09213,0,0
2025-03-25T07:00:00+0700,1.07998,1.08297,1.07765,1.07908,39582,0.005319999999999991,0.007885,0.005319999999999991,0.0008999999999999009,0.002990000000000048,0.0014300000000000423,0.2687969924812114,0,0,BOS_DN,0,1,0,0,1.0760517531436131,1.062943720586966,1.09542,1.07812,1.07997,0,1
2025-03-26T07:00:00+0700,1.07898,1.08023,1.07435,1.0751,42185,0.005880000000000107,0.007677857142857149,0.005880000000000107,0.0038800000000001056,0.0012499999999999734,0.0007500000000000284,0.12755102040816577,0,0,BOS_DN,0,1,0,0,1.0759611099870785,1.063420437426693,1.09542,1.07812,1.07997,0,0
2025-03-27T07:00:00+0700,1.07551,1.08207,1.07325,1.08005,45811,0.00882000000000005,0.007525714285714294,0.00882000000000005,0.0045399999999999885,0.002020000000000133,0.0022599999999999287,0.7709750566893286,0,1,,0,0,0,0,1.0763505280835473,1.06407257713545,1.09542,1.07812,1.07997,0,1
2025-03-28T07:00:00+0700,1.07976,1.08443,1.07642,1.08261,40648,0.008010000000000073,0.007600714285714294,0.008010000000000073,0.002850000000000019,0.0018199999999999328,0.0033400000000001207,0.7727840199750416,0,0,,0,0,0,0,1.0769466682660667,1.064799534894844,1.09542,1.07812,1.07997,0,1
2025-03-31T07:00:00+0700,1.08241,1.08489,1.07837,1.08134,48066,0.006519999999999859,0.007207857142857147,0.006519999999999859,0.0010700000000001264,0.0024799999999998157,0.002969999999999917,0.4555214723926352,0,0,,0,0,0,0,1.0773650808121555,1.0654481805852423,1.09542,1.07812,1.07997,0,0
2025-04-01T07:00:00+0700,1.08169,1.08297,1.0778,1.07907,43331,0.005169999999999897,0.007179999999999996,0.005169999999999897,0.0026200000000000667,0.0012799999999999478,0.0012699999999998823,0.2456479690522065,0,0,,0,0,0,0,1.0775274540681408,1.0659823695818995,1.08489,1.07325,1.08134,0,0
2025-04-02T07:00:00+0700,1.07892,1.09239,1.07798,1.08592,45527,0.014410000000000034,0.007676428571428568,0.014410000000000034,0.006999999999999895,0.006469999999999976,0.0009400000000001629,0.5510062456627369,0,0,,0,0,0,0,1.0783267441568891,1.066764237441433,1.08489,1.07325,1.08134,0,0
2025-04-03T07:00:00+0700,1.08476,1.1145,1.08047,1.10499,94583,0.034030000000000005,0.00952214285714286,0.034030000000000005,0.02022999999999997,0.00951000000000013,0.004289999999999905,0.7205406993828937,1,0,,0,0,0,0,1.080866101856233,1.0682632869535338,1.08489,1.07325,1.08134,0,0
2025-04-04T07:00:00+0700,1.1049,1.11072,1.09241,1.09626,109043,0.018309999999999826,0.010394999999999996,0.018309999999999826,0.008639999999999981,0.005819999999999936,0.003849999999999909,0.21026761332604837,0,0,,0,0,0,0,1.0823321873937346,1.0693611972690815,1.08489,1.07325,1.08134,0,0
2025-04-07T07:00:00+0700,1.08889,1.10495,1.08796,1.09038,122790,0.01699000000000006,0.011164999999999996,0.01699000000000006,0.0014899999999999913,0.014570000000000194,0.0009299999999998754,0.14243672748674857,0,0,,0,0,0,0,1.0830986457371885,1.070185464042843,1.08489,1.07325,1.08134,0,0
2025-04-08T07:00:00+0700,1.09026,1.09914,1.0888,1.09567,90170,0.010340000000000016,0.011292857142857136,0.010340000000000016,0.005409999999999915,0.003470000000000084,0.0014600000000000168,0.6644100580270716,0,0,,0,0,0,0,1.084295917571742,1.0711848576097902,1.1145,1.0778,1.09038,0,0
2025-04-09T07:00:00+0700,1.09525,1.10947,1.09129,1.09463,123970,0.018179999999999863,0.011857857142857127,0.018179999999999863,0.0006200000000000649,0.0142199999999999,0.0033399999999998986,0.18371837183717954,0,0,,0,0,0,0,1.0852801158982426,1.0721042749584258,1.1145,1.0778,1.09038,0,0
2025-04-10T07:00:00+0700,1.09474,1.1241,1.09427,1.12003,100791,0.029830000000000023,0.013533571428571414,0.029830000000000023,0.025290000000000035,0.004070000000000018,0.00046999999999997044,0.8635601743211527,0,0,CHOCH_UP,0,0,1,0,1.0885896286698384,1.0739837151561347,1.1145,1.0778,1.09038,0,0
2025-04-11T07:00:00+0700,1.11925,1.1473,1.11801,1.13583,124286,0.029290000000000038,0.015078571428571417,0.029290000000000038,0.016579999999999817,0.011470000000000091,0.0012400000000001299,0.6083987709115714,1,0,,0,0,0,0,1.0930887116536634,1.0764090596598155,1.1145,1.0778,1.09038,0,0
2025-04-14T07:00:00+0700,1.13113,1.14241,1.12955,1.13483,84891,0.012859999999999872,0.015617142857142838,0.012859999999999872,0.0037000000000000366,0.00757999999999992,0.0015799999999999148,0.41057542768273747,0,0,,0,0,0,0,1.0970640724485525,1.0787000769280581,1.1145,1.0778,1.09038,0,0
2025-04-15T07:00:00+0700,1.13442,1.13784,1.12638,1.12797,65455,0.011460000000000026,0.01601571428571426,0.011460000000000026,0.006450000000000067,0.0034199999999999786,0.0015899999999999803,0.13874345549738018,0,0,,0,0,0,0,1.100007494120119,1.0806322307740168,1.1473,1.0888,1.13483,0,0
2025-04-16T07:00:00+0700,1.12801,1.14123,1.1279,1.13971,74697,0.013330000000000064,0.01633785714285712,0.013330000000000064,0.011700000000000044,0.0015199999999999658,0.0001100000000000545,0.8859714928732214,0,0,,0,0,0,0,1.1037886851562981,1.0829490060377809,1.1473,1.0888,1.13483,0,0
2025-04-17T07:00:00+0700,1.13973,1.14089,1.13347,1.13603,62033,0.007419999999999982,0.016295714285714254,0.007419999999999982,0.0036999999999998145,0.0011600000000000499,0.0025600000000001177,0.34501347708896546,0,0,,0,0,0,0,1.106859286569984,1.0850306136441423,1.1473,1.0888,1.13483,0,0
2025-04-18T07:00:00+0700,1.13585,1.13971,1.13564,1.13904,66661,0.004070000000000018,0.016120714285714266,0.004070000000000018,0.003190000000000026,0.0006699999999999484,0.00021000000000004349,0.8353808353808488,0,0,,0,0,0,0,1.1099241164204616,1.0871486287953525,1.1473,1.0888,1.13483,0,0
2025-04-21T07:00:00+0700,1.13945,1.15728,1.13819,1.1510799999999999,62186,0.01909000000000005,0.01711499999999999,0.01909000000000005,0.011629999999999807,0.006200000000000205,0.0012600000000000389,0.675222629649021,1,0,,0,0,0,0,1.1138437243804176,1.0896557413916133,1.1473,1.0888,1.13483,0,0
2025-04-22T07:00:00+0700,1.15077,1.15468,1.14172,1.14193,66928,0.01295999999999986,0.01701142857142855,0.01295999999999986,0.008840000000000181,0.003909999999999858,0.00020999999999982144,0.0162037037036901,0,0,,0,0,0,0,1.1165186077727587,1.0917057123174323,1.15728,1.12638,1.1510799999999999,0,0
2025-04-23T07:00:00+0700,1.14212,1.14394,1.13075,1.13133,79811,0.013190000000000035,0.015522857142857125,0.013190000000000035,0.010790000000000077,0.0018199999999999328,0.0005800000000000249,0.04397270659590776,0,1,,0,0,0,0,1.1179292165563055,1.0932596059520427,1.15728,1.12638,1.1510799999999999,0,0
2025-04-24T07:00:00+0700,1.1314,1.13973,1.13132,1.13875,56229,0.008409999999999807,0.014815714285714265,0.008409999999999807,0.007349999999999968,0.0009799999999999809,7.999999999985796e-05,0.8834720570749104,0,0,,0,0,0,0,1.1199121483128478,1.0950435429735312,1.15728,1.12638,1.1510799999999999,0,0
2025-04-25T07:00:00+0700,1.1383,1.1391,1.13153,1.13614,52600,0.007570000000000077,0.014142857142857124,0.007570000000000077,0.002160000000000162,0.0007999999999999119,0.004610000000000003,0.608982826948475,0,0,,0,0,0,0,1.1214576579973385,1.0966551687392752,1.15728,1.12638,1.1510799999999999,0,0
2025-04-28T07:00:00+0700,1.13633,1.1424400000000001,1.1329,1.14201,50678,0.009540000000000104,0.014085714285714273,0.009540000000000104,0.005679999999999907,0.0004300000000001525,0.003430000000000044,0.95492662473793,1,0,,0,0,0,0,1.123415023902354,1.0984337895730292,1.15728,1.12638,1.1510799999999999,0,0
2025-04-29T07:00:00+0700,1.14199,1.14215,1.1369799999999999,1.13817,53855,0.005170000000000119,0.013156428571428578,0.005170000000000119,0.0038200000000001566,0.00015999999999993797,0.0011900000000000244,0.23017408123791044,0,0,,0,0,0,0,1.1248202597211774,1.0999920723348713,1.15468,1.13075,1.14201,0,0
2025-04-30T07:00:00+0700,1.13864,1.13989,1.13167,1.13277,56533,0.008220000000000116,0.011612857142857156,0.008220000000000116,0.005870000000000042,0.0012499999999999734,0.001100000000000101,0.1338199513382099,0,0,,0,0,0,0,1.12557737784297,1.1012774812629156,1.15468,1.13075,1.14201,0,0
2025-05-01T07:00:00+0700,1.13245,1.13405,1.12654,1.12886,50197,0.007509999999999906,0.01005714285714286,0.007509999999999906,0.003589999999999982,0.0016000000000000458,0.0023199999999998777,0.3089214380825442,0,1,,0,0,0,0,1.125890008524592,1.10235914866437,1.15468,1.13075,1.14201,0,0
2025-05-02T07:00:00+0700,1.12855,1.13805,1.12738,1.12992,60434,0.010669999999999957,0.009900714285714294,0.010669999999999957,0.0013700000000000934,0.00812999999999997,0.0011699999999998933,0.2380506091846295,0,0,,0,0,0,0,1.1262738172365354,1.1034399663638066,1.15468,1.13075,1.14201,0,0
2025-05-05T07:00:00+0700,1.13031,1.13644,1.12919,1.13134,52680,0.007249999999999979,0.009600000000000006,0.007249999999999979,0.0010300000000000864,0.005099999999999882,0.0011200000000000099,0.29655172413794517,0,0,,0,0,0,0,1.1267563108330558,1.104534085329932,1.15468,1.13075,1.14201,0,1
2025-05-06T07:00:00+0700,1.13134,1.13806,1.12794,1.13663,53235,0.010120000000000129,0.009370714285714296,0.010120000000000129,0.005290000000000017,0.0014300000000000423,0.0034000000000000696,0.8586956521739106,1,0,,0,0,0,0,1.1276966621822886,1.1057927486503267,1.14215,1.12654,1.13134,0,0
2025-05-07T07:00:00+0700,1.13633,1.13773,1.12913,1.12985,64587,0.008599999999999941,0.009455000000000007,0.008599999999999941,0.006480000000000041,0.0013999999999998458,0.0007200000000000539,0.08372093023256498,0,0,,0,0,0,0,1.1279017419744517,1.1067361702718828,1.14215,1.12654,1.13134,0,0
2025-05-08T07:00:00+0700,1.13,1.13357,1.12115,1.12263,62161,0.012419999999999876,0.010051428571428569,0.012419999999999876,0.007369999999999877,0.003570000000000073,0.0014799999999999258,0.11916264090176656,0,0,CHOCH_DN,0,0,0,1,1.1273996713102183,1.107359457712201,1.14215,1.12654,1.13134,0,0
2025-05-09T07:00:00+0700,1.1221700000000001,1.12926,1.11961,1.12454,47809,0.009649999999999936,0.009377142857142846,0.009649999999999936,0.0023699999999999832,0.0047199999999998354,0.0025600000000001177,0.5108808290155579,0,0,BOS_DN,0,1,0,0,1.1271273216616262,1.1080332044685852,1.14215,1.12654,1.13134,0,0
2025-05-12T07:00:00+0700,1.11957,1.12423,1.10648,1.1085,70536,0.018060000000000187,0.009741428571428583,0.017750000000000155,0.011069999999999913,0.0046600000000001085,0.002020000000000133,0.11380281690141494,0,1,,0,0,0,0,1.1253532910271857,1.1080515101756996,1.14215,1.12654,1.13134,0,0
2025-05-13T07:00:00+0700,1.10873,1.11942,1.10845,1.11836,54465,0.010970000000000146,0.009582857142857162,0.010970000000000146,0.009630000000000027,0.001060000000000061,0.000280000000000058,0.9033728350045537,0,0,,0,0,0,0,1.1246872633103109,1.1084557646786133,1.13806,1.10648,1.1085,0,0
2025-05-14T07:00:00+0700,1.11844,1.12654,1.11639,1.11708,60356,0.010150000000000103,0.009707142857142899,0.010150000000000103,0.0013600000000000279,0.008099999999999996,0.0006900000000000794,0.0679802955665096,1,0,,0,0,0,0,1.1239627620426622,1.1087939699853342,1.13806,1.10648,1.1085,0,0
2025-05-15T07:00:00+0700,1.11769,1.12274,1.11699,1.11807,51539,0.005750000000000144,0.009577142857142904,0.005750000000000144,0.0003799999999998249,0.004670000000000174,0.000700000000000145,0.1878260869565118,0,0,,0,0,0,0,1.1234015466100278,1.1091577358682623,1.13806,1.10648,1.1085,0,0
2025-05-16T07:00:00+0700,1.11855,1.12192,1.11306,1.11611,46793,0.00886000000000009,0.009528571428571473,0.00886000000000009,0.0024399999999999977,0.003370000000000095,0.003049999999999997,0.3442437923250526,0,1,,0,0,0,0,1.122707113599549,1.10943037367735,1.13806,1.10648,1.1085,0,0
2025-05-19T07:00:00+0700,1.11742,1.12877,1.117,1.12397,53550,0.012660000000000116,0.010063571428571474,0.011770000000000058,0.006549999999999834,0.0048000000000001375,0.00042000000000008697,0.5921835174171526,0,0,,0,0,0,0,1.12282738849483,1.1100005551017678,1.13806,1.10648,1.1085,0,0
2025-05-20T07:00:00+0700,1.12329,1.12845,1.12176,1.1283,47868,0.006689999999999863,0.00995428571428574,0.006689999999999863,0.005010000000000181,0.00014999999999987246,0.0015299999999998093,0.9775784753363415,0,0,CHOCH_UP,0,0,1,0,1.1233485895905606,1.1107181803918946,1.12877,1.10845,1.12397,0,0
2025-05-21T07:00:00+0700,1.1280999999999999,1.13623,1.1279,1.1329500000000001,55064,0.00833000000000017,0.010012857142857188,0.00833000000000017,0.004850000000000243,0.0032799999999999496,0.00019999999999997797,0.6062424969988136,0,0,BOS_UP,1,0,0,0,1.124263009629555,1.1115900164549577,1.12877,1.10845,1.12397,0,0
2025-05-22T07:00:00+0700,1.13229,1.13443,1.12554,1.12775,56506,0.008890000000000065,0.00988571428571434,0.008890000000000065,0.0045399999999999885,0.0021400000000000308,0.0022100000000000453,0.24859392575928338,0,0,BOS_UP,1,0,0,0,1.1245951039505497,1.1122237412998612,1.12877,1.10845,1.12397,1,0
2025-05-23T07:00:00+0700,1.12787,1.13751,1.12776,1.13561,52987,0.009759999999999991,0.010065000000000055,0.009749999999999925,0.00774000000000008,0.0019000000000000128,0.00010999999999983245,0.8051282051282024,0,0,BOS_UP,1,0,0,0,1.125644141669545,1.1131408494841804,1.12877,1.10845,1.12397,0,0
2025-05-26T07:00:00+0700,1.13639,1.14182,1.13603,1.13856,35182,0.006210000000000049,0.009785714285714333,0.005789999999999962,0.0021700000000000053,0.0032600000000000406,0.00035999999999991594,0.43696027633850393,1,0,,0,0,0,0,1.1268742234153026,1.1141376789161732,1.12877,1.10845,1.12397,0,0
2025-05-27T07:00:00+0700,1.138,1.14067,1.13228,1.13267,45757,0.00839000000000012,0.009770714285714346,0.00839000000000012,0.005329999999999835,0.0026700000000001722,0.0003900000000001125,0.04648390941598414,0,0,,0,0,0,0,1.1274262021376547,1.1148644366057352,1.14182,1.12176,1.13856,0,0
2025-05-28T07:00:00+0700,1.13233,1.13445,1.1283400000000001,1.12903,48100,0.006109999999999838,0.00932000000000006,0.006109999999999838,0.0033000000000000806,0.0021199999999998997,0.0006899999999998574,0.1129296235679011,0,0,,0,0,0,0,1.1275789447912112,1.1154199488957064,1.14182,1.12176,1.13856,0,0
2025-05-29T07:00:00+0700,1.12906,1.1384,1.12101,1.13649,60157,0.017390000000000017,0.009872857142857207,0.017390000000000017,0.007430000000000048,0.0019100000000000783,0.00804999999999989,0.8901667625071836,0,1,,0,0,0,0,1.1284276167158578,1.1162462254096004,1.14182,1.12176,1.13856,0,1
2025-05-30T07:00:00+0700,1.13666,1.13893,1.13122,1.13459,55136,0.007710000000000106,0.009133571428571487,0.007710000000000106,0.0020700000000000163,0.0022699999999999942,0.003370000000000095,0.43709468223087533,0,0,,0,0,0,0,1.1290145103619667,1.1169655891190278,1.14182,1.12176,1.13856,0,0
2025-06-02T07:00:00+0700,1.13435,1.14493,1.13427,1.1442,50506,0.010660000000000114,0.009111428571428628,0.010660000000000114,0.009850000000000136,0.0007299999999998974,8.000000000008001e-05,0.9315196998123931,0,0,BOS_UP,1,0,0,0,1.1304607474703507,1.1180336052320072,1.14182,1.12176,1.13856,0,0
2025-06-03T07:00:00+0700,1.14379,1.14541,1.13638,1.13695,44110,0.009030000000000094,0.009031428571428626,0.009030000000000094,0.006840000000000179,0.0016199999999999548,0.0005699999999999594,0.06312292358803472,0,0,,0,0,0,0,1.1310787715207935,1.1187754246346737,1.14493,1.12101,1.1442,1,0
2025-06-04T07:00:00+0700,1.13717,1.1434,1.1356600000000001,1.14157,46199,0.007739999999999858,0.009173571428571463,0.007739999999999858,0.0043999999999999595,0.0018299999999999983,0.0015099999999999003,0.7635658914728641,0,0,,0,0,0,0,1.1320779361378608,1.119669329550961,1.14493,1.12101,1.1442,0,0
2025-06-05T07:00:00+0700,1.14138,1.14945,1.14042,1.14428,51493,0.009030000000000094,0.009185714285714321,0.009030000000000094,0.0028999999999999027,0.005170000000000119,0.0009600000000000719,0.42746400885935043,1,0,,0,0,0,0,1.1332400374580645,1.1206344538822959,1.14493,1.12101,1.1442,1,0
2025-06-06T07:00:00+0700,1.1442700000000001,1.14568,1.13712,1.13932,46239,0.008560000000000123,0.008892857142857178,0.008560000000000123,0.00495000000000001,0.0014099999999999113,0.002200000000000202,0.2570093457944124,0,0,,0,0,0,0,1.1338190815096774,1.1213672203967158,1.14493,1.12101,1.1442,1,0
2025-06-09T07:00:00+0700,1.14028,1.14388,1.13861,1.1419,33978,0.005270000000000108,0.008791428571428625,0.005270000000000108,0.0016199999999999548,0.001980000000000093,0.0016700000000000603,0.6242884250474284,0,0,,0,0,0,0,1.13458869279447,1.1221724274399818,1.14493,1.12101,1.1442,0,0
2025-06-10T07:00:00+0700,1.14199,1.14471,1.13725,1.14238,43273,0.0074599999999998,0.008729285714285741,0.0074599999999998,0.00038999999999989043,0.0023299999999999432,0.0047399999999999665,0.687667560321715,0,0,,0,0,0,0,1.1353307220521394,1.1229648812658648,1.14945,1.1356600000000001,1.1419,0,0
2025-06-11T07:00:00+0700,1.14223,1.1499,1.14049,1.14872,47160,0.009409999999999918,0.008766428571428588,0.009409999999999918,0.006489999999999885,0.0011799999999999589,0.0017400000000000748,0.8746014877789619,0,0,,0,0,0,0,1.136605891380507,1.1239748859221055,1.14945,1.1356600000000001,1.1419,1,0
2025-06-12T07:00:00+0700,1.14841,1.16309,1.14833,1.15838,55778,0.014759999999999884,0.009123571428571437,0.014759999999999884,0.009970000000000034,0.004709999999999992,7.999999999985796e-05,0.6808943089430874,1,0,,0,0,0,0,1.1386796160109351,1.125324106082023,1.14945,1.1356600000000001,1.1419,0,0
2025-06-13T07:00:00+0700,1.15789,1.16139,1.14885,1.15454,70619,0.012539999999999996,0.00957571428571429,0.012539999999999996,0.003350000000000186,0.0034999999999998366,0.005689999999999973,0.45374800637958335,0,0,,0,0,0,0,1.1401901287717986,1.1264698274121399,1.14945,1.1356600000000001,1.1419,0,0
2025-06-16T07:00:00+0700,1.15308,1.1614200000000001,1.15233,1.15592,56271,0.009090000000000042,0.009625714285714284,0.009090000000000042,0.0028399999999999537,0.00550000000000006,0.0007500000000000284,0.3949394939493911,0,0,,0,0,0,0,1.141688211745913,1.1276247361410756,1.14945,1.1356600000000001,1.1419,0,0
2025-06-17T07:00:00+0700,1.15581,1.15796,1.1474199999999999,1.1479,57018,0.010540000000000216,0.009942142857142884,0.010540000000000216,0.007910000000000084,0.0021500000000000963,0.00048000000000003595,0.045540796963949345,0,0,,0,0,0,0,1.1422798106272547,1.1284198445277003,1.16309,1.13725,1.15592,0,0
2025-06-18T07:00:00+0700,1.14747,1.15298,1.14605,1.14819,57772,0.006929999999999881,0.009195000000000017,0.006929999999999881,0.0007200000000000539,0.00478999999999985,0.0014199999999999768,0.30880230880231857,0,0,,0,0,0,0,1.1428426858056113,1.1291951447423,1.16309,1.13725,1.15592,0,0
2025-06-19T07:00:00+0700,1.14736,1.14995,1.14459,1.14958,45724,0.005360000000000031,0.009027142857142869,0.005360000000000031,0.0022200000000001108,0.00036999999999998145,0.002769999999999939,0.9309701492537352,0,1,,0,0,0,0,1.1434843347765056,1.1299945508308376,1.16309,1.13725,1.15592,0,0
2025-06-20T07:00:00+0700,1.14903,1.15435,1.14899,1.15204,49845,0.005360000000000031,0.008648571428571434,0.005360000000000031,0.003009999999999957,0.0023100000000000342,4.0000000000040004e-05,0.5690298507462648,0,0,,0,0,0,0,1.1442991600358858,1.130859078249236,1.16309,1.13725,1.15592,0,0
2025-06-23T07:00:00+0700,1.14561,1.15812,1.14531,1.1577,66778,0.012809999999999988,0.008918571428571427,0.012809999999999988,0.012089999999999934,0.00042000000000008697,0.00029999999999996696,0.9672131147540916,0,0,,0,0,0,0,1.1455754305086585,1.1319116634159325,1.16309,1.13725,1.15592,0,0
2025-06-24T07:00:00+0700,1.15774,1.16413,1.15721,1.16073,58817,0.006920000000000037,0.00886000000000001,0.006920000000000037,0.002990000000000048,0.0034000000000000696,0.0005299999999999194,0.5086705202312064,0,0,,0,0,0,0,1.1470187228411672,1.1330417942623665,1.15812,1.14459,1.1577,0,0
2025-06-25T07:00:00+0700,1.1605699999999999,1.16646,1.15896,1.16585,43169,0.007500000000000062,0.008750714285714294,0.007500000000000062,0.0052800000000001734,0.0006099999999999994,0.0016099999999998893,0.9186666666666674,0,0,BOS_UP,1,0,0,0,1.148812177808675,1.134328390565803,1.15812,1.14459,1.1577,0,0
2025-06-26T07:00:00+0700,1.16545,1.17444,1.16527,1.17004,54913,0.0091699999999999,0.008794285714285708,0.0091699999999999,0.004589999999999872,0.0043999999999999595,0.000180000000000069,0.5201744820065423,0,0,BOS_UP,1,0,0,0,1.1508338751602298,1.1357288458377324,1.15812,1.14459,1.1577,0,0
2025-06-27T07:00:00+0700,1.16987,1.17532,1.16805,1.17146,50485,0.007269999999999888,0.008937142857142834,0.007269999999999888,0.0015899999999999803,0.0038599999999999746,0.0018199999999999328,0.4690508940852773,0,0,BOS_UP,1,0,0,0,1.1527982680021127,1.1371300675695861,1.15812,1.14459,1.1577,0,0
2025-06-30T07:00:00+0700,1.17285,1.17869,1.17073,1.17864,48858,0.007959999999999967,0.008972857142857131,0.007959999999999967,0.005789999999999962,5.0000000000105516e-05,0.0021199999999998997,0.9937185929648108,0,0,BOS_UP,1,0,0,0,1.1552593853352446,1.1387579080570533,1.15812,1.14459,1.1577,0,0
2025-07-01T07:00:00+0700,1.1781,1.18292,1.17609,1.18041,48305,0.006829999999999892,0.008788571428571415,0.006829999999999892,0.0023100000000000342,0.0025100000000000122,0.0020099999999998452,0.6325036603221007,1,0,,0,0,0,0,1.1576546819699831,1.140391323427365,1.17869,1.15721,1.17864,0,0
2025-07-02T07:00:00+0700,1.18002,1.18094,1.17465,1.1797900000000001,46228,0.006290000000000129,0.008183571428571432,0.006290000000000129,0.00022999999999995246,0.0009200000000000319,0.0051400000000001445,0.8171701112877646,0,0,,0,0,0,0,1.1597628074966513,1.1419363695674685,1.17869,1.15721,1.17864,0,0
2025-07-03T07:00:00+0700,1.17946,1.18095,1.1717,1.1756,42420,0.00924999999999998,0.007948571428571432,0.00924999999999998,0.0038599999999999746,0.0014899999999999913,0.0039000000000000146,0.4216216216216241,0,0,,0,0,0,0,1.1612711115445893,1.1432565119373717,1.17869,1.15721,1.17864,1,0
2025-07-04T07:00:00+0700,1.17577,1.1787,1.17515,1.17733,39448,0.003550000000000164,0.0075528571428571546,0.003550000000000164,0.0015600000000000058,0.0013700000000000934,0.0006200000000000649,0.614084507042245,0,0,,0,0,0,0,1.1628005294927237,1.1445927271555139,1.17869,1.15721,1.17864,1,0
2025-07-07T07:00:00+0700,1.17811,1.17898,1.16865,1.1707,44977,0.01032999999999995,0.007537857142857136,0.01032999999999995,0.007409999999999917,0.0008699999999999264,0.0020500000000001073,0.19845111326235404,0,0,,0,0,0,0,1.1635528600172262,1.1456165417768662,1.17869,1.15721,1.17864,1,0
2025-07-08T07:00:00+0700,1.17071,1.17647,1.16822,1.1724,46059,0.008249999999999869,0.0076321428571428495,0.008249999999999869,0.0016900000000001913,0.004069999999999796,0.002489999999999881,0.5066666666666836,0,0,,0,0,0,0,1.1643954447774905,1.146666873471891,1.18292,1.16865,1.1707,0,1
2025-07-09T07:00:00+0700,1.1718600000000001,1.17288,1.16892,1.1721,42201,0.0039599999999999635,0.007532142857142844,0.0039599999999999635,0.00023999999999979593,0.0007800000000000029,0.0029400000000001647,0.8030303030303004,0,0,,0,0,0,0,1.165129211941539,1.1476642509827972,1.18292,1.16865,1.1707,0,0
2025-07-10T07:00:00+0700,1.1715,1.1749100000000001,1.16622,1.16992,37602,0.008690000000000087,0.007769999999999991,0.008690000000000087,0.0015799999999999148,0.003410000000000135,0.0037000000000000366,0.4257767548906789,0,0,,0,0,0,0,1.1655854774709162,1.1485370254540603,1.18292,1.16865,1.1707,0,1
2025-07-11T07:00:00+0700,1.1696900000000001,1.17135,1.16642,1.16886,45215,0.004929999999999879,0.007207142857142841,0.004929999999999879,0.0008300000000001084,0.0016599999999997728,0.0024399999999999977,0.4949290060852044,0,0,,0,0,0,0,1.1658973367594005,1.1493340048480187,1.18292,1.16865,1.1707,0,1
2025-07-14T07:00:00+0700,1.16665,1.16972,1.16538,1.1663999999999999,40450,0.0043400000000000105,0.007022857142857124,0.0043400000000000105,0.0002500000000000835,0.003070000000000128,0.0010199999999997988,0.23502304147460745,0,0,,0,0,0,0,1.1659452094489815,1.150003259559861,1.18292,1.16865,1.1707,0,0
2025-07-15T07:00:00+0700,1.16617,1.16923,1.15924,1.16013,41142,0.009989999999999943,0.007200714285714259,0.009989999999999943,0.006039999999999823,0.0030600000000000627,0.0008900000000000574,0.08908908908909534,0,0,,0,0,0,0,1.16539137997765,1.150400386635945,1.17647,1.16538,1.1663999999999999,0,0
2025-07-16T07:00:00+0700,1.15977,1.17211,1.15619,1.16387,52659,0.015919999999999934,0.007682857142857118,0.015919999999999934,0.0040999999999999925,0.008240000000000025,0.0035799999999999166,0.4824120603015038,1,0,,0,0,0,0,1.1652464866464454,1.1509286067678686,1.17647,1.16538,1.1663999999999999,0,0
2025-07-17T07:00:00+0700,1.16329,1.16419,1.15566,1.15964,40503,0.008530000000000149,0.007772857142857137,0.008530000000000149,0.003649999999999931,0.0009000000000001229,0.003980000000000095,0.46658851113716593,0,1,,0,0,0,0,1.16471253553726,1.1512702300318738,1.17647,1.16538,1.1663999999999999,0,0
2025-07-18T07:00:00+0700,1.15928,1.16716,1.15923,1.16242,39539,0.007929999999999993,0.007770714285714282,0.007929999999999993,0.0031399999999999206,0.0047399999999999665,5.0000000000105516e-05,0.4022698612862584,0,0,,0,0,0,0,1.164494198819426,1.1517074759129768,1.17647,1.16538,1.1663999999999999,0,0
2025-07-21T07:00:00+0700,1.16247,1.17163,1.1614200000000001,1.16946,38065,0.01020999999999983,0.008012142857142848,0.01020999999999983,0.006990000000000052,0.0021700000000000053,0.0010499999999997733,0.7874632713026404,0,0,,0,0,0,0,1.1649671322651949,1.1524036533281543,1.17647,1.16538,1.1663999999999999,0,1
2025-07-22T07:00:00+0700,1.16896,1.176,1.16784,1.17529,36810,0.008159999999999945,0.008145714285714265,0.008159999999999945,0.006329999999999947,0.0007099999999999884,0.0011200000000000099,0.9129901960784322,0,0,BOS_UP,1,0,0,0,1.1659502625256524,1.153301157119207,1.17211,1.15566,1.16946,0,0
2025-07-23T07:00:00+0700,1.17529,1.17747,1.17104,1.17718,44992,0.006429999999999936,0.00794428571428569,0.006429999999999936,0.0018899999999999473,0.0002900000000001235,0.004249999999999865,0.954898911353013,0,0,BOS_UP,1,0,0,0,1.167019761332733,1.1542375823302184,1.17211,1.15566,1.16946,0,0
2025-07-24T07:00:00+0700,1.17671,1.17883,1.17301,1.17475,43123,0.005819999999999936,0.00810642857142853,0.005819999999999936,0.0019599999999999618,0.002120000000000122,0.0017399999999998528,0.2989690721649264,1,0,,0,0,0,0,1.1677559745391395,1.1550419908662883,1.17211,1.15566,1.16946,0,0
2025-07-25T07:00:00+0700,1.17346,1.17604,1.17028,1.174,43844,0.005759999999999987,0.007779999999999961,0.005759999999999987,0.0005399999999999849,0.0020400000000000418,0.0031799999999999606,0.6458333333333253,0,0,,0,0,0,0,1.16835064363065,1.1557854422048655,1.17211,1.15566,1.16946,0,0
2025-07-28T07:00:00+0700,1.17586,1.17699,1.1584,1.1587399999999999,48957,0.018589999999999884,0.008518571428571391,0.018589999999999884,0.017120000000000024,0.0011300000000000754,0.0003399999999997849,0.018289402904776063,0,0,,0,0,0,0,1.167435344237255,1.1559013072164392,1.17211,1.15566,1.16946,1,0
2025-07-29T07:00:00+0700,1.15886,1.15987,1.15184,1.15441,49031,0.008029999999999982,0.008809285714285678,0.008029999999999982,0.004450000000000065,0.0010099999999999554,0.002569999999999961,0.320049813200494,0,0,CHOCH_DN,0,0,0,1,1.1661948352622782,1.1558428245805006,1.17883,1.1584,1.1587399999999999,0,0
2025-07-30T07:00:00+0700,1.15458,1.15723,1.13997,1.14023,53780,0.017260000000000053,0.009421428571428534,0.017260000000000053,0.014349999999999863,0.002650000000000041,0.000260000000000149,0.015063731170344624,0,0,BOS_DN,0,1,0,0,1.163721993808728,1.1552305569498929,1.17883,1.1584,1.1587399999999999,0,0
2025-07-31T07:00:00+0700,1.14032,1.14605,1.14026,1.14134,50914,0.005819999999999936,0.009484999999999966,0.005789999999999962,0.0010200000000000209,0.004709999999999992,5.999999999994898e-05,0.18652849740932245,0,0,BOS_DN,0,1,0,0,1.161590375350754,1.1546858292263678,1.17883,1.1584,1.1587399999999999,0,0
2025-08-01T07:00:00+0700,1.14147,1.15965,1.13912,1.15858,64123,0.02053000000000016,0.010641428571428548,0.02053000000000016,0.01710999999999996,0.0010700000000001264,0.0023500000000000743,0.9478811495372568,1,1,,0,0,0,0,1.1613036729363966,1.1548385418057259,1.17883,1.1584,1.1587399999999999,0,1
2025-08-04T07:00:00+0700,1.15907,1.15951,1.15492,1.15711,54006,0.004590000000000094,0.010255714285714273,0.004590000000000094,0.0019599999999999618,0.00043999999999999595,0.0021900000000001363,0.47712418300655585,0,0,,0,0,0,0,1.1609042755138828,1.1549276185976582,1.17883,1.1584,1.1587399999999999,0,0
2025-08-05T07:00:00+0700,1.15666,1.1587399999999999,1.15272,1.15736,47342,0.006019999999999914,0.009548571428571415,0.006019999999999914,0.0006999999999999229,0.0013799999999999368,0.003940000000000055,0.7707641196013362,0,0,,0,0,0,0,1.1605667254649414,1.1550230061036324,1.15987,1.13912,1.15711,0,0
2025-08-06T07:00:00+0700,1.15711,1.16681,1.15639,1.16587,42548,0.010419999999999874,0.009683571428571394,0.010419999999999874,0.008759999999999879,0.0009399999999999409,0.0007200000000000539,0.9097888675623846,0,0,CHOCH_UP,0,0,1,0,1.161071799230185,1.1554483784132938,1.15987,1.13912,1.15711,0,0
2025-08-07T07:00:00+0700,1.16529,1.16984,1.16105,1.16628,49191,0.008790000000000076,0.009744999999999972,0.008790000000000076,0.0009900000000000464,0.0035600000000000076,0.0042400000000000215,0.5949943117178638,1,0,,0,0,0,0,1.1615678183511198,1.1558731478872823,1.15987,1.13912,1.15711,0,0
2025-08-08T07:00:00+0700,1.16607,1.16789,1.16284,1.16391,44551,0.005049999999999999,0.009376428571428555,0.005049999999999999,0.0021599999999999397,0.0018200000000001548,0.0010699999999999044,0.211881188118793,0,0,,0,0,0,0,1.1617908832700607,1.1561883185583695,1.15987,1.13912,1.15711,0,0
2025-08-11T07:00:00+0700,1.16446,1.1675,1.15896,1.16148,36288,0.008539999999999992,0.009403571428571416,0.008539999999999992,0.0029799999999999827,0.0030399999999999316,0.0025200000000000777,0.29508196721312413,0,1,,0,0,0,0,1.161761275339579,1.1563958354776491,1.15987,1.13912,1.15711,0,0
2025-08-12T07:00:00+0700,1.16076,1.1696900000000001,1.15982,1.16718,50701,0.009870000000000045,0.00964928571428571,0.009870000000000045,0.006420000000000092,0.0025100000000000122,0.0009399999999999409,0.7456940222897669,0,0,,0,0,0,0,1.162277344354857,1.1568187438902904,1.16984,1.15272,1.16148,0,0
2025-08-13T07:00:00+0700,1.16685,1.17298,1.16684,1.17032,38291,0.006139999999999812,0.009672142857142843,0.006139999999999812,0.003470000000000084,0.0026599999999998847,9.999999999843467e-06,0.5667752442996798,1,0,,0,0,0,0,1.1630433115591563,1.1573482049142008,1.16984,1.15272,1.16148,0,0
2025-08-14T07:00:00+0700,1.17013,1.17146,1.16306,1.1647,45984,0.008399999999999963,0.00986071428571427,0.008399999999999963,0.005429999999999824,0.0013300000000000534,0.0016400000000000858,0.1952380952381063,0,0,,0,0,0,0,1.1632010914106652,1.15763651060384,1.16984,1.15272,1.16148,1,0
2025-08-15T07:00:00+0700,1.1648100000000001,1.17147,1.1645699999999999,1.17029,37572,0.006900000000000128,0.009025714285714288,0.006900000000000128,0.005479999999999929,0.0011799999999999589,0.00024000000000024002,0.828985507246386,0,0,,0,0,0,0,1.1638762255620303,1.1581327258742777,1.16984,1.15272,1.16148,0,0
2025-08-18T07:00:00+0700,1.171,1.17149,1.16555,1.16599,34452,0.005939999999999834,0.008876428571428563,0.005939999999999834,0.005009999999999959,0.0004899999999998794,0.00043999999999999595,0.07407407407407546,1,0,,0,0,0,0,1.1640775374132657,1.158440854271365,1.16984,1.15272,1.16148,1,0
2025-08-19T07:00:00+0700,1.16597,1.16925,1.16387,1.16454,34736,0.00537999999999994,0.008027857142857127,0.00537999999999994,0.0014300000000000423,0.0032799999999999496,0.0006699999999999484,0.12453531598512191,0,0,,0,0,0,0,1.164121581469145,1.1586800364568015,1.17298,1.15982,1.16599,0,0
2025-08-20T07:00:00+0700,1.16428,1.16732,1.16218,1.16491,39407,0.005139999999999922,0.007979285714285697,0.005139999999999922,0.0006299999999999084,0.0024100000000000232,0.0020999999999999908,0.5311284046692492,0,0,,0,0,0,0,1.1641966689482741,1.1589243487526133,1.17298,1.15982,1.16599,0,0
2025-08-21T07:00:00+0700,1.1649,1.16623,1.16007,1.16052,39813,0.006160000000000165,0.006952857142857126,0.006160000000000165,0.0043800000000000505,0.0013300000000000534,0.00045000000000006146,0.07305194805195607,0,0,,0,0,0,0,1.1638465100008195,1.1589869233113343,1.17298,1.15982,1.16599,0,0
2025-08-22T07:00:00+0700,1.16042,1.17421,1.15825,1.17204,42307,0.015959999999999974,0.007764999999999974,0.015959999999999974,0.011619999999999964,0.0021700000000000053,0.0021700000000000053,0.8640350877192977,1,1,,0,0,0,0,1.164626842381694,1.1594988086716742,1.17298,1.15982,1.16599,1,1
2025-08-25T07:00:00+0700,1.1721,1.17255,1.16023,1.16183,34353,0.012319999999999887,0.008214999999999972,0.012319999999999887,0.010270000000000001,0.00045000000000006146,0.0015999999999998238,0.12987012987011676,0,0,,0,0,0,0,1.1643604764405802,1.1595902279394517,1.17298,1.15982,1.16599,0,0
2025-08-26T07:00:00+0700,1.1617,1.16648,1.16018,1.16395,46479,0.006299999999999972,0.007920714285714265,0.006299999999999972,0.0022500000000000853,0.002529999999999921,0.0015199999999999658,0.5984126984127092,0,0,,0,0,0,0,1.1643213834462391,1.1597611993928065,1.17421,1.15825,1.16183,0,0
2025-08-27T07:00:00+0700,1.16419,1.16471,1.15736,1.16361,37382,0.007349999999999968,0.007817857142857114,0.007349999999999968,0.0005800000000000249,0.0005199999999998539,0.006250000000000089,0.8503401360544376,0,1,,0,0,0,0,1.1642536326418353,1.1599121327499515,1.17421,1.15825,1.16183,0,1
2025-08-28T07:00:00+0700,1.16336,1.1696900000000001,1.16287,1.16812,37903,0.006820000000000048,0.00794428571428569,0.006820000000000048,0.0047600000000000975,0.0015700000000000713,0.0004899999999998794,0.7697947214076158,0,0,,0,0,0,0,1.1646218581045178,1.1602340098970123,1.17421,1.15825,1.16183,0,0
2025-08-29T07:00:00+0700,1.16798,1.17085,1.16504,1.16836,38175,0.005809999999999871,0.007749285714285681,0.005809999999999871,0.00038000000000004697,0.002489999999999881,0.0029399999999999427,0.5714285714285824,0,0,,0,0,0,0,1.1649778716183734,1.160552676175561,1.17421,1.15825,1.16183,0,0
2025-09-01T07:00:00+0700,1.16932,1.17361,1.1685699999999999,1.171,29480,0.005249999999999977,0.007419285714285676,0.0050400000000001555,0.0016800000000001258,0.002610000000000001,0.0007500000000000284,0.48214285714287286,1,0,,0,0,0,0,1.1655514076547189,1.1609623751490683,1.17421,1.15825,1.16183,0,0
2025-09-02T07:00:00+0700,1.17072,1.17178,1.16125,1.16403,50430,0.01053000000000015,0.007732857142857129,0.01053000000000015,0.006690000000000085,0.001060000000000061,0.0027800000000000047,0.2640075973409273,0,0,,0,0,0,0,1.1654065116876027,1.1610826741628304,1.17361,1.15736,1.171,0,0
2025-09-03T07:00:00+0700,1.1638600000000001,1.16816,1.16077,1.166,40446,0.007390000000000008,0.007660714285714275,0.007390000000000008,0.0021399999999998087,0.002160000000000162,0.003090000000000037,0.7077131258457159,0,1,,0,0,0,0,1.1654630343840215,1.1612755104701704,1.17361,1.15736,1.171,0,0
2025-09-04T07:00:00+0700,1.16572,1.1669,1.16295,1.16495,39072,0.00395000000000012,0.007449999999999989,0.00395000000000012,0.0007700000000001594,0.0011799999999999589,0.0020000000000000018,0.5063291139240357,0,0,,0,0,0,0,1.1654141739664958,1.161419608098791,1.17361,1.15736,1.171,0,0
2025-09-05T07:00:00+0700,1.16454,1.1759,1.16454,1.17166,46361,0.011360000000000037,0.00783714285714286,0.011360000000000037,0.007120000000000015,0.0042400000000000215,0.0,0.626760563380281,0,0,,0,0,0,0,1.1660090145411153,1.1618211920949169,1.17361,1.15736,1.171,1,0
2025-09-08T07:00:00+0700,1.1710099999999999,1.17649,1.17031,1.17616,39986,0.006180000000000074,0.007894285714285727,0.006180000000000074,0.00515000000000021,0.00032999999999994145,0.0006999999999999229,0.9466019417475829,0,0,BOS_UP,1,0,0,0,1.1669757750610092,1.1623834982872732,1.17361,1.15736,1.171,0,0
2025-09-09T07:00:00+0700,1.17595,1.1779600000000001,1.17033,1.17084,43636,0.007630000000000026,0.008072142857142877,0.007630000000000026,0.005109999999999948,0.0020100000000000673,0.0005100000000000104,0.06684141546526982,1,0,,0,0,0,0,1.1673437964837703,1.1627151258054194,1.17649,1.16077,1.17616,1,0
2025-09-10T07:00:00+0700,1.1703999999999999,1.17298,1.16822,1.1693500000000001,42513,0.0047599999999998754,0.007972142857142856,0.0047599999999998754,0.0010499999999997733,0.0025800000000000267,0.0011300000000000754,0.23739495798321533,0,0,,0,0,0,0,1.167534863485316,1.162975316950305,1.17649,1.16077,1.17616,0,0
2025-09-11T07:00:00+0700,1.16936,1.17455,1.16597,1.17346,45834,0.008580000000000032,0.007445000000000003,0.008580000000000032,0.0040999999999999925,0.0010900000000000354,0.003390000000000004,0.8729603729603693,0,1,,0,0,0,0,1.1680991622010002,1.1633864809914696,1.17649,1.16077,1.17616,0,0
2025-09-12T07:00:00+0700,1.17314,1.17471,1.1701,1.1733500000000001,38537,0.004610000000000003,0.006894285714285726,0.004610000000000003,0.00021000000000004349,0.0013599999999998058,0.0030400000000001537,0.7049891540130575,0,0,,0,0,0,0,1.168599241991381,1.1637772072270982,1.17649,1.16077,1.17616,0,0
2025-09-15T07:00:00+0700,1.17269,1.1774,1.17158,1.17599,33887,0.005819999999999936,0.006860000000000009,0.005819999999999936,0.0033000000000000806,0.0014099999999999113,0.0011099999999999444,0.7577319587628992,0,0,,0,0,0,0,1.1693031237064877,1.164256140277016,1.17649,1.16077,1.17616,1,0
2025-09-16T07:00:00+0700,1.17605,1.1877900000000001,1.17569,1.1865700000000001,46784,0.012100000000000222,0.007199285714285741,0.012100000000000222,0.010520000000000085,0.0012199999999999989,0.000360000000000138,0.8991735537190102,0,0,BOS_UP,1,0,0,0,1.1709475881153937,1.165131193599486,1.1779600000000001,1.16597,1.17599,0,0
2025-09-17T07:00:00+0700,1.18652,1.1918,1.1807400000000001,1.18121,46889,0.011059999999999848,0.0075021428571428695,0.011059999999999848,0.005309999999999926,0.005279999999999951,0.00046999999999997044,0.042495479204337876,1,0,,0,0,0,0,1.1719249606758324,1.1657617350269571,1.1779600000000001,1.16597,1.17599,0,0
2025-09-18T07:00:00+0700,1.181,1.18478,1.17497,1.17847,51207,0.009809999999999874,0.007787857142857156,0.009809999999999874,0.0025300000000001432,0.0037799999999998946,0.0034999999999998366,0.35677879714575755,0,0,,0,0,0,0,1.1725482977543245,1.1662600983592333,1.1779600000000001,1.16597,1.17599,0,0
2025-09-19T07:00:00+0700,1.17822,1.1792,1.17283,1.17427,46232,0.006369999999999987,0.007867857142857157,0.006369999999999987,0.00395000000000012,0.0009799999999999809,0.0014399999999998858,0.22605965463106575,0,0,,0,0,0,0,1.1727122693967698,1.1665742121490674,1.1779600000000001,1.16597,1.17599,1,0
2025-09-22T07:00:00+0700,1.17379,1.18023,1.17256,1.18008,36067,0.007669999999999844,0.007663571428571421,0.007669999999999844,0.006290000000000129,0.00014999999999987246,0.0012299999999998423,0.9804432855280475,0,1,,0,0,0,0,1.1734139580256489,1.1671038508883198,1.1779600000000001,1.16597,1.17599,0,0
2025-09-23T07:00:00+0700,1.17937,1.1819600000000001,1.17777,1.18132,41796,0.004190000000000138,0.0074350000000000015,0.004190000000000138,0.0019499999999998963,0.000640000000000196,0.0016000000000000458,0.8472553699283593,1,0,,0,0,0,0,1.1741669144041587,1.167661346931915,1.1918,1.17256,1.18008,0,0
2025-09-24T07:00:00+0700,1.18113,1.18185,1.17276,1.1737,41461,0.009090000000000042,0.007802142857142853,0.009090000000000042,0.007430000000000048,0.0007200000000000539,0.0009399999999999409,0.10341034103409642,0,0,,0,0,0,0,1.1741224463656672,1.1678981568561537,1.1918,1.17256,1.18008,0,0
2025-09-25T07:00:00+0700,1.17367,1.17535,1.16451,1.16642,44746,0.01083999999999996,0.00776499999999999,0.01083999999999996,0.007249999999999979,0.0016799999999999038,0.0019100000000000783,0.17619926199262778,0,1,,0,0,0,0,1.1733888800451275,1.1678401899206183,1.1918,1.17256,1.18008,0,0
2025-09-26T07:00:00+0700,1.16564,1.1706699999999999,1.16564,1.16986,41960,0.005029999999999868,0.007682857142857118,0.005029999999999868,0.0042199999999998905,0.0008099999999999774,0.0,0.8389662027833005,0,0,,0,0,0,0,1.1730527962313058,1.1679193981590255,1.1918,1.17256,1.18008,0,0
2025-09-29T07:00:00+0700,1.16975,1.1754,1.16975,1.17256,37245,0.005649999999999933,0.00754142857142854,0.005649999999999933,0.002809999999999979,0.0028399999999999537,0.0,0.49734513274336506,0,0,,0,0,0,0,1.1730058632568958,1.168101382544946,1.1918,1.17256,1.18008,0,0
2025-09-30T07:00:00+0700,1.17233,1.1761,1.17117,1.17324,41193,0.004929999999999879,0.007553571428571397,0.004929999999999879,0.0009099999999999664,0.0028599999999998627,0.0011600000000000499,0.41987829614605826,0,0,,0,0,0,0,1.1730281619943341,1.168302896954948,1.1819600000000001,1.16451,1.17256,0,0
2025-10-01T07:00:00+0700,1.17319,1.17782,1.17151,1.17294,49831,0.006310000000000038,0.007391428571428541,0.006310000000000038,0.00024999999999986144,0.004630000000000134,0.0014300000000000423,0.22662440570523515,1,0,,0,0,0,0,1.1730197656139214,1.1684847441331854,1.1819600000000001,1.16451,1.17256,0,0
2025-10-02T07:00:00+0700,1.17275,1.17577,1.16827,1.17148,39029,0.007500000000000062,0.007597857142857116,0.007500000000000062,0.0012699999999998823,0.0030200000000000227,0.003210000000000157,0.4280000000000174,0,0,,0,0,0,0,1.1728731212697383,1.1686022051475704,1.1819600000000001,1.16451,1.17256,0,0
2025-10-03T07:00:00+0700,1.1713,1.17586,1.17129,1.1740599999999999,35783,0.004569999999999963,0.007508571428571404,0.004569999999999963,0.0027599999999998737,0.0018000000000000238,1.0000000000065512e-05,0.6061269146608231,0,0,,0,0,0,0,1.1729861573392872,1.168816236318254,1.1819600000000001,1.16451,1.17256,0,0
2025-10-06T07:00:00+0700,1.1718600000000001,1.17303,1.16514,1.17111,46613,0.008919999999999817,0.007281428571428518,0.007889999999999953,0.0007500000000000284,0.0011699999999998933,0.005970000000000031,0.7566539923954457,0,0,,0,0,0,0,1.1728074756879268,1.1689061878351852,1.1819600000000001,1.16451,1.17256,0,0
2025-10-07T07:00:00+0700,1.17062,1.17141,1.16472,1.16564,39023,0.006690000000000085,0.006969285714285678,0.006690000000000085,0.0049799999999999844,0.0007900000000000684,0.0009200000000000319,0.1375186846038894,0,0,,0,0,0,0,1.1721248589557434,1.168778102037727,1.17782,1.16514,1.17111,0,1
2025-10-08T07:00:00+0700,1.16564,1.16607,1.1598,1.16272,43074,0.006269999999999998,0.006716428571428544,0.006269999999999998,0.0029200000000000337,0.00042999999999993044,0.0029200000000000337,0.4657097288676291,0,0,CHOCH_DN,0,0,0,1,1.1712291581028154,1.1685405294087965,1.17782,1.16514,1.17111,0,0
2025-10-09T07:00:00+0700,1.16226,1.16476,1.15416,1.15629,50286,0.010599999999999943,0.0070185714285713975,0.010599999999999943,0.005970000000000031,0.0024999999999999467,0.0021299999999999653,0.2009433962264129,0,1,,0,0,0,0,1.1698063811406425,1.1680601164908044,1.17782,1.16514,1.17111,0,0
2025-10-10T07:00:00+0700,1.15527,1.1630099999999999,1.15527,1.16173,47388,0.007739999999999858,0.007023571428571399,0.007739999999999858,0.00645999999999991,0.0012799999999999478,0.0,0.8346253229974198,0,0,,0,0,0,0,1.1690372019843909,1.16781187662842,1.17782,1.16514,1.17111,0,0
2025-10-13T07:00:00+0700,1.16106,1.16293,1.15571,1.1569,43319,0.007220000000000004,0.007239999999999961,0.007220000000000004,0.0041599999999999415,0.0018700000000000383,0.0011900000000000244,0.16481994459834123,0,0,,0,0,0,0,1.1678812779858774,1.1673839598978937,1.17782,1.16514,1.17111,0,0
2025-10-14T07:00:00+0700,1.15668,1.16143,1.15419,1.16066,53082,0.007239999999999913,0.007107857142857095,0.007239999999999913,0.003980000000000095,0.0007699999999999374,0.002489999999999881,0.8936464088397864,0,1,,0,0,0,0,1.1671935372253175,1.1671202751960157,1.17141,1.15416,1.1569,0,0
2025-10-15T07:00:00+0700,1.16048,1.16472,1.16013,1.16458,43536,0.004589999999999872,0.006661428571428517,0.004589999999999872,0.0040999999999999925,0.000140000000000029,0.00034999999999985043,0.9694989106753741,0,0,,0,0,0,0,1.1669446289181444,1.1670206565608778,1.17141,1.15416,1.1569,0,0
2025-10-16T07:00:00+0700,1.16419,1.16936,1.16406,1.16861,49328,0.00529999999999986,0.00668071428571423,0.00529999999999986,0.0044199999999998685,0.0007500000000000284,0.00012999999999996348,0.8584905660377268,0,0,,0,0,0,0,1.167103235687845,1.167082983754569,1.17141,1.15416,1.1569,0,0
2025-10-17T07:00:00+0700,1.16821,1.17279,1.16491,1.16492,50769,0.00788000000000011,0.006839999999999957,0.00788000000000011,0.003290000000000015,0.0045800000000000285,1.0000000000065512e-05,0.00126903553300322,1,0,,0,0,0,0,1.1668953084794789,1.166998160862233,1.17141,1.15416,1.1569,1,0
2025-10-20T07:00:00+0700,1.16621,1.1675,1.16378,1.16397,37262,0.0037199999999999456,0.006753571428571391,0.0037199999999999456,0.0022400000000000198,0.0012900000000000134,0.00018999999999991246,0.05107526881718152,0,0,,0,0,0,0,1.1666167076719096,1.166879409455871,1.17141,1.15416,1.1569,0,0
2025-10-21T07:00:00+0700,1.16397,1.16547,1.15973,1.15982,43303,0.005740000000000078,0.006712857142857108,0.005740000000000078,0.004149999999999876,0.0015000000000000568,9.000000000014552e-05,0.01567944250873594,0,0,,0,0,0,0,1.165969402179347,1.1666025698693663,1.17279,1.15419,1.16397,0,0
2025-10-22T07:00:00+0700,1.15982,1.1622,1.15764,1.1608100000000001,37917,0.0045599999999998975,0.006502857142857096,0.0045599999999998975,0.0009900000000000464,0.0013899999999997803,0.0021800000000000708,0.6951754385965325,0,1,,0,0,0,0,1.1654780305432186,1.1663754102666462,1.17279,1.15419,1.16397,0,0
2025-10-23T07:00:00+0700,1.16072,1.16196,1.1585,1.16166,31264,0.0034600000000000186,0.006423571428571385,0.0034600000000000186,0.0009399999999999409,0.000300000000000189,0.0022199999999998887,0.9132947976878071,0,0,,0,0,0,0,1.1651144085867216,1.166190492216974,1.17279,1.15419,1.16397,0,0
2025-10-24T07:00:00+0700,1.1614,1.16475,1.16004,1.16248,36396,0.004709999999999992,0.006122857142857112,0.004709999999999992,0.0010799999999999699,0.0022699999999999942,0.0013600000000000279,0.5180467091295121,0,0,,0,0,0,0,1.1648635125308433,1.166044982718269,1.17279,1.15419,1.16397,0,0
2025-10-27T07:00:00+0700,1.16339,1.16516,1.16172,1.16428,31915,0.0034399999999998876,0.005890714285714241,0.0034399999999998876,0.0008900000000000574,0.0008799999999999919,0.0016699999999998383,0.7441860465116219,0,0,,0,0,0,0,1.1648079399088582,1.1659757677097096,1.17279,1.15419,1.16397,0,0
2025-10-28T07:00:00+0700,1.16429,1.16683,1.16251,1.16506,35539,0.0043200000000001015,0.005751428571428534,0.0043200000000001015,0.0007699999999999374,0.0017700000000000493,0.0017800000000001148,0.590277777777776,1,0,,0,0,0,0,1.1648319456318241,1.1659398552505054,1.16547,1.15764,1.16428,1,0
2025-10-29T07:00:00+0700,1.16496,1.16655,1.15772,1.15994,44610,0.008829999999999893,0.005624999999999959,0.008829999999999893,0.0050200000000000244,0.0015899999999999803,0.0022199999999998887,0.2514156285390618,0,0,,0,0,0,0,1.1643660460478409,1.1657045668093091,1.16547,1.15764,1.16428,1,0
2025-10-30T07:00:00+0700,1.15997,1.16369,1.15466,1.15635,44710,0.009029999999999871,0.005717142857142817,0.009029999999999871,0.0036199999999999566,0.0037199999999999456,0.0016899999999999693,0.18715393133997713,0,0,BOS_DN,0,1,0,0,1.1636026130909036,1.1653377210520814,1.16547,1.15764,1.16428,0,0
2025-10-31T07:00:00+0700,1.15632,1.15771,1.15211,1.15347,35246,0.005600000000000049,0.005601428571428535,0.005600000000000049,0.002850000000000019,0.0013900000000000023,0.0013600000000000279,0.24285714285714569,0,0,BOS_DN,0,1,0,0,1.1626376023203413,1.1648723202265097,1.16547,1.15764,1.16428,0,0
2025-11-03T07:00:00+0700,1.15293,1.15408,1.1504699999999999,1.15176,33246,0.003610000000000113,0.005342142857142835,0.003610000000000113,0.0011700000000001154,0.0011499999999999844,0.0012900000000000134,0.35734072022159913,0,0,BOS_DN,0,1,0,0,1.1616016401945946,1.164358111590176,1.16547,1.15764,1.16428,0,0
2025-11-04T07:00:00+0700,1.15164,1.15331,1.14727,1.14812,34202,0.006040000000000045,0.005445714285714276,0.006040000000000045,0.0035199999999999676,0.0016700000000000603,0.0008500000000000174,0.14072847682119388,0,0,BOS_DN,0,1,0,0,1.160317674461776,1.1637213229003651,1.16683,1.1504699999999999,1.15176,0,0
2025-11-05T07:00:00+0700,1.14808,1.14975,1.14685,1.1491500000000001,32760,0.0029000000000001247,0.0052742857142857235,0.0029000000000001247,0.0010700000000001264,0.0005999999999999339,0.0012300000000000644,0.7931034482758937,0,1,,0,0,0,0,1.1592540864177974,1.1631498984728998,1.16683,1.1504699999999999,1.15176,0,0
2025-11-06T07:00:00+0700,1.149,1.15518,1.14889,1.15459,33481,0.006290000000000129,0.005160714285714296,0.006290000000000129,0.005589999999999984,0.0005900000000000905,0.0001100000000000545,0.9062003179650114,0,0,,0,0,0,0,1.1588098877113404,1.162814216179845,1.16683,1.1504699999999999,1.15176,0,1
2025-11-07T07:00:00+0700,1.15414,1.15906,1.1529099999999999,1.15637,33147,0.0061500000000001,0.005334285714285736,0.0061500000000001,0.0022299999999999542,0.002690000000000081,0.0012300000000000644,0.5626016260162541,0,0,,0,0,0,0,1.1585775174531177,1.162561501819851,1.16683,1.1504699999999999,1.15176,0,0
2025-11-10T07:00:00+0700,1.15542,1.15825,1.15408,1.1556,33230,0.004170000000000007,0.005222142857142874,0.004170000000000007,0.000180000000000069,0.002650000000000041,0.0013399999999998968,0.3645083932853629,0,0,,0,0,0,0,1.1582939443623446,1.1622885017484843,1.16683,1.1504699999999999,1.15176,0,0
2025-11-11T07:00:00+0700,1.15526,1.16053,1.15467,1.15808,31329,0.005859999999999976,0.005315000000000022,0.005859999999999976,0.0028200000000000447,0.0024500000000000632,0.0005899999999998684,0.5819112627986224,0,0,,0,0,0,0,1.158273568708788,1.16212346246423,1.15906,1.14685,1.1556,1,0
2025-11-12T07:00:00+0700,1.15831,1.15973,1.15626,1.15916,30887,0.003469999999999862,0.005315714285714297,0.003469999999999862,0.0008500000000000174,0.0005699999999999594,0.0020499999999998852,0.835734870317008,0,0,,0,0,0,0,1.1583579907365225,1.1620072482499464,1.15906,1.14685,1.1556,0,0
2025-11-13T07:00:00+0700,1.15907,1.16556,1.15785,1.16328,38524,0.007709999999999884,0.005530000000000003,0.007709999999999884,0.004210000000000047,0.0022799999999998377,0.0012199999999999989,0.7042801556420399,1,0,,0,0,0,0,1.1588267535235204,1.1620571600832819,1.15906,1.14685,1.1556,0,0
2025-11-14T07:00:00+0700,1.1629,1.16534,1.16058,1.16196,43201,0.0047600000000000975,0.005624285714285733,0.0047600000000000975,0.0009399999999999409,0.0024399999999999977,0.0013800000000001589,0.28991596638658207,0,0,,0,0,0,0,1.1591251579498518,1.1620533498839376,1.15906,1.14685,1.1556,0,0
2025-11-17T07:00:00+0700,1.16121,1.1623999999999999,1.15814,1.1590799999999999,31291,0.0042599999999999305,0.005620000000000006,0.0042599999999999305,0.0021300000000001873,0.0011899999999998023,0.0009399999999999409,0.2206572769952949,0,0,,0,0,0,0,1.1591208571927232,1.1619367479277047,1.15906,1.14685,1.1556,0,0
2025-11-18T07:00:00+0700,1.15888,1.16074,1.15711,1.15791,36155,0.003630000000000022,0.005248571428571444,0.003630000000000022,0.0009699999999999154,0.0018600000000001948,0.0007999999999999119,0.22038567493110386,0,0,,0,0,0,0,1.1590055374600827,1.1617788362442654,1.16556,1.15467,1.1590799999999999,0,0
2025-11-19T07:00:00+0700,1.15744,1.15968,1.15176,1.15371,38814,0.00792000000000015,0.0051692857142857495,0.00792000000000015,0.003730000000000011,0.0022400000000000198,0.0019500000000001183,0.2462121212121315,0,0,,0,0,0,0,1.1585012005591224,1.16146241129351,1.16556,1.15467,1.1590799999999999,0,0
2025-11-20T07:00:00+0700,1.15367,1.15495,1.15014,1.15271,42724,0.004809999999999981,0.005112857142857173,0.004809999999999981,0.0009600000000000719,0.0012799999999999478,0.002569999999999961,0.5343035343035284,0,0,,0,0,0,0,1.1579496576487296,1.1611191794780782,1.16556,1.15467,1.1590799999999999,0,0
2025-11-21T07:00:00+0700,1.15236,1.1552,1.14907,1.15118,44332,0.006129999999999969,0.0052928571428571625,0.006129999999999969,0.0011799999999999589,0.0028399999999999537,0.0021100000000000563,0.34420880913541063,0,1,,0,0,0,0,1.1573049283488506,1.1607294077338397,1.16556,1.15467,1.1590799999999999,0,0
2025-11-24T07:00:00+0700,1.15103,1.155,1.15014,1.15199,31031,0.0048600000000000865,0.005208571428571451,0.0048600000000000865,0.0009600000000000719,0.003009999999999957,0.0008900000000000574,0.38065843621401163,0,0,,0,0,0,0,1.156798744696579,1.1603866858619245,1.16556,1.15467,1.1590799999999999,0,0
2025-11-25T07:00:00+0700,1.15176,1.15856,1.15112,1.15682,38510,0.007440000000000113,0.005532857142857165,0.007440000000000113,0.0050600000000000644,0.0017400000000000748,0.0006399999999999739,0.7661290322580581,0,0,,0,0,0,0,1.1568007690111906,1.1602468158281236,1.16074,1.14907,1.15199,0,0
2025-11-26T07:00:00+0700,1.1567,1.16004,1.15467,1.15958,43783,0.005369999999999875,0.0054671428571428605,0.005369999999999875,0.0028799999999999937,0.00045999999999990493,0.0020299999999999763,0.9143389199255278,0,0,,0,0,0,0,1.1570654576767916,1.160220666187805,1.16074,1.14907,1.15199,0,0
2025-11-27T07:00:00+0700,1.15882,1.16131,1.15761,1.15944,24861,0.0037000000000000366,0.005292142857142856,0.0037000000000000366,0.0006200000000000649,0.0018700000000000383,0.0012099999999999334,0.49459459459458927,0,0,,0,0,0,0,1.1572916045647161,1.1601900518274988,1.16074,1.14907,1.15199,1,0
2025-11-28T07:00:00+0700,1.15917,1.16071,1.15546,1.15951,59627,0.005249999999999977,0.005369285714285711,0.005249999999999977,0.00034000000000000696,0.0011999999999998678,0.003710000000000102,0.7714285714285956,0,0,,0,0,0,0,1.1575028803204575,1.1601633831283813,1.16074,1.14907,1.15199,0,0
2025-12-01T07:00:00+0700,1.159,1.16515,1.15889,1.16075,40823,0.006259999999999932,0.0053978571428571365,0.006259999999999932,0.0017499999999999183,0.0043999999999999595,0.0001100000000000545,0.2971246006389765,0,0,,0,0,0,0,1.1578121298137474,1.1601863877115821,1.16074,1.14907,1.15199,0,0
2025-12-02T07:00:00+0700,1.16068,1.16254,1.1590799999999999,1.16236,31070,0.0034600000000000186,0.0053971428571428625,0.0034600000000000186,0.0016800000000001258,0.00017999999999984695,0.0016000000000000458,0.9479768786127613,0,0,,0,0,0,0,1.1582452603076763,1.1602716274091671,1.16515,1.15112,1.16075,0,0
2025-12-03T07:00:00+0700,1.1620300000000001,1.16771,1.16174,1.16698,32980,0.005970000000000031,0.005272857142857158,0.005970000000000031,0.004949999999999788,0.0007300000000001194,0.0002900000000001235,0.8777219430485569,0,0,CHOCH_UP,0,0,1,0,1.1590771402783737,1.1605347008441018,1.16515,1.15112,1.16075,0,0
2025-12-04T07:00:00+0700,1.16645,1.16815,1.16406,1.16435,32853,0.004089999999999927,0.005225000000000003,0.004089999999999927,0.0020999999999999908,0.0017000000000000348,0.00028999999999990145,0.07090464547674978,1,0,,0,0,0,0,1.159579317394719,1.160684320418843,1.16515,1.15112,1.16075,1,0
2025-12-05T07:00:00+0700,1.16417,1.16713,1.16275,1.16419,32570,0.0043800000000000505,0.005233571428571441,0.0043800000000000505,2.0000000000131024e-05,0.0029399999999999427,0.0014199999999999768,0.3287671232876921,0,0,,0,0,0,0,1.1600184300237935,1.1608217980494768,1.16515,1.15112,1.16075,1,0
2025-12-08T07:00:00+0700,1.16329,1.16717,1.1616,1.16357,39075,0.005570000000000075,0.005372142857142873,0.005570000000000075,0.000280000000000058,0.0036000000000000476,0.0016899999999999693,0.3536804308797129,0,0,,0,0,0,0,1.1603566747834322,1.1609295706749876,1.16515,1.15112,1.16075,1,0
2025-12-09T07:00:00+0700,1.16316,1.16568,1.16146,1.16251,35326,0.0042200000000001125,0.005107857142857156,0.0042200000000001125,0.0006500000000000394,0.0025200000000000777,0.0010499999999999954,0.24881516587676952,0,1,,0,0,0,0,1.1605617533754862,1.1609915482955764,1.16815,1.1590799999999999,1.16357,0,0
2025-12-10T07:00:00+0700,1.1625,1.16993,1.1621299999999999,1.16942,40697,0.007800000000000029,0.005321428571428588,0.007800000000000029,0.006919999999999815,0.0005100000000000104,0.0003700000000002035,0.9346153846153835,0,0,BOS_UP,1,0,0,0,1.161405395911154,1.1613220758133969,1.16815,1.1590799999999999,1.16357,0,0
2025-12-11T07:00:00+0700,1.16936,1.1762299999999999,1.16818,1.17374,39464,0.00804999999999989,0.005458571428571439,0.00804999999999989,0.0043800000000000505,0.002489999999999881,0.0011799999999999589,0.6906832298136751,0,0,BOS_UP,1,0,0,0,1.1625801201100918,1.1618090532324794,1.16815,1.1590799999999999,1.16357,0,0
2025-12-12T07:00:00+0700,1.17382,1.17494,1.17191,1.17385,35031,0.003030000000000088,0.005327857142857154,0.003030000000000088,2.999999999997449e-05,0.0010900000000000354,0.0019100000000000783,0.640264026402639,0,0,BOS_UP,1,0,0,0,1.1636534420043687,1.1622812472233626,1.16815,1.1590799999999999,1.16357,0,0
2025-12-15T07:00:00+0700,1.17298,1.1768399999999999,1.17259,1.17522,33924,0.004249999999999865,0.005099999999999993,0.004249999999999865,0.0022400000000000198,0.0016199999999999548,0.00038999999999989043,0.6188235294117632,0,0,BOS_UP,1,0,0,0,1.1647550189563336,1.1627886492930346,1.16815,1.1590799999999999,1.16357,0,0
2025-12-16T07:00:00+0700,1.17494,1.18035,1.17346,1.17456,41798,0.006890000000000063,0.005208571428571436,0.006890000000000063,0.00038000000000004697,0.005409999999999915,0.001100000000000101,0.15965166908564454,1,0,,0,0,0,0,1.165688826674778,1.1632502708893862,1.1768399999999999,1.16146,1.17522,1,0
2025-12-17T07:00:00+0700,1.17451,1.17576,1.17027,1.17392,39812,0.005489999999999995,0.005336428571428575,0.005489999999999995,0.0005899999999998684,0.0012499999999999734,0.003650000000000153,0.6648451730419228,0,0,,0,0,0,0,1.1664727479438468,1.163668691638822,1.1768399999999999,1.16146,1.17522,0,0
2025-12-18T07:00:00+0700,1.17372,1.17621,1.17122,1.17224,39466,0.00499000000000005,0.005317857142857152,0.00499000000000005,0.0014800000000001479,0.002489999999999881,0.0010200000000000209,0.2044088176352727,0,0,,0,0,0,0,1.1670220100444328,1.164004821378476,1.1768399999999999,1.16146,1.17522,0,0
2025-12-19T07:00:00+0700,1.17156,1.17373,1.17024,1.17068,35931,0.003489999999999993,0.005120000000000013,0.003489999999999993,0.0008799999999999919,0.0021700000000000053,0.00043999999999999595,0.12607449856733433,0,1,,0,0,0,0,1.167370390040201,1.1642665930891238,1.1768399999999999,1.16146,1.17522,0,0
2025-12-22T07:00:00+0700,1.17139,1.17689,1.17056,1.17604,30934,0.006329999999999947,0.0053250000000000085,0.006329999999999947,0.004650000000000043,0.0008500000000000174,0.0008299999999998864,0.8657187993680846,0,0,,0,0,0,0,1.1681960671792295,1.1647282953209228,1.1768399999999999,1.16146,1.17522,1,0
2025-12-23T07:00:00+0700,1.17533,1.18015,1.1752,1.1791800000000001,40453,0.00495000000000001,0.005252142857142864,0.00495000000000001,0.003850000000000131,0.0009699999999999154,0.00012999999999996348,0.8040404040404215,0,0,,0,0,0,0,1.169242156019303,1.1652950288377493,1.18035,1.17024,1.17604,0,0
2025-12-24T07:00:00+0700,1.1789399999999999,1.18075,1.17722,1.17758,34644,0.003530000000000033,0.005212142857142872,0.003530000000000033,0.0013599999999998058,0.0018100000000000893,0.000360000000000138,0.10198300283289932,1,0,,0,0,0,0,1.170036236398417,1.1657767924127396,1.18035,1.17024,1.17604,1,0
2025-12-26T07:00:00+0700,1.17765,1.17963,1.17611,1.17695,37232,0.0035199999999999676,0.005150714285714294,0.0035199999999999676,0.000700000000000145,0.0019799999999998708,0.0008399999999999519,0.23863636363635216,0,0,,0,0,0,0,1.1706946900747581,1.1662149574161615,1.18035,1.17024,1.17604,0,0
2025-12-29T07:00:00+0700,1.17633,1.17886,1.1749,1.17708,35371,0.0039599999999999635,0.005035714285714287,0.0039599999999999635,0.0007499999999998064,0.0017800000000001148,0.0014300000000000423,0.5505050505050174,0,0,,0,0,0,0,1.171302814829543,1.1666410375174885,1.18035,1.17024,1.17604,0,0
2025-12-30T07:00:00+0700,1.1766,1.17794,1.17429,1.17464,30913,0.003649999999999931,0.004994999999999987,0.003649999999999931,0.001960000000000184,0.0013399999999998968,0.00034999999999985043,0.09589041095886494,0,0,,0,0,0,0,1.1716206419886341,1.1669547223207242,1.18075,1.1749,1.17708,0,0
2025-12-31T07:00:00+0700,1.17421,1.1759,1.17196,1.17444,32454,0.003940000000000055,0.004719285714285704,0.003940000000000055,0.00022999999999995246,0.0014600000000000168,0.0022500000000000853,0.6294416243654831,0,0,,0,0,0,0,1.171889152275431,1.1672482626218723,1.18075,1.1749,1.17708,0,0
2026-01-02T07:00:00+0700,1.17447,1.17645,1.17129,1.17183,31850,0.005160000000000053,0.004512857142857144,0.005160000000000053,0.0026399999999999757,0.001980000000000093,0.0005399999999999849,0.10465116279069367,0,0,,0,0,0,0,1.1718835187253898,1.1674279385974853,1.18075,1.1749,1.17708,0,0
2026-01-05T07:00:00+0700,1.17185,1.17283,1.16585,1.17202,40823,0.006979999999999986,0.004794999999999994,0.006979999999999986,0.00017000000000000348,0.0008099999999999774,0.006000000000000005,0.8839541547277967,0,1,,0,0,0,0,1.1718965169420192,1.1676080194367997,1.18075,1.1749,1.17708,0,0
2026-01-06T07:00:00+0700,1.17175,1.17424,1.16834,1.16872,37161,0.005900000000000016,0.004912857142857148,0.005900000000000016,0.003030000000000088,0.002489999999999881,0.00038000000000004697,0.06440677966102473,0,0,,0,0,0,0,1.1715939915189697,1.1676516265177095,1.17794,1.16585,1.17202,0,0
2026-01-07T07:00:00+0700,1.1684,1.17023,1.16724,1.16744,34849,0.002990000000000048,0.0046342857142857175,0.002990000000000048,0.0009600000000000719,0.0018299999999999983,0.00019999999999997797,0.06688963210701497,0,0,,0,0,0,0,1.1711983732790678,1.1676433274385836,1.17794,1.16585,1.17202,0,0
2026-01-08T07:00:00+0700,1.16729,1.16825,1.16422,1.16571,31922,0.004029999999999978,0.004530000000000002,0.004029999999999978,0.0015799999999999148,0.0009600000000000719,0.0014899999999999913,0.36972704714640187,0,0,CHOCH_DN,0,0,0,1,1.1706756710620136,1.1675675106762862,1.17794,1.16585,1.17202,0,0
2026-01-09T07:00:00+0700,1.16562,1.16619,1.16177,1.16317,36406,0.0044200000000000905,0.004489285714285719,0.0044200000000000905,0.0024500000000000632,0.0005699999999999594,0.0014000000000000679,0.31674208144797267,0,1,,0,0,0,0,1.1699608452465837,1.1673950592772162,1.17794,1.16585,1.17202,0,0
2026-01-12T07:00:00+0700,1.16268,1.16981,1.16212,1.16649,36709,0.007689999999999975,0.004789285714285718,0.007689999999999975,0.003810000000000091,0.0033199999999999896,0.0005599999999998939,0.5682704811443432,1,0,,0,0,0,0,1.169630288556433,1.167359566756541,1.17794,1.16585,1.17202,0,1
2026-01-13T07:00:00+0700,1.16661,1.16771,1.16337,1.16414,35271,0.0043400000000000105,0.004647142857142865,0.0043400000000000105,0.0024699999999999722,0.001100000000000101,0.0007699999999999374,0.17741935483869484,0,0,,0,0,0,0,1.1691074039320108,1.1672333092366767,1.17424,1.16177,1.16649,0,0
2026-01-14T07:00:00+0700,1.16402,1.16612,1.1635,1.1644,34032,0.0026200000000000667,0.004480714285714298,0.0026200000000000667,0.00038000000000004697,0.0017199999999999438,0.000520000000000076,0.34351145038171754,0,0,,0,0,0,0,1.1686590797480099,1.1671221990705325,1.17424,1.16177,1.16649,0,0
2026-01-15T07:00:00+0700,1.16435,1.16465,1.15926,1.16083,33592,0.005390000000000006,0.004613571428571439,0.005390000000000006,0.0035199999999999676,0.00029999999999996696,0.0015700000000000713,0.29128014842301847,0,0,BOS_DN,0,1,0,0,1.1679134531053423,1.1668754461658057,1.17424,1.16177,1.16649,0,0
2026-01-16T07:00:00+0700,1.16036,1.16269,1.15841,1.15972,33625,0.0042800000000000615,0.00466785714285716,0.0042800000000000615,0.0006399999999999739,0.0023299999999999432,0.0013100000000001444,0.3060747663551695,0,0,BOS_DN,0,1,0,0,1.1671331242381668,1.1665948404338133,1.17424,1.16177,1.16649,0,0
2026-01-19T07:00:00+0700,1.15786,1.16483,1.15767,1.1644700000000001,32387,0.007160000000000055,0.004896428571428595,0.007160000000000055,0.006610000000000227,0.00035999999999991594,0.00018999999999991246,0.9497206703910736,0,1,,0,0,0,0,1.1668794933583415,1.1665115133579775,1.17424,1.16177,1.16649,0,1
2026-01-20T07:00:00+0700,1.16413,1.1768,1.16322,1.1724999999999999,49056,0.013580000000000148,0.005605714285714325,0.013580000000000148,0.008369999999999767,0.0043000000000001926,0.0009100000000001884,0.6833578792341571,1,0,,0,0,0,0,1.1674147797051662,1.1667463559713902,1.16771,1.15767,1.1644700000000001,0,0
2026-01-21T07:00:00+0700,1.17177,1.17426,1.16757,1.1686,45223,0.006690000000000085,0.005802142857142899,0.006690000000000085,0.003169999999999895,0.0024900000000001032,0.0010300000000000864,0.15396113602392725,0,0,,0,0,0,0,1.1675276578284837,1.166819047894081,1.16771,1.15767,1.1644700000000001,0,0
2026-01-22T07:00:00+0700,1.168,1.17551,1.16696,1.17536,37002,0.008550000000000058,0.006044285714285756,0.008550000000000058,0.007360000000000033,0.0001500000000000945,0.0010399999999999299,0.9824561403508663,0,0,,0,0,0,0,1.168273595178152,1.1671539871923522,1.16771,1.15767,1.1644700000000001,0,0
2026-01-23T07:00:00+0700,1.17479,1.18332,1.17278,1.18273,43852,0.010539999999999994,0.006298571428571471,0.010539999999999994,0.007940000000000058,0.0005899999999998684,0.0020100000000000673,0.9440227703984945,0,0,CHOCH_UP,0,0,1,0,1.1696503956373756,1.1677648112240246,1.16771,1.15767,1.1644700000000001,0,0
2026-01-26T07:00:00+0700,1.1859899999999999,1.19066,1.1834500000000001,1.18786,59293,0.007929999999999993,0.0064435714285714695,0.007209999999999939,0.0018700000000000383,0.0028000000000001357,0.0025399999999997647,0.6116504854368711,0,0,BOS_UP,1,0,0,0,1.1713846436719113,1.1685528578426903,1.16771,1.15767,1.1644700000000001,0,0
2026-01-27T07:00:00+0700,1.18715,1.20819,1.185,1.20389,60773,0.023190000000000044,0.007886428571428612,0.023190000000000044,0.016739999999999977,0.0043000000000001926,0.0021499999999998742,0.8145752479516953,1,0,,0,0,0,0,1.174480391893634,1.169938628123369,1.19066,1.16322,1.18786,0,0
2026-01-28T07:00:00+0700,1.2036,1.2044,1.18953,1.1952,66284,0.014869999999999939,0.008660714285714324,0.014869999999999939,0.008399999999999963,0.0007999999999999119,0.005670000000000064,0.38130464021520427,0,0,,0,0,0,0,1.176453687903764,1.170929270157747,1.19066,1.16322,1.18786,0,0
2026-01-29T07:00:00+0700,1.19527,1.19961,1.19056,1.19692,66018,0.009050000000000002,0.008991428571428603,0.009050000000000002,0.0016499999999999293,0.002690000000000081,0.004709999999999992,0.7027624309392176,0,0,,0,0,0,0,1.1784028604843577,1.1719485144652861,1.19066,1.16322,1.18786,0,0
2026-01-30T07:00:00+0700,1.19621,1.19742,1.18488,1.1849,81380,0.012539999999999996,0.009337857142857175,0.012539999999999996,0.011309999999999931,0.0012099999999999334,2.0000000000131024e-05,0.0015948963317488861,0,0,,0,0,0,0,1.1790216356763237,1.1724564158588044,1.19066,1.16322,1.18786,1,0
2026-02-02T07:00:00+0700,1.1849,1.18743,1.17755,1.17892,70012,0.009879999999999889,0.009733571428571453,0.009879999999999889,0.005980000000000096,0.002529999999999921,0.0013699999999998713,0.13866396761132457,0,1,,0,0,0,0,1.1790119560881025,1.1727098897466945,1.19066,1.16322,1.18786,0,0
2026-02-03T07:00:00+0700,1.17812,1.1828400000000001,1.1779600000000001,1.1817199999999999,50939,0.0048799999999999955,0.009895000000000018,0.0048799999999999955,0.0035999999999998256,0.001120000000000232,0.00015999999999993797,0.7704918032786408,0,0,,0,0,0,0,1.1792698650320927,1.173063227403687,1.20819,1.17755,1.17892,0,0
2026-02-04T07:00:00+0700,1.1813500000000001,1.18375,1.179,1.18041,49437,0.004750000000000032,0.009849285714285736,0.004750000000000032,0.0009400000000001629,0.0023999999999999577,0.0014099999999999113,0.2968421052631372,0,0,,0,0,0,0,1.1793784493147506,1.1733513361329542,1.20819,1.17755,1.17892,0,0
2026-02-05T07:00:00+0700,1.18008,1.18082,1.17799,1.17932,22899,0.002829999999999888,0.009745714285714293,0.002829999999999888,0.0007600000000000939,0.0007399999999999629,0.0013299999999998313,0.46996466431091305,0,0,,0,0,0,0,1.1793728827133458,1.1735854013826421,1.20819,1.17755,1.17892,0,0
