time_th,open,high,low,close,tick_volume,tr,atr14,range,body,upper_wick,lower_wick,close_pos,swing_high,swing_low,structure_event,bos_up,bos_dn,choch_up,choch_dn,ema20,ema50,pdh,pdl,pdc,sweep_prev_high,sweep_prev_low
2025-09-16T23:00:00+0700,1.18043,1.18712,1.18038,1.18642,13068,0.006739999999999968,0.006739999999999968,0.006739999999999968,0.00598999999999994,0.0006999999999999229,5.0000000000105516e-05,0.8961424332344323,0,0,,0,0,0,0,1.18642,1.18642,,,,0,0
2025-09-17T03:00:00+0700,1.1864,1.1877900000000001,1.18577,1.1865700000000001,6269,0.002020000000000133,0.0043800000000000505,0.002020000000000133,0.00017000000000022553,0.0012199999999999989,0.0006299999999999084,0.3960396039604363,0,0,,0,0,0,0,1.1864342857142858,1.1864258823529412,1.18712,1.18038,1.18642,1,0
2025-09-17T07:00:00+0700,1.18652,1.18726,1.1856200000000001,1.18578,2697,0.0016399999999998638,0.003466666666666655,0.0016399999999998638,0.0007399999999999629,0.0007399999999999629,0.00015999999999993797,0.09756097560972637,0,0,,0,0,0,0,1.1863719727891158,1.186400553633218,1.18712,1.18038,1.18642,1,0
2025-09-17T11:00:00+0700,1.18578,1.18588,1.18508,1.18535,4003,0.0008000000000001339,0.0028000000000000247,0.0008000000000001339,0.0004300000000001525,9.999999999998899e-05,0.00026999999999999247,0.3374999999999341,0,0,,0,0,0,0,1.1862746420472952,1.1863593554515233,1.18712,1.18038,1.18642,0,0
2025-09-17T15:00:00+0700,1.1853799999999999,1.18592,1.18376,1.1847699999999999,6460,0.002160000000000162,0.002672000000000052,0.002160000000000162,0.0006099999999999994,0.000540000000000207,0.0010099999999999554,0.46759259259253694,0,0,,0,0,0,0,1.1861313428046956,1.1862970277867577,1.18712,1.18038,1.18642,0,0
2025-09-17T19:00:00+0700,1.1847699999999999,1.18493,1.18324,1.1843,7147,0.0016899999999999693,0.0025083333333333715,0.0016899999999999693,0.00046999999999997044,0.00016000000000016001,0.0010599999999998388,0.6272189349111587,0,0,,0,0,0,0,1.1859569292042482,1.1862187129715906,1.18712,1.18038,1.18642,0,0
2025-09-17T23:00:00+0700,1.18435,1.18588,1.18419,1.18527,8393,0.0016899999999999693,0.0023914285714286,0.0016899999999999693,0.0009200000000000319,0.0006099999999999994,0.00015999999999993797,0.6390532544378636,0,0,,0,0,0,0,1.185891507375272,1.186181508541332,1.18712,1.18038,1.18642,0,0
2025-09-18T03:00:00+0700,1.18525,1.1918,1.1807400000000001,1.18121,18189,0.011059999999999848,0.003475000000000006,0.011059999999999848,0.0040399999999998215,0.006550000000000056,0.00046999999999997044,0.042495479204337876,1,0,,0,0,0,0,1.185445649530008,1.185986547422064,1.1877900000000001,1.18324,1.18527,1,0
2025-09-18T07:00:00+0700,1.181,1.18283,1.181,1.18248,3848,0.0018299999999999983,0.003292222222222227,0.0018299999999999983,0.0014799999999999258,0.0003500000000000725,0.0,0.8087431693988674,0,0,,0,0,0,0,1.1851632067176263,1.1858490357584537,1.1877900000000001,1.18324,1.18527,0,0
2025-09-18T11:00:00+0700,1.18247,1.18282,1.17932,1.17945,5442,0.0035000000000000586,0.0033130000000000104,0.0035000000000000586,0.0030199999999998006,0.0003500000000000725,0.00013000000000018552,0.037142857142909526,0,0,,0,0,0,0,1.184619091792138,1.1855980931796908,1.1877900000000001,1.18324,1.18527,0,0
2025-09-18T15:00:00+0700,1.17945,1.18382,1.178,1.18273,9875,0.005820000000000158,0.003540909090909115,0.005820000000000158,0.0032799999999999496,0.0010900000000000354,0.0014500000000001734,0.8127147766323014,0,0,,0,0,0,0,1.184439178288125,1.18548561893735,1.1877900000000001,1.18324,1.18527,0,0
2025-09-18T19:00:00+0700,1.18273,1.18478,1.17947,1.17951,11187,0.005309999999999926,0.003688333333333349,0.005309999999999926,0.0032200000000000006,0.0020499999999998852,4.0000000000040004e-05,0.007532956685506697,1,0,,0,0,0,0,1.183969732736875,1.1852512809398068,1.1877900000000001,1.18324,1.18527,0,0
2025-09-18T23:00:00+0700,1.17951,1.17958,1.17497,1.17865,15046,0.004610000000000003,0.003759230769230784,0.004610000000000003,0.0008600000000000829,7.00000000000145e-05,0.0036799999999999056,0.7982646420824085,0,1,,0,0,0,0,1.1834630915238393,1.1849924071774616,1.1877900000000001,1.18324,1.18527,0,0
2025-09-19T03:00:00+0700,1.17865,1.17934,1.17804,1.17847,5809,0.0013000000000000789,0.0035835714285714477,0.0013000000000000789,0.000180000000000069,0.0006900000000000794,0.00042999999999993044,0.3307692307691572,0,0,,0,0,0,0,1.1829875589977594,1.1847366265038355,1.1918,1.17497,1.17865,0,0
2025-09-19T07:00:00+0700,1.17822,1.17901,1.17749,1.1786,3790,0.0015199999999999658,0.003210714285714305,0.0015199999999999658,0.00038000000000004697,0.0004099999999997994,0.0007300000000001194,0.7302631578948627,0,0,,0,0,0,0,1.1825696962360681,1.1844959744840773,1.1918,1.17497,1.17865,0,0
2025-09-19T11:00:00+0700,1.1786,1.1792,1.17697,1.1773500000000001,7225,0.0022299999999999542,0.0032257142857142923,0.0022299999999999542,0.0012499999999999734,0.0005999999999999339,0.00038000000000004697,0.17040358744397074,0,0,,0,0,0,0,1.1820725823088234,1.184215740190584,1.1918,1.17497,1.17865,0,0
2025-09-19T15:00:00+0700,1.1773500000000001,1.17776,1.17508,1.17605,10377,0.0026800000000000157,0.0033000000000000173,0.0026800000000000157,0.0013000000000000789,0.0004099999999997994,0.0009700000000001374,0.36194029850751186,0,0,,0,0,0,0,1.1814990030413164,1.1838955150850707,1.1918,1.17497,1.17865,0,0
2025-09-19T19:00:00+0700,1.17604,1.17682,1.17283,1.17357,9243,0.003989999999999938,0.003527857142857146,0.003989999999999938,0.0024699999999999722,0.0007800000000000029,0.0007399999999999629,0.18546365914786325,0,1,,0,0,0,0,1.1807438598945244,1.183490592924872,1.1918,1.17497,1.17865,0,0
2025-09-19T23:00:00+0700,1.17357,1.17673,1.17349,1.17527,11405,0.0032400000000001317,0.003605000000000001,0.0032400000000001317,0.0017000000000000348,0.0014600000000000168,8.000000000008001e-05,0.5493827160493958,0,0,,0,0,0,0,1.1802225399045698,1.1831682167317399,1.1918,1.17497,1.17865,0,1
2025-09-20T03:00:00+0700,1.17527,1.17547,1.17399,1.17427,4192,0.0014799999999999258,0.003589999999999998,0.0014799999999999258,0.001000000000000112,0.00019999999999997797,0.00027999999999983594,0.1891891891890878,0,0,,0,0,0,0,1.17965563134223,1.1828192670559854,1.17934,1.17283,1.17527,0,0
2025-09-22T07:00:00+0700,1.17379,1.17478,1.17256,1.1734,3510,0.0022199999999998887,0.003627857142857135,0.0022199999999998887,0.00038999999999989043,0.0009900000000000464,0.0008399999999999519,0.3783783783783757,0,1,,0,0,0,0,1.1790598569286843,1.1824498840341822,1.17547,1.17399,1.17427,0,0
2025-09-22T11:00:00+0700,1.17342,1.17405,1.17259,1.17302,5217,0.0014600000000000168,0.0029421428571428615,0.0014600000000000168,0.00039999999999995595,0.0006300000000001305,0.00042999999999993044,0.2945205479451544,0,0,,0,0,0,0,1.178484632459286,1.1820800846602928,1.17547,1.17399,1.17427,0,0
2025-09-22T15:00:00+0700,1.17302,1.17686,1.17294,1.17619,7451,0.0039199999999999235,0.0030914285714285705,0.0039199999999999235,0.003170000000000117,0.0006699999999999484,7.999999999985796e-05,0.829081632653071,0,0,,0,0,0,0,1.1782660960345919,1.1818491009481245,1.17547,1.17399,1.17427,0,1
2025-09-22T19:00:00+0700,1.17619,1.17869,1.17611,1.17826,7204,0.0025800000000000267,0.003025714285714282,0.0025800000000000267,0.0020700000000000163,0.00042999999999993044,8.000000000008001e-05,0.833333333333362,0,0,,0,0,0,0,1.178265515459869,1.1817083518913354,1.17547,1.17399,1.17427,0,0
2025-09-22T23:00:00+0700,1.17828,1.17897,1.1762299999999999,1.17877,9122,0.0027400000000001867,0.002805714285714284,0.0027400000000001867,0.0004900000000001015,0.00019999999999997797,0.0020500000000001073,0.927007299270086,0,0,,0,0,0,0,1.178313561606548,1.1815931224054006,1.17547,1.17399,1.17427,0,0
2025-09-23T03:00:00+0700,1.17877,1.18023,1.17854,1.18008,3563,0.0016899999999999693,0.002547142857142859,0.0016899999999999693,0.0013099999999999223,0.00014999999999987246,0.0002300000000001745,0.9112426035503697,0,0,,0,0,0,0,1.178481793834496,1.1815337842718556,1.17897,1.17256,1.17877,0,0
2025-09-23T07:00:00+0700,1.17937,1.1807,1.17911,1.18059,3032,0.0015899999999999803,0.0023314285714285715,0.0015899999999999803,0.0012199999999999989,0.0001100000000000545,0.00025999999999992696,0.9308176100628579,0,0,,0,0,0,0,1.178682575374068,1.1814967731239396,1.17897,1.17256,1.17877,0,0
2025-09-23T11:00:00+0700,1.18059,1.1819600000000001,1.17963,1.17972,4764,0.0023300000000001653,0.0024050000000000065,0.0023300000000001653,0.0008699999999999264,0.0013700000000000934,9.000000000014552e-05,0.0386266094421198,1,0,,0,0,0,0,1.1787813777193947,1.1814270957465305,1.17897,1.17256,1.17877,0,0
2025-09-23T15:00:00+0700,1.17966,1.1804999999999999,1.17777,1.18022,9558,0.002729999999999899,0.002491428571428573,0.002729999999999899,0.000560000000000116,0.00027999999999983594,0.0018899999999999473,0.8974358974359538,0,1,,0,0,0,0,1.1789183893651667,1.1813797586584314,1.17897,1.17256,1.17877,0,0
2025-09-23T19:00:00+0700,1.18024,1.18118,1.1784,1.17963,7366,0.0027800000000000047,0.002530714285714291,0.0027800000000000047,0.0006099999999999994,0.0009399999999999409,0.0012300000000000644,0.44244604316549,0,0,,0,0,0,0,1.1789861618065793,1.1813111406718262,1.17897,1.17256,1.17877,0,0
2025-09-23T23:00:00+0700,1.17963,1.1809,1.17838,1.18045,11440,0.0025200000000000777,0.002519285714285724,0.0025200000000000777,0.0008200000000000429,0.00045000000000006146,0.0012499999999999734,0.8214285714285525,0,0,,0,0,0,0,1.1791255749678575,1.1812773704494015,1.17897,1.17256,1.17877,0,0
2025-09-24T03:00:00+0700,1.18044,1.18177,1.18024,1.18132,5636,0.0015300000000000313,0.002343571428571445,0.0015300000000000313,0.0008799999999999919,0.00045000000000006146,0.00019999999999997797,0.7058823529411423,0,0,,0,0,0,0,1.1793345678280616,1.1812790421964838,1.1819600000000001,1.17777,1.18045,0,0
2025-09-24T07:00:00+0700,1.18113,1.18185,1.18028,1.18034,3925,0.0015700000000000713,0.0022242857142857264,0.0015700000000000713,0.0007900000000000684,0.0007200000000000539,5.999999999994898e-05,0.03821656050951991,1,0,,0,0,0,0,1.1794303232730081,1.181242217012308,1.1819600000000001,1.17777,1.18045,0,0
2025-09-24T11:00:00+0700,1.18034,1.18047,1.17944,1.18025,5149,0.0010299999999998644,0.0021921428571428647,0.0010299999999998644,8.999999999992347e-05,0.00012999999999996348,0.0008099999999999774,0.7864077669903728,0,0,,0,0,0,0,1.1795083877231978,1.1812033065412373,1.1819600000000001,1.17777,1.18045,0,0
2025-09-24T15:00:00+0700,1.18025,1.18043,1.17658,1.17718,7912,0.003850000000000131,0.0023085714285714536,0.003850000000000131,0.003070000000000128,0.000180000000000069,0.0005999999999999339,0.1558441558441334,0,0,BOS_DN,0,1,0,0,1.1792866365114647,1.1810455298141298,1.1819600000000001,1.17777,1.18045,0,0
2025-09-24T19:00:00+0700,1.17715,1.17744,1.1739,1.17422,8197,0.0035400000000000986,0.0024571428571428877,0.0035400000000000986,0.002929999999999877,0.0002900000000001235,0.000320000000000098,0.09039548022601386,0,0,BOS_DN,0,1,0,0,1.178804099700849,1.1807778619782816,1.1819600000000001,1.17777,1.18045,0,0
2025-09-24T23:00:00+0700,1.17422,1.17458,1.17276,1.17321,11669,0.0018199999999999328,0.0023071428571428887,0.0018199999999999328,0.0010099999999999554,0.00035999999999991594,0.00045000000000006146,0.24725274725279014,0,1,,0,0,0,0,1.1782713283007684,1.1804810830771726,1.1819600000000001,1.17777,1.18045,0,0
2025-09-25T03:00:00+0700,1.17322,1.17402,1.17313,1.1737,4609,0.0008900000000000574,0.002186428571428605,0.0008900000000000574,0.00048000000000003595,0.000320000000000098,8.999999999992347e-05,0.6404494382021603,0,0,,0,0,0,0,1.1778359637006952,1.1802151582506168,1.18185,1.17276,1.17321,0,0
2025-09-25T07:00:00+0700,1.17367,1.17478,1.17365,1.1747,3053,0.0011299999999998533,0.0020714285714285813,0.0011299999999998533,0.0010300000000000864,7.999999999985796e-05,1.999999999990898e-05,0.9292035398231253,0,0,,0,0,0,0,1.1775373004911052,1.1799988775349064,1.18185,1.17276,1.17321,0,0
2025-09-25T11:00:00+0700,1.17469,1.17533,1.17402,1.17514,4047,0.0013099999999999223,0.0020442857142857207,0.0013099999999999223,0.00045000000000006146,0.00018999999999991246,0.0006699999999999484,0.854961832061127,0,0,,0,0,0,0,1.1773089861586188,1.1798083333178513,1.18185,1.17276,1.17321,0,0
2025-09-25T15:00:00+0700,1.17514,1.17519,1.17302,1.17421,7724,0.0021700000000000053,0.002085714285714294,0.0021700000000000053,0.0009300000000000974,4.999999999988347e-05,0.0011900000000000244,0.5483870967742035,0,0,,0,0,0,0,1.1770138446197027,1.1795887908347982,1.18185,1.17276,1.17321,0,0
2025-09-25T19:00:00+0700,1.17424,1.17535,1.16873,1.16977,9744,0.006619999999999848,0.0023921428571428427,0.006619999999999848,0.004469999999999974,0.0011099999999999444,0.0010399999999999299,0.15709969788518938,1,0,BOS_DN,0,1,0,0,1.1763239546559214,1.1792037402138258,1.18185,1.17276,1.17321,0,0
2025-09-25T23:00:00+0700,1.16977,1.17098,1.16663,1.16704,13874,0.004349999999999854,0.002507857142857125,0.004349999999999854,0.002729999999999899,0.0012099999999999334,0.00041000000000002146,0.0942528735632265,0,0,BOS_DN,0,1,0,0,1.1754397684982147,1.1787267307936757,1.18185,1.17276,1.17321,0,0
2025-09-26T03:00:00+0700,1.16702,1.16716,1.16451,1.16642,6304,0.002650000000000041,0.0024985714285714134,0.002650000000000041,0.0005999999999999339,0.000140000000000029,0.0019100000000000783,0.7207547169811505,0,1,,0,0,0,0,1.1745807429269564,1.178244113899806,1.17535,1.16663,1.16704,0,0
2025-09-26T07:00:00+0700,1.16564,1.1671,1.16564,1.16709,5427,0.0014600000000000168,0.0024228571428571233,0.0014600000000000168,0.0014499999999999513,1.0000000000065512e-05,0.0,0.9931506849314621,0,0,,0,0,0,0,1.173867338838675,1.1778066976684411,1.17535,1.16663,1.16704,0,1
2025-09-26T11:00:00+0700,1.16709,1.16815,1.16651,1.16794,4101,0.0016400000000000858,0.00243071428571427,0.0016400000000000858,0.0008500000000000174,0.00021000000000004349,0.0005800000000000249,0.8719512195121754,0,0,,0,0,0,0,1.1733028303778488,1.17741976834811,1.17535,1.16663,1.16704,0,1
2025-09-26T15:00:00+0700,1.16794,1.1687400000000001,1.1668,1.16801,7178,0.0019400000000000528,0.0024571428571428405,0.0019400000000000528,7.00000000000145e-05,0.0007300000000001194,0.0011399999999999189,0.6237113402061343,0,0,,0,0,0,0,1.1727987512942442,1.1770507578246547,1.17535,1.16663,1.16704,0,0
2025-09-26T19:00:00+0700,1.16801,1.16856,1.16612,1.16825,8633,0.0024399999999999977,0.0025578571428571356,0.0024399999999999977,0.00024000000000001798,0.00031000000000003247,0.0018899999999999473,0.8729508196721177,0,1,,0,0,0,0,1.1723655368852686,1.176705630066825,1.17535,1.16663,1.16704,0,1
2025-09-26T23:00:00+0700,1.16824,1.17043,1.16776,1.16923,11876,0.0026700000000001722,0.0024735714285714244,0.0026700000000001722,0.0009900000000000464,0.0012000000000000899,0.00048000000000003595,0.5505617977528043,0,0,,0,0,0,0,1.1720669143247668,1.17641246810342,1.17535,1.16663,1.16704,0,0
2025-09-27T03:00:00+0700,1.16923,1.1706699999999999,1.16905,1.16986,4745,0.0016199999999999548,0.0023364285714285566,0.0016199999999999548,0.0006299999999999084,0.0008099999999999774,0.000180000000000069,0.5,0,0,,0,0,0,0,1.1718567320081223,1.1761555085699527,1.17043,1.16451,1.16923,1,0
2025-09-29T07:00:00+0700,1.16975,1.17228,1.16975,1.17211,3453,0.002529999999999921,0.0023871428571428416,0.002529999999999921,0.0023599999999999177,0.00017000000000000348,0.0,0.9328063241106684,0,0,,0,0,0,0,1.1718808527692535,1.1759968611750526,1.1706699999999999,1.16905,1.16986,0,0
2025-09-29T11:00:00+0700,1.17211,1.17325,1.17139,1.17265,4243,0.0018599999999999728,0.00245642857142855,0.0018599999999999728,0.0005399999999999849,0.0005999999999999339,0.0007200000000000539,0.6774193548387405,0,0,,0,0,0,0,1.1719541048864675,1.1758656117172075,1.1706699999999999,1.16905,1.16986,0,0
2025-09-29T15:00:00+0700,1.17265,1.17328,1.17073,1.17232,7584,0.0025500000000000522,0.0025578571428571356,0.0025500000000000522,0.00032999999999994145,0.0006300000000001305,0.0015899999999999803,0.6235294117646853,0,0,,0,0,0,0,1.1719889520401372,1.1757265681204543,1.1706699999999999,1.16905,1.16986,0,0
2025-09-29T19:00:00+0700,1.17232,1.17506,1.17087,1.17494,8269,0.004189999999999916,0.002763571428571421,0.004189999999999916,0.0026200000000000667,0.00011999999999989797,0.0014499999999999513,0.971360381861599,0,0,,0,0,0,0,1.1722700042267908,1.175695722311809,1.1706699999999999,1.16905,1.16986,0,0
2025-09-29T23:00:00+0700,1.17493,1.1754,1.1722299999999999,1.17289,10103,0.003170000000000117,0.0028350000000000003,0.003170000000000117,0.0020400000000000418,0.00046999999999997044,0.000660000000000105,0.2082018927445049,1,0,,0,0,0,0,1.172329051443287,1.1755856939858558,1.1706699999999999,1.16905,1.16986,0,0
2025-09-30T03:00:00+0700,1.17288,1.17324,1.17198,1.17256,3593,0.0012600000000000389,0.002452142857142871,0.0012600000000000389,0.00031999999999987594,0.000360000000000138,0.0005800000000000249,0.4603174603174659,0,0,,0,0,0,0,1.1723510465439262,1.175467039319744,1.1754,1.16975,1.17289,0,0
2025-09-30T07:00:00+0700,1.17233,1.17319,1.17121,1.17203,3412,0.0019799999999998708,0.002282857142857158,0.0019799999999998708,0.000300000000000189,0.0008599999999998609,0.0008199999999998209,0.4141414141413507,0,0,,0,0,0,0,1.1723204706825998,1.1753322534640678,1.1754,1.16975,1.17289,0,0
2025-09-30T11:00:00+0700,1.17203,1.17282,1.17117,1.17281,4896,0.0016499999999999293,0.0022114285714285786,0.0016499999999999293,0.0007800000000000029,1.0000000000065512e-05,0.0008599999999998609,0.9939393939393539,0,1,,0,0,0,0,1.1723670925223522,1.175233341563516,1.1754,1.16975,1.17289,0,0
2025-09-30T15:00:00+0700,1.17281,1.1761,1.17277,1.17551,8378,0.003329999999999833,0.002344999999999994,0.003329999999999833,0.0027000000000001467,0.0005899999999998684,3.999999999981796e-05,0.8228228228228535,1,0,,0,0,0,0,1.1726664170440328,1.1752441909139664,1.1754,1.16975,1.17289,0,0
2025-09-30T19:00:00+0700,1.17551,1.17578,1.17326,1.17366,7289,0.0025200000000000777,0.002407857142857136,0.0025200000000000777,0.0018500000000001293,0.00026999999999999247,0.00039999999999995595,0.15873015873013635,0,0,,0,0,0,0,1.1727610439922203,1.1751820657800853,1.1754,1.16975,1.17289,1,0
2025-09-30T23:00:00+0700,1.17367,1.17586,1.1716,1.17561,12380,0.0042599999999999305,0.0025735714285714134,0.0042599999999999305,0.0019400000000000528,0.00024999999999986144,0.0020700000000000163,0.9413145539906419,0,1,,0,0,0,0,1.1730323731358183,1.1751988475141997,1.1754,1.16975,1.17289,0,0
2025-10-01T03:00:00+0700,1.17561,1.17609,1.17317,1.17324,4838,0.0029200000000000337,0.00260785714285713,0.0029200000000000337,0.0023699999999999832,0.00048000000000003595,7.00000000000145e-05,0.023972602739730713,1,0,,0,0,0,0,1.1730521471228832,1.1751220299646232,1.1761,1.17117,1.17561,0,0
2025-10-01T07:00:00+0700,1.17319,1.17419,1.17292,1.17355,3228,0.0012700000000001044,0.002507857142857125,0.0012700000000001044,0.000360000000000138,0.0006399999999999739,0.00026999999999999247,0.4960629921260462,0,0,,0,0,0,0,1.1730995616826085,1.1750603817307166,1.1761,1.17117,1.17561,0,0
2025-10-01T11:00:00+0700,1.17355,1.17582,1.17298,1.17577,3662,0.0028400000000001757,0.002594999999999998,0.0028400000000001757,0.0022199999999998887,5.0000000000105516e-05,0.0005700000000001815,0.982394366197147,0,0,,0,0,0,0,1.173353889141408,1.1750882098981394,1.1761,1.17117,1.17561,0,0
2025-10-01T15:00:00+0700,1.17586,1.17782,1.17416,1.17492,11125,0.0036599999999999966,0.002675714285714289,0.0036599999999999966,0.0009399999999999409,0.001960000000000184,0.0007599999999998719,0.20765027322400892,1,0,,0,0,0,0,1.173503042556512,1.1750816134315456,1.1761,1.17117,1.17561,1,0
2025-10-01T19:00:00+0700,1.17495,1.17682,1.17155,1.17486,12017,0.005269999999999886,0.0029192857142857115,0.005269999999999886,8.999999999992347e-05,0.0018700000000000383,0.003309999999999924,0.6280834914610998,0,0,,0,0,0,0,1.173632276598749,1.17507292270874,1.1761,1.17117,1.17561,1,0
2025-10-01T23:00:00+0700,1.17486,1.1763,1.17151,1.1722299999999999,14687,0.00478999999999985,0.003079285714285697,0.00478999999999985,0.0026300000000001322,0.0014399999999998858,0.0007199999999998319,0.15031315240080467,0,1,,0,0,0,0,1.1734987264464871,1.1749614355436913,1.1761,1.17117,1.17561,1,0
2025-10-02T03:00:00+0700,1.1722299999999999,1.17415,1.17212,1.17294,5112,0.0020299999999999763,0.002924999999999987,0.0020299999999999763,0.0007100000000002105,0.0012099999999999334,0.00010999999999983245,0.40394088669953326,0,0,,0,0,0,0,1.1734455144039646,1.1748821635615856,1.17782,1.17151,1.1722299999999999,0,0
2025-10-02T07:00:00+0700,1.17275,1.17367,1.17242,1.17293,3878,0.0012499999999999734,0.0027878571428571197,0.0012499999999999734,0.000180000000000069,0.0007399999999999629,0.00032999999999994145,0.40800000000001707,0,0,,0,0,0,0,1.1733964177940632,1.174805608127798,1.17782,1.17151,1.1722299999999999,0,0
2025-10-02T11:00:00+0700,1.17293,1.17415,1.17233,1.17338,3761,0.0018199999999999328,0.002827857142857112,0.0018199999999999328,0.00045000000000006146,0.0007699999999999374,0.0005999999999999339,0.5769230769230957,0,0,,0,0,0,0,1.1733948541946286,1.174749701926708,1.17782,1.17151,1.1722299999999999,0,0
2025-10-02T15:00:00+0700,1.17338,1.17563,1.17291,1.17531,7567,0.0027200000000000557,0.002880714285714268,0.0027200000000000557,0.0019299999999999873,0.00031999999999987594,0.0004700000000001925,0.8823529411765186,0,0,,0,0,0,0,1.1735772490332355,1.1747716744001704,1.17782,1.17151,1.1722299999999999,0,0
2025-10-02T19:00:00+0700,1.17531,1.17577,1.1734,1.17371,7810,0.0023699999999999832,0.0029321428571428437,0.0023699999999999832,0.0016000000000000458,0.00045999999999990493,0.00031000000000003247,0.13080168776372772,1,0,,0,0,0,0,1.1735898919824512,1.1747300401099676,1.17782,1.17151,1.1722299999999999,0,0
2025-10-02T23:00:00+0700,1.17371,1.17434,1.16827,1.17144,12011,0.00607000000000002,0.0031278571428571427,0.00607000000000002,0.0022699999999999942,0.0006299999999999084,0.003170000000000117,0.5222405271828842,0,1,,0,0,0,0,1.173385140365075,1.1746010189291847,1.17782,1.17151,1.1722299999999999,0,0
2025-10-03T03:00:00+0700,1.17144,1.17261,1.1712,1.17148,4002,0.0014099999999999113,0.0030485714285714166,0.0014099999999999113,4.0000000000040004e-05,0.0011299999999998533,0.00024000000000001798,0.19858156028374155,0,0,,0,0,0,0,1.173203698425544,1.174478626030001,1.17577,1.16827,1.17144,0,0
2025-10-03T07:00:00+0700,1.1713,1.17254,1.17129,1.17237,2809,0.0012499999999999734,0.0028335714285714192,0.0012499999999999734,0.0010699999999999044,0.00017000000000000348,1.0000000000065512e-05,0.8639999999999943,0,0,,0,0,0,0,1.1731242985754922,1.1743959348131383,1.17577,1.16827,1.17144,0,0
2025-10-03T11:00:00+0700,1.17238,1.17289,1.17157,1.17175,4162,0.0013199999999999878,0.002719285714285702,0.0013199999999999878,0.0006299999999999084,0.0005100000000000104,0.000180000000000069,0.1363636363636899,0,0,,0,0,0,0,1.1729934129968738,1.1742921726636035,1.17577,1.16827,1.17144,0,0
2025-10-03T15:00:00+0700,1.17175,1.17442,1.17143,1.17397,6782,0.002990000000000048,0.002842142857142841,0.002990000000000048,0.0022199999999998887,0.00045000000000006146,0.000320000000000098,0.8494983277591792,0,0,,0,0,0,0,1.1730864212828858,1.1742795384415015,1.17577,1.16827,1.17144,0,0
2025-10-03T19:00:00+0700,1.1739600000000001,1.17423,1.17271,1.17388,7106,0.0015200000000001879,0.0027478571428571274,0.0015200000000001879,8.000000000008001e-05,0.00026999999999999247,0.0011700000000001154,0.769736842105244,0,0,,0,0,0,0,1.1731620002083252,1.1742638702673251,1.17577,1.16827,1.17144,0,0
2025-10-03T23:00:00+0700,1.17388,1.17586,1.17322,1.17392,11069,0.0026399999999999757,0.002674999999999983,0.0026399999999999757,4.0000000000040004e-05,0.0019399999999998307,0.000660000000000105,0.2651515151515725,1,0,,0,0,0,0,1.1732341906646753,1.1742503851588026,1.17577,1.16827,1.17144,1,0
2025-10-04T03:00:00+0700,1.17393,1.17439,1.17263,1.1740599999999999,3855,0.0017599999999999838,0.0024242857142857044,0.0017599999999999838,0.00012999999999996348,0.0003300000000001635,0.0012999999999998568,0.8124999999999054,0,0,,0,0,0,0,1.1733128391728016,1.1742429190741437,1.17586,1.1712,1.17392,0,0
2025-10-06T07:00:00+0700,1.1718600000000001,1.17263,1.17058,1.17157,7036,0.0034799999999999276,0.002330714285714281,0.0020500000000001073,0.0002900000000001235,0.0007699999999999374,0.0009900000000000464,0.48292682926829006,0,0,,0,0,0,0,1.1731468544896775,1.174138098718295,1.17439,1.17263,1.1740599999999999,0,0
2025-10-06T11:00:00+0700,1.17159,1.17303,1.17096,1.17197,4961,0.0020700000000000163,0.002333571428571427,0.0020700000000000163,0.00038000000000004697,0.001060000000000061,0.0006299999999999084,0.4879227053139843,0,0,,0,0,0,0,1.1730347731097082,1.1740530752391463,1.17439,1.17263,1.1740599999999999,0,0
2025-10-06T15:00:00+0700,1.17197,1.17246,1.16514,1.16672,11263,0.007319999999999993,0.002767142857142857,0.007319999999999993,0.005249999999999977,0.0004900000000001015,0.0015799999999999148,0.21584699453550768,0,1,,0,0,0,0,1.1724333661468787,1.1737655036611405,1.17439,1.17263,1.1740599999999999,0,0
2025-10-06T19:00:00+0700,1.16672,1.16891,1.16521,1.16885,10023,0.0036999999999998145,0.0029014285714285626,0.0036999999999998145,0.0021299999999999653,5.999999999994898e-05,0.0015099999999999003,0.9837837837837967,0,0,,0,0,0,0,1.1720920931805092,1.1735727388116841,1.17439,1.17263,1.1740599999999999,0,0
2025-10-06T23:00:00+0700,1.16888,1.17205,1.16834,1.17115,9734,0.003710000000000102,0.0029721428571428516,0.003710000000000102,0.0022699999999999942,0.0009000000000001229,0.0005399999999999849,0.7574123989218065,0,0,,0,0,0,0,1.172002370020461,1.1734777294465202,1.17439,1.17263,1.1740599999999999,0,0
2025-10-07T03:00:00+0700,1.17116,1.17164,1.17079,1.17111,3596,0.0008500000000000174,0.002863571428571426,0.0008500000000000174,4.999999999988347e-05,0.00048000000000003595,0.000320000000000098,0.3764705882354017,0,0,,0,0,0,0,1.1719173823994649,1.1733848773113624,1.17303,1.16514,1.17115,0,0
2025-10-07T07:00:00+0700,1.17062,1.17141,1.17037,1.17084,4434,0.001040000000000152,0.0025042857142857206,0.001040000000000152,0.000220000000000109,0.0005699999999999594,0.0002500000000000835,0.451923076923196,0,0,,0,0,0,0,1.171814774551897,1.173285078201113,1.17303,1.16514,1.17115,0,0
2025-10-07T11:00:00+0700,1.17083,1.17083,1.16938,1.16978,3449,0.0014600000000000168,0.0025078571428571567,0.0014499999999999513,0.0010499999999999954,0.0,0.00039999999999995595,0.27586206896549614,0,0,,0,0,0,0,1.1716209864993352,1.1731476241540104,1.17303,1.16514,1.17115,0,0
2025-10-07T15:00:00+0700,1.16978,1.16993,1.16646,1.16655,7213,0.003469999999999862,0.0026664285714285774,0.003469999999999862,0.003230000000000066,0.00014999999999987246,8.999999999992347e-05,0.025936599423610103,0,0,,0,0,0,0,1.1711380354041605,1.1728888937950297,1.17303,1.16514,1.17115,0,0
2025-10-07T19:00:00+0700,1.16655,1.16754,1.16535,1.16665,7789,0.0021899999999999142,0.0027285714285714296,0.0021899999999999142,9.999999999998899e-05,0.0008900000000000574,0.0011999999999998678,0.593607305936031,0,0,,0,0,0,0,1.1707106034609072,1.1726442312932637,1.17303,1.16514,1.17115,0,0
2025-10-07T23:00:00+0700,1.16665,1.16807,1.1654200000000001,1.16696,10803,0.002649999999999819,0.0027042857142856986,0.002649999999999819,0.00031000000000003247,0.0011099999999999444,0.0012299999999998423,0.5811320754716905,0,0,,0,0,0,0,1.170353403131297,1.1724213202621552,1.17303,1.16514,1.17115,0,0
2025-10-08T03:00:00+0700,1.16696,1.16789,1.16472,1.16564,4961,0.003170000000000117,0.0028221428571428364,0.003170000000000117,0.0013199999999999878,0.0009300000000000974,0.0009200000000000319,0.2902208201892738,0,0,,0,0,0,0,1.169904507594983,1.1721553861342275,1.17164,1.16535,1.16696,0,1
2025-10-08T07:00:00+0700,1.16564,1.16607,1.16451,1.16468,2316,0.0015600000000000058,0.0027449999999999814,0.0015600000000000058,0.0009600000000000719,0.00042999999999993044,0.00017000000000000348,0.1089743589743608,0,0,BOS_DN,0,1,0,0,1.1694069354430798,1.1718622337368068,1.17164,1.16535,1.16696,0,0
2025-10-08T11:00:00+0700,1.16468,1.16468,1.16155,1.16188,6171,0.003129999999999855,0.0028428571428571153,0.003129999999999855,0.0027999999999999137,0.0,0.00032999999999994145,0.10543130990413953,0,0,BOS_DN,0,1,0,0,1.1686900844485009,1.1714707735902654,1.17164,1.16535,1.16696,0,0
2025-10-08T15:00:00+0700,1.16188,1.1635,1.16066,1.1614,9140,0.0028399999999999537,0.0027971428571428314,0.0028399999999999537,0.00048000000000003595,0.0016199999999999548,0.0007399999999999629,0.26056338028168136,0,0,BOS_DN,0,1,0,0,1.1679957906915006,1.1710758412926079,1.17164,1.16535,1.16696,0,0
2025-10-08T19:00:00+0700,1.16143,1.16375,1.16055,1.1632,8861,0.0032000000000000917,0.0028778571428571226,0.0032000000000000917,0.0017700000000000493,0.0005500000000000504,0.0008799999999999919,0.8281249999999891,0,0,BOS_DN,0,1,0,0,1.1675390487208817,1.1707669847713291,1.17164,1.16535,1.16696,0,0
2025-10-08T23:00:00+0700,1.1632,1.16443,1.1598,1.1604700000000001,10507,0.004630000000000134,0.0026857142857142752,0.004630000000000134,0.002729999999999899,0.0012300000000000644,0.0006700000000001705,0.14470842332616654,1,1,,0,0,0,0,1.1668658059855597,1.1703631814469633,1.17164,1.16535,1.16696,0,0
2025-10-09T03:00:00+0700,1.1605,1.16319,1.15991,1.16272,6079,0.0032799999999999496,0.002655714285714285,0.0032799999999999496,0.0022199999999998887,0.00046999999999997044,0.0005900000000000905,0.8567073170731775,0,0,,0,0,0,0,1.1664709673202682,1.1700634488412,1.16789,1.1598,1.1604700000000001,0,0
2025-10-09T07:00:00+0700,1.16226,1.16406,1.16206,1.16365,4419,0.0020000000000000018,0.0025335714285714206,0.0020000000000000018,0.0013900000000000023,0.00041000000000002146,0.00019999999999997797,0.7949999999999895,0,0,,0,0,0,0,1.1662023037659568,1.1698119410435062,1.16789,1.1598,1.1604700000000001,0,0
2025-10-09T11:00:00+0700,1.16365,1.16473,1.1635900000000001,1.1645,4601,0.0011399999999999189,0.0025542857142856995,0.0011399999999999189,0.0008500000000000174,0.00022999999999995246,5.999999999994898e-05,0.7982456140351151,0,0,CHOCH_UP,0,0,1,0,1.1660401795977704,1.1696036296300354,1.16789,1.1598,1.1604700000000001,0,0
2025-10-09T15:00:00+0700,1.1645,1.16476,1.16026,1.1611799999999999,8945,0.0044999999999999485,0.002801428571428542,0.0044999999999999485,0.0033200000000002117,0.00025999999999992696,0.0009199999999998099,0.20444444444440454,1,0,,0,0,0,0,1.1655773053503637,1.1692732912131714,1.16789,1.1598,1.1604700000000001,0,0
2025-10-09T19:00:00+0700,1.1612,1.16268,1.1604700000000001,1.16145,9917,0.0022099999999998232,0.002854999999999957,0.0022099999999998232,0.0002500000000000835,0.0012299999999998423,0.0007299999999998974,0.44343891402717617,0,0,,0,0,0,0,1.1651842286503291,1.1689664954793215,1.16789,1.1598,1.1604700000000001,0,0
2025-10-09T23:00:00+0700,1.16145,1.16228,1.15467,1.15575,15746,0.007609999999999895,0.003150714285714245,0.007609999999999895,0.005700000000000038,0.0008299999999998864,0.0010799999999999699,0.14191852825229762,0,0,CHOCH_DN,0,0,0,1,1.1642857306836312,1.168448201538956,1.16789,1.1598,1.1604700000000001,0,0
2025-10-10T03:00:00+0700,1.15575,1.15664,1.15416,1.15629,6658,0.0024799999999998157,0.0031714285714285234,0.0024799999999998157,0.0005399999999999849,0.00034999999999985043,0.0015899999999999803,0.8588709677419853,0,1,,0,0,0,0,1.1635242325232853,1.167971409321742,1.16476,1.15467,1.15575,0,1
2025-10-10T07:00:00+0700,1.15527,1.15701,1.15527,1.15672,3325,0.0017400000000000748,0.0031064285714285417,0.0017400000000000748,0.0014499999999999513,0.0002900000000001235,0.0,0.8333333333332695,0,0,,0,0,0,0,1.1628762103782107,1.1675301775836344,1.16476,1.15467,1.15575,0,0
2025-10-10T11:00:00+0700,1.15672,1.15736,1.1562000000000001,1.15731,3959,0.0011599999999998278,0.0029628571428570926,0.0011599999999998278,0.0005900000000000905,4.999999999988347e-05,0.0005199999999998539,0.9568965517242319,0,0,,0,0,0,0,1.1623460951040954,1.1671293863058447,1.16476,1.15467,1.15575,0,0
2025-10-10T15:00:00+0700,1.15731,1.1589,1.15605,1.15784,8718,0.002850000000000019,0.0030549999999999506,0.002850000000000019,0.0005299999999999194,0.001060000000000061,0.0012600000000000389,0.6280701754385777,0,0,,0,0,0,0,1.1619169431894196,1.1667650966467922,1.16476,1.15467,1.15575,0,0
2025-10-10T19:00:00+0700,1.15784,1.1583,1.15588,1.15714,8535,0.0024200000000000887,0.0030042857142856816,0.0024200000000000887,0.0006999999999999229,0.000460000000000127,0.0012600000000000389,0.5206611570247903,0,1,,0,0,0,0,1.1614619962189987,1.1663876418763297,1.16476,1.15467,1.15575,0,0
2025-10-10T23:00:00+0700,1.1571500000000001,1.1630099999999999,1.15614,1.16053,16239,0.006869999999999932,0.003292142857142823,0.006869999999999932,0.0033799999999999386,0.0024799999999998157,0.0010100000000001774,0.6390101892285531,1,0,,0,0,0,0,1.1613732346743322,1.1661579304301992,1.16476,1.15467,1.15575,0,0
2025-10-11T03:00:00+0700,1.16052,1.16273,1.15965,1.16173,6612,0.0030799999999999716,0.0032835714285713857,0.0030799999999999716,0.0012099999999999334,0.001000000000000112,0.0008699999999999264,0.675324675324636,0,0,,0,0,0,0,1.1614072123243957,1.1659842860996033,1.1630099999999999,1.15416,1.16053,0,0
2025-10-13T07:00:00+0700,1.16106,1.16154,1.15916,1.16153,6581,0.002569999999999961,0.003136428571428516,0.0023800000000000487,0.00046999999999997044,1.0000000000065512e-05,0.0019000000000000128,0.9957983193277037,0,0,,0,0,0,0,1.161418906388739,1.1658096082133445,1.16273,1.15965,1.16173,0,1
2025-10-13T11:00:00+0700,1.16165,1.16271,1.16093,1.16198,5150,0.0017799999999998928,0.003029285714285655,0.0017799999999998928,0.00032999999999994145,0.0007299999999998974,0.0007200000000000539,0.5898876404494712,0,0,,0,0,0,0,1.1614723438755257,1.1656594274990957,1.16273,1.15965,1.16173,0,0
2025-10-13T15:00:00+0700,1.16199,1.16293,1.15811,1.1585,9610,0.0048200000000000465,0.0032307142857142296,0.0048200000000000465,0.003489999999999993,0.0009399999999999409,0.0003900000000001125,0.08091286307056197,1,0,,0,0,0,0,1.161189263506428,1.165378665636386,1.16273,1.15965,1.16173,1,0
2025-10-13T19:00:00+0700,1.1585,1.15977,1.15613,1.1568100000000001,8768,0.0036399999999998656,0.0034092857142856542,0.0036399999999998656,0.0016899999999999693,0.0012699999999998823,0.0006800000000000139,0.18681318681319753,0,0,,0,0,0,0,1.16077219079153,1.1650426395329985,1.16273,1.15965,1.16173,0,0
2025-10-13T23:00:00+0700,1.1568,1.15787,1.15571,1.15749,9400,0.0021599999999999397,0.003242142857142797,0.0021599999999999397,0.0006899999999998574,0.00038000000000004697,0.0010900000000000354,0.8240740740740474,0,0,,0,0,0,0,1.1604596011923367,1.164746457590528,1.16273,1.15965,1.16173,0,0
2025-10-14T03:00:00+0700,1.15749,1.15772,1.15646,1.1569,3810,0.0012600000000000389,0.003174285714285669,0.0012600000000000389,0.0005899999999998684,0.0002300000000001745,0.00043999999999999595,0.3492063492063352,0,0,,0,0,0,0,1.1601205915549713,1.1644387533712917,1.16293,1.15571,1.15749,0,0
2025-10-14T07:00:00+0700,1.15668,1.15733,1.15545,1.15606,3510,0.0018799999999998818,0.002764999999999954,0.0018799999999998818,0.0006199999999998429,0.0006500000000000394,0.0006099999999999994,0.32446808510640307,0,0,,0,0,0,0,1.159733868549736,1.1641101748077116,1.16293,1.15571,1.15749,0,1
2025-10-14T11:00:00+0700,1.15608,1.15921,1.15602,1.15914,5212,0.003190000000000026,0.0028157142857142547,0.003190000000000026,0.0030600000000000627,7.00000000000145e-05,5.999999999994898e-05,0.9780564263322841,0,0,,0,0,0,0,1.1596773096402373,1.163915265991723,1.16293,1.15571,1.15749,0,0
2025-10-14T15:00:00+0700,1.15914,1.15932,1.15419,1.15584,12480,0.005129999999999857,0.003057857142857096,0.005129999999999857,0.0033000000000000806,0.00017999999999984695,0.0016499999999999293,0.32163742690058,0,1,,0,0,0,0,1.1593118515792622,1.1635985888940084,1.16293,1.15571,1.15749,0,1
2025-10-14T19:00:00+0700,1.15584,1.15647,1.15458,1.15552,10594,0.0018900000000001693,0.003109999999999978,0.0018900000000001693,0.00031999999999987594,0.0006300000000001305,0.0009400000000001629,0.497354497354539,0,0,,0,0,0,0,1.1589507228574276,1.1632817814864003,1.16293,1.15571,1.15749,0,0
2025-10-14T23:00:00+0700,1.15552,1.16143,1.15539,1.16088,15140,0.006040000000000045,0.0033378571428571225,0.006040000000000045,0.005359999999999809,0.0005500000000000504,0.00013000000000018552,0.9089403973509858,1,0,,0,0,0,0,1.1591344635376726,1.1631875939771297,1.16293,1.15571,1.15749,0,1
2025-10-15T03:00:00+0700,1.16083,1.16117,1.15994,1.16066,6146,0.0012300000000000644,0.0032528571428571207,0.0012300000000000644,0.00017000000000000348,0.00034000000000000696,0.0007200000000000539,0.5853658536585498,0,0,,0,0,0,0,1.1592797527245609,1.1630884726446933,1.16143,1.15419,1.16088,0,0
2025-10-15T07:00:00+0700,1.16048,1.16136,1.16013,1.161,3191,0.0012299999999998423,0.0028499999999999715,0.0012299999999998423,0.000520000000000076,0.00035999999999991594,0.00034999999999985043,0.7073170731707625,0,0,,0,0,0,0,1.1594435857984122,1.163006571756666,1.16143,1.15419,1.16088,0,0
2025-10-15T11:00:00+0700,1.161,1.16254,1.16066,1.16178,5435,0.0018799999999998818,0.0027642857142856797,0.0018799999999998818,0.0007800000000000029,0.0007599999999998719,0.00034000000000000696,0.5957446808511065,0,0,CHOCH_UP,0,0,1,0,1.1596661014366587,1.1629584709034635,1.16143,1.15419,1.16088,0,0
2025-10-15T15:00:00+0700,1.16178,1.16448,1.16171,1.16321,8651,0.002769999999999939,0.002778571428571392,0.002769999999999939,0.0014300000000000423,0.0012699999999998823,7.00000000000145e-05,0.5415162454873971,0,0,BOS_UP,1,0,0,0,1.1600036155855484,1.1629683347896023,1.16143,1.15419,1.16088,0,0
2025-10-15T19:00:00+0700,1.1632,1.16388,1.16133,1.16172,8304,0.0025500000000000522,0.0028335714285714036,0.0025500000000000522,0.0014799999999999258,0.0006800000000000139,0.0003900000000001125,0.15294117647062921,0,0,BOS_UP,1,0,0,0,1.1601670807678772,1.1629193804841276,1.16143,1.15419,1.16088,0,0
2025-10-15T23:00:00+0700,1.16172,1.16466,1.161,1.1639599999999999,12107,0.0036599999999999966,0.002750714285714257,0.0036599999999999966,0.0022399999999997977,0.000700000000000145,0.0007200000000000539,0.8087431693988674,0,1,BOS_UP,1,0,0,0,1.1605283111709364,1.1629601890925931,1.16143,1.15419,1.16088,0,0
2025-10-16T03:00:00+0700,1.1639599999999999,1.16472,1.16265,1.16458,5848,0.0020700000000000163,0.0026385714285714107,0.0020700000000000163,0.0006200000000000649,0.000140000000000029,0.0013099999999999223,0.9323671497584406,0,0,BOS_UP,1,0,0,0,1.1609141862975139,1.163023711088962,1.16466,1.15994,1.1639599999999999,1,0
2025-10-16T07:00:00+0700,1.16419,1.16665,1.16406,1.16627,4041,0.00258999999999987,0.0026692857142856913,0.00258999999999987,0.0020799999999998597,0.00038000000000004697,0.00012999999999996348,0.8532818532818278,0,0,BOS_UP,1,0,0,0,1.1614242637929888,1.1631510165364538,1.16466,1.15994,1.1639599999999999,0,0
2025-10-16T11:00:00+0700,1.16629,1.16748,1.16553,1.16557,5933,0.0019500000000001183,0.0027185714285714114,0.0019500000000001183,0.0007200000000000539,0.0011900000000000244,4.0000000000040004e-05,0.020512820512839782,1,0,,0,0,0,0,1.1618190958127042,1.1632458786330635,1.16466,1.15994,1.1639599999999999,0,0
2025-10-16T15:00:00+0700,1.16555,1.16675,1.16426,1.16585,9555,0.002489999999999881,0.00276214285714284,0.002489999999999881,0.00029999999999996696,0.0008999999999999009,0.0012900000000000134,0.6385542168674925,0,0,,0,0,0,0,1.1622029914495895,1.16334800103961,1.16466,1.15994,1.1639599999999999,0,0
2025-10-16T19:00:00+0700,1.16585,1.16635,1.1645699999999999,1.16601,9464,0.0017800000000001148,0.0026614285714285607,0.0017800000000001148,0.00015999999999993797,0.00034000000000000696,0.0012800000000001699,0.8089887640449522,0,0,,0,0,0,0,1.1625655636924856,1.1634523931557037,1.16466,1.15994,1.1639599999999999,0,0
2025-10-16T23:00:00+0700,1.16605,1.16785,1.16496,1.16765,12532,0.002890000000000059,0.002501428571428575,0.002890000000000059,0.0016000000000000458,0.00019999999999997797,0.0010900000000000354,0.9307958477508741,0,0,BOS_UP,1,0,0,0,1.1630497957217727,1.1636170051888133,1.16466,1.15994,1.1639599999999999,0,0
2025-10-17T03:00:00+0700,1.16765,1.16936,1.16763,1.16861,7803,0.0017300000000000093,0.0024899999999999922,0.0017300000000000093,0.0009599999999998499,0.0007500000000000284,2.0000000000131024e-05,0.5664739884392923,0,0,BOS_UP,1,0,0,0,1.1635793389863658,1.163812808906899,1.16785,1.16265,1.16765,0,0
2025-10-17T07:00:00+0700,1.16821,1.17109,1.1682,1.17063,3834,0.002890000000000059,0.002264999999999993,0.002890000000000059,0.0024200000000000887,0.00045999999999990493,1.0000000000065512e-05,0.8408304498270258,0,0,BOS_UP,1,0,0,0,1.1642508305114738,1.1640801497340796,1.16785,1.16265,1.16765,0,0
2025-10-17T11:00:00+0700,1.17062,1.17119,1.16948,1.17095,5912,0.0017099999999998783,0.0022992857142856943,0.0017099999999998783,0.00032999999999994145,0.00024000000000001798,0.0011399999999999189,0.859649122806997,0,0,BOS_UP,1,0,0,0,1.164888846653238,1.1643495556268608,1.16785,1.16265,1.16765,0,0
2025-10-17T15:00:00+0700,1.17095,1.17279,1.16911,1.16968,12170,0.0036799999999999056,0.002474285714285699,0.0036799999999999056,0.0012699999999998823,0.0018400000000000638,0.0005699999999999594,0.15489130434781903,1,0,,0,0,0,0,1.1653451469719773,1.1645585926611015,1.16785,1.16265,1.16765,0,0
2025-10-17T19:00:00+0700,1.16968,1.17072,1.16665,1.16759,10879,0.004070000000000018,0.00263071428571428,0.004070000000000018,0.0020900000000001473,0.0010399999999999299,0.0009399999999999409,0.2309582309582154,0,0,,0,0,0,0,1.1655589424984558,1.164677471380274,1.16785,1.16265,1.16765,1,0
2025-10-17T23:00:00+0700,1.16759,1.1681,1.16562,1.16704,12423,0.0024799999999998157,0.002609999999999985,0.0024799999999998157,0.0005499999999998284,0.0005100000000000104,0.0014199999999999768,0.5725806451613236,0,0,,0,0,0,0,1.165699995593841,1.16477011956144,1.16785,1.16265,1.16765,1,0
2025-10-18T03:00:00+0700,1.16704,1.16753,1.16491,1.16492,5551,0.0026200000000000667,0.0026149999999999863,0.0026200000000000667,0.002120000000000122,0.0004899999999998794,1.0000000000065512e-05,0.0038167938931546784,0,1,,0,0,0,0,1.1656257102991894,1.1647759972256972,1.17279,1.16562,1.16704,0,0
2025-10-20T07:00:00+0700,1.16621,1.16661,1.16513,1.1666,4126,0.0016899999999999693,0.002474285714285699,0.0014799999999999258,0.0003900000000001125,9.999999999843467e-06,0.0010799999999999699,0.9932432432433487,0,0,,0,0,0,0,1.1657184997945047,1.1648475267462581,1.16753,1.16491,1.16492,0,0
2025-10-20T11:00:00+0700,1.16661,1.1673499999999999,1.16561,1.16709,4095,0.0017399999999998528,0.0024507142857142583,0.0017399999999998528,0.00048000000000003595,0.00025999999999992696,0.0009999999999998899,0.8505747126437075,0,0,,0,0,0,0,1.1658491188616948,1.1649354668738559,1.16753,1.16491,1.16492,0,0
2025-10-20T15:00:00+0700,1.16709,1.1675,1.16532,1.1663000000000001,7666,0.0021800000000000708,0.0024214285714285583,0.0021800000000000708,0.0007899999999998464,0.00041000000000002146,0.000980000000000203,0.44954128440374824,1,0,,0,0,0,0,1.1658920599224858,1.1649889779768419,1.16753,1.16491,1.16492,0,0
2025-10-20T19:00:00+0700,1.1663000000000001,1.16672,1.16439,1.16529,8929,0.0023299999999999432,0.0024485714285714033,0.0023299999999999432,0.0010100000000001774,0.0004199999999998649,0.0008999999999999009,0.38626609442056775,0,0,,0,0,0,0,1.165834720882249,1.1650007827620639,1.16753,1.16491,1.16492,0,1
2025-10-20T23:00:00+0700,1.1653,1.1663999999999999,1.1646,1.16493,8524,0.0017999999999998018,0.0023992857142856833,0.0017999999999998018,0.00036999999999998145,0.0010999999999998789,0.00032999999999994145,0.183333333333321,0,0,,0,0,0,0,1.1657485569887014,1.1649980069674732,1.16753,1.16491,1.16492,0,1
2025-10-21T03:00:00+0700,1.1649,1.16525,1.16378,1.16397,3922,0.0014699999999998603,0.0023771428571428077,0.0014699999999998603,0.0009300000000000974,0.00034999999999985043,0.00018999999999991246,0.12925170068022485,0,0,CHOCH_DN,0,0,0,1,1.1655791706088252,1.1649576929687488,1.1675,1.16439,1.16493,0,0
2025-10-21T07:00:00+0700,1.16397,1.16547,1.16392,1.16526,2641,0.0015499999999999403,0.0022814285714285137,0.0015499999999999403,0.0012900000000000134,0.00021000000000004349,4.999999999988347e-05,0.8645161290322247,0,0,,0,0,0,0,1.1655487734079848,1.164969548146445,1.1675,1.16439,1.16493,0,1
2025-10-21T11:00:00+0700,1.16526,1.16526,1.16315,1.16354,4890,0.0021100000000000563,0.0023085714285713743,0.0021100000000000563,0.0017199999999999438,0.0,0.0003900000000001125,0.1848341232227972,0,0,BOS_DN,0,1,0,0,1.1653574616548434,1.1649134874348197,1.1675,1.16439,1.16493,0,0
2025-10-21T15:00:00+0700,1.16355,1.16372,1.16123,1.16207,8699,0.0024900000000001032,0.0022799999999999487,0.0024900000000001032,0.0014800000000001479,0.00017000000000000348,0.0008399999999999519,0.3373493975903281,0,0,BOS_DN,0,1,0,0,1.165044370068668,1.1648019781236505,1.1675,1.16439,1.16493,0,0
2025-10-21T19:00:00+0700,1.16208,1.16266,1.16015,1.16107,10103,0.0025100000000000122,0.0023371428571428154,0.0025100000000000122,0.0010099999999999554,0.0005800000000000249,0.0009200000000000319,0.3665338645418436,0,0,BOS_DN,0,1,0,0,1.1646658586335568,1.1646556260403702,1.1675,1.16439,1.16493,0,0
2025-10-21T23:00:00+0700,1.16106,1.16241,1.15973,1.16085,12476,0.0026800000000000157,0.002265714285714252,0.0026800000000000157,0.00021000000000004349,0.0013499999999999623,0.0011200000000000099,0.4179104477611953,0,1,,0,0,0,0,1.1643024435255989,1.164506385803493,1.1675,1.16439,1.16493,0,0
2025-10-22T03:00:00+0700,1.16084,1.16097,1.15981,1.15982,4494,0.0011600000000000499,0.0020578571428571113,0.0011600000000000499,0.0010200000000000209,0.00012999999999996348,1.0000000000065512e-05,0.00862068965522852,0,0,,0,0,0,0,1.1638755441422086,1.164322605968062,1.16547,1.15973,1.16085,0,0
2025-10-22T07:00:00+0700,1.15982,1.16074,1.15975,1.1604,2772,0.0009900000000000464,0.0019514285714285564,0.0009900000000000464,0.0005800000000000249,0.00034000000000000696,7.00000000000145e-05,0.6565656565656657,0,0,,0,0,0,0,1.1635445399381887,1.16416877828304,1.16547,1.15973,1.16085,0,0
2025-10-22T11:00:00+0700,1.16042,1.16104,1.16009,1.16086,3386,0.0009500000000000064,0.0018321428571428378,0.0009500000000000064,0.00043999999999999595,0.000180000000000069,0.00032999999999994145,0.8105263157894024,0,0,,0,0,0,0,1.163288869467885,1.1640390222719406,1.16547,1.15973,1.16085,0,0
2025-10-22T15:00:00+0700,1.16086,1.16153,1.15894,1.15971,8276,0.00258999999999987,0.001896428571428545,0.00258999999999987,0.0011499999999999844,0.0006699999999999484,0.0007699999999999374,0.29729729729728804,0,0,BOS_DN,0,1,0,0,1.1629480247566577,1.1638692566926487,1.16547,1.15973,1.16085,0,0
2025-10-22T19:00:00+0700,1.1597,1.16016,1.15764,1.15826,8143,0.0025200000000000777,0.0019521428571428467,0.0025200000000000777,0.0014399999999998858,0.000460000000000127,0.0006200000000000649,0.24603174603176423,0,1,,0,0,0,0,1.1625015462084047,1.1636492858419567,1.16547,1.15973,1.16085,0,0
2025-10-22T23:00:00+0700,1.15826,1.1622,1.1581299999999999,1.16191,10839,0.004070000000000018,0.002087142857142843,0.004070000000000018,0.003649999999999931,0.00028999999999990145,0.00013000000000018552,0.9287469287469533,1,0,,0,0,0,0,1.1624452084742711,1.1635810785540368,1.16547,1.15973,1.16085,0,1
2025-10-23T03:00:00+0700,1.1619,1.162,1.16044,1.1608100000000001,4501,0.0015600000000000058,0.0020321428571428474,0.0015600000000000058,0.0010899999999998133,9.999999999998899e-05,0.0003700000000002035,0.23717948717961673,0,0,,0,0,0,0,1.1622894743338643,1.1634724088068198,1.1622,1.15764,1.16191,0,0
2025-10-23T07:00:00+0700,1.16072,1.1614,1.15972,1.16037,2779,0.0016799999999999038,0.0020235714285714262,0.0016799999999999038,0.0003500000000000725,0.0006800000000000139,0.0006499999999998174,0.3869047619046754,0,0,,0,0,0,0,1.1621066672544487,1.1633507457163563,1.1622,1.15764,1.16191,0,0
2025-10-23T11:00:00+0700,1.16039,1.16051,1.15901,1.15983,3316,0.0014999999999998348,0.0020257142857142813,0.0014999999999998348,0.000560000000000116,0.00011999999999989797,0.0008199999999998209,0.5466666666666075,0,0,,0,0,0,0,1.1618898418016441,1.1632126772568916,1.1622,1.15764,1.16191,0,0
2025-10-23T15:00:00+0700,1.15983,1.1605699999999999,1.15902,1.1595900000000001,6290,0.0015499999999999403,0.0020257142857142813,0.0015499999999999403,0.00023999999999979593,0.0007399999999999629,0.0005700000000001815,0.3677419354840022,0,0,,0,0,0,0,1.1616708092491066,1.1630706114821114,1.1622,1.15764,1.16191,0,0
2025-10-23T19:00:00+0700,1.15958,1.16055,1.1585,1.16001,6289,0.0020499999999998852,0.002021428571428555,0.0020499999999998852,0.00042999999999993044,0.0005399999999999849,0.0010799999999999699,0.7365853658536511,0,1,,0,0,0,0,1.161512636939668,1.1629505875024209,1.1622,1.15764,1.16191,0,0
2025-10-23T23:00:00+0700,1.16001,1.16194,1.15977,1.16063,8849,0.0021700000000000053,0.001998571428571405,0.0021700000000000053,0.0006200000000000649,0.0013099999999999223,0.00024000000000001798,0.3963133640553368,0,0,,0,0,0,0,1.1614285762787473,1.1628595840709535,1.1622,1.15764,1.16191,0,0
2025-10-24T03:00:00+0700,1.16063,1.16196,1.16039,1.16166,3741,0.0015700000000000713,0.0019314285714285523,0.0015700000000000713,0.0010299999999998644,0.000300000000000189,0.00024000000000001798,0.8089171974521175,0,0,,0,0,0,0,1.1614506166331522,1.1628125415583672,1.162,1.1585,1.16063,0,0
2025-10-24T07:00:00+0700,1.1614,1.16211,1.16129,1.16175,2335,0.0008200000000000429,0.0017985714285714113,0.0008200000000000429,0.0003500000000000725,0.00035999999999991594,0.0001100000000000545,0.5609756097562231,0,0,,0,0,0,0,1.1614791293347566,1.1627708732619606,1.162,1.1585,1.16063,1,0
2025-10-24T11:00:00+0700,1.16175,1.16182,1.16052,1.16072,3239,0.0013000000000000789,0.0018085714285714133,0.0013000000000000789,0.0010300000000000864,7.00000000000145e-05,0.00019999999999997797,0.15384615384612757,0,0,,0,0,0,0,1.1614068313028751,1.1626904468595307,1.162,1.1585,1.16063,0,0
2025-10-24T15:00:00+0700,1.16072,1.1627399999999999,1.16004,1.16096,7255,0.0026999999999999247,0.0019307142857142618,0.0026999999999999247,0.00024000000000001798,0.0017799999999998928,0.0006800000000000139,0.34074074074076205,0,1,,0,0,0,0,1.1613642759406966,1.1626225861983728,1.162,1.1585,1.16063,1,0
2025-10-24T19:00:00+0700,1.1609,1.16475,1.16049,1.16337,8579,0.0042599999999999305,0.002167142857142828,0.0042599999999999305,0.0024699999999999722,0.0013799999999999368,0.00041000000000002146,0.6760563380281785,1,0,,0,0,0,0,1.1615552972796779,1.1626518965435348,1.162,1.1585,1.16063,0,0
2025-10-24T23:00:00+0700,1.16337,1.1643,1.16177,1.16251,11038,0.002529999999999921,0.002162857142857117,0.002529999999999921,0.0008600000000000829,0.0009299999999998754,0.0007399999999999629,0.2924901185770695,0,0,,0,0,0,0,1.1616462213482799,1.1626463319732003,1.162,1.1585,1.16063,0,0
2025-10-25T03:00:00+0700,1.1625,1.16355,1.16202,1.16248,3950,0.0015300000000000313,0.002092142857142828,0.0015300000000000313,2.0000000000131024e-05,0.0010499999999999954,0.00045999999999990493,0.30065359477117354,0,0,,0,0,0,0,1.16172562883892,1.162639809150722,1.16475,1.16004,1.16251,0,0
2025-10-27T07:00:00+0700,1.16339,1.16371,1.16229,1.16344,3844,0.0014199999999999768,0.001902857142857111,0.0014199999999999768,5.0000000000105516e-05,0.00026999999999999247,0.0010999999999998789,0.8098591549295797,0,0,,0,0,0,0,1.1618889022828323,1.162671189184027,1.16355,1.16202,1.16248,1,0
2025-10-27T11:00:00+0700,1.16343,1.16472,1.16204,1.16239,3414,0.0026800000000000157,0.0019828571428571118,0.0026800000000000157,0.0010399999999999299,0.0012900000000000134,0.0003500000000000725,0.1305970149253994,0,0,,0,0,0,0,1.1619366258749435,1.1626601621572021,1.16355,1.16202,1.16248,1,0
2025-10-27T15:00:00+0700,1.16239,1.16327,1.16172,1.16277,5990,0.0015499999999999403,0.0019735714285714,0.0015499999999999403,0.00038000000000004697,0.0004999999999999449,0.0006699999999999484,0.6774193548387328,0,1,,0,0,0,0,1.1620159948392346,1.1626644695235864,1.16355,1.16202,1.16248,0,1
2025-10-27T19:00:00+0700,1.16276,1.1651,1.16256,1.16408,7153,0.0025399999999999867,0.002047857142857125,0.0025399999999999867,0.0013199999999999878,0.0010200000000000209,0.00019999999999997797,0.5984251968503834,0,0,,0,0,0,0,1.1622125667593073,1.1627199805226616,1.16355,1.16202,1.16248,0,0
2025-10-27T23:00:00+0700,1.16408,1.16425,1.1631,1.16381,7525,0.0011499999999999844,0.0020192857142856996,0.0011499999999999844,0.00026999999999999247,0.00017000000000000348,0.0007099999999999884,0.6173913043478244,0,0,,0,0,0,0,1.162364703258421,1.1627627263845182,1.16355,1.16202,1.16248,0,0
2025-10-28T03:00:00+0700,1.16382,1.16516,1.16346,1.16428,3989,0.0017000000000000348,0.00199428571428571,0.0017000000000000348,0.00045999999999990493,0.0008799999999999919,0.000360000000000138,0.48235294117648597,0,0,,0,0,0,0,1.162547112471905,1.1628222273106155,1.1651,1.16172,1.16381,1,0
2025-10-28T07:00:00+0700,1.16429,1.16585,1.16428,1.16551,3108,0.0015700000000000713,0.0019514285714285723,0.0015700000000000713,0.0012199999999999989,0.00034000000000000696,1.0000000000065512e-05,0.7834394904458652,0,0,CHOCH_UP,0,0,1,0,1.1628292922364853,1.1629276301611797,1.1651,1.16172,1.16381,0,0
2025-10-28T11:00:00+0700,1.1655,1.1667,1.16535,1.16657,4314,0.0013499999999999623,0.0019357142857142787,0.0013499999999999623,0.0010700000000001264,0.00012999999999996348,0.00014999999999987246,0.9037037037037281,0,0,BOS_UP,1,0,0,0,1.163185550118725,1.1630704681940747,1.1651,1.16172,1.16381,0,0
2025-10-28T15:00:00+0700,1.16658,1.16675,1.1648100000000001,1.16517,6516,0.0019399999999998307,0.0020157142857142635,0.0019399999999998307,0.0014099999999999113,0.00017000000000000348,0.00035999999999991594,0.1855670103092512,1,0,,0,0,0,0,1.163374545345513,1.1631528027746993,1.1651,1.16172,1.16381,0,0
2025-10-28T19:00:00+0700,1.16515,1.16645,1.16346,1.16397,6675,0.002990000000000048,0.002136428571428547,0.002990000000000048,0.0011799999999999589,0.0013000000000000789,0.0005100000000000104,0.17056856187291045,0,0,,0,0,0,0,1.1634312553126072,1.163184849724711,1.1651,1.16172,1.16381,1,0
2025-10-28T23:00:00+0700,1.16397,1.16673,1.16251,1.16673,10145,0.0042200000000001125,0.002244999999999989,0.0042200000000001125,0.0027600000000000957,0.0,0.0014600000000000168,1.0,0,1,,0,0,0,0,1.1637454214733114,1.163323875225703,1.1651,1.16172,1.16381,0,0
2025-10-29T03:00:00+0700,1.1667399999999999,1.16683,1.16505,1.16506,4781,0.0017800000000001148,0.002067857142857145,0.0017800000000001148,0.0016799999999999038,9.000000000014552e-05,1.0000000000065512e-05,0.00561797752812633,1,0,,0,0,0,0,1.1638706194282342,1.1633919585501853,1.16675,1.16251,1.16673,1,0
2025-10-29T07:00:00+0700,1.16496,1.16604,1.16478,1.16538,3620,0.0012600000000000389,0.001977142857142868,0.0012600000000000389,0.00042000000000008697,0.0006599999999998829,0.000180000000000069,0.4761904761905853,0,0,,0,0,0,0,1.1640143699588785,1.163469920959982,1.16675,1.16251,1.16673,0,0
2025-10-29T11:00:00+0700,1.16538,1.16554,1.16311,1.16336,4148,0.002429999999999932,0.002041428571428575,0.002429999999999932,0.002020000000000133,0.00015999999999993797,0.00024999999999986144,0.10288065843615984,0,0,,0,0,0,0,1.1639520490104138,1.1634656103341003,1.16675,1.16251,1.16673,0,0
2025-10-29T15:00:00+0700,1.16336,1.16374,1.16227,1.16227,6114,0.0014700000000000824,0.0020450000000000112,0.0014700000000000824,0.0010900000000000354,0.00038000000000004697,0.0,0.0,0,0,CHOCH_DN,0,0,0,1,1.163791853866565,1.1634187236543316,1.16675,1.16251,1.16673,0,0
2025-10-29T19:00:00+0700,1.16227,1.16483,1.16183,1.16334,7277,0.0030000000000001137,0.0020678571428571608,0.0030000000000001137,0.0010700000000001264,0.0014899999999999913,0.00043999999999999595,0.5033333333333551,0,0,,0,0,0,0,1.1637488201649873,1.163415636452201,1.16675,1.16251,1.16673,0,1
2025-10-29T23:00:00+0700,1.16334,1.16655,1.16311,1.16567,9227,0.0034399999999998876,0.002202857142857157,0.0034399999999998876,0.0023299999999999432,0.0008799999999999919,0.00022999999999995246,0.7441860465116219,1,0,,0,0,0,0,1.1639317896730836,1.16350404286584,1.16675,1.16251,1.16673,0,0
2025-10-30T03:00:00+0700,1.16567,1.16585,1.15772,1.15994,14224,0.00812999999999997,0.00260214285714287,0.00812999999999997,0.005730000000000013,0.000180000000000069,0.0022199999999998887,0.2730627306272936,0,1,,0,0,0,0,1.1635516192280282,1.1633642764789445,1.16683,1.16183,1.16567,0,0
2025-10-30T07:00:00+0700,1.15997,1.16149,1.15964,1.16115,3100,0.0018499999999999073,0.0026521428571428646,0.0018499999999999073,0.0011799999999999589,0.00034000000000000696,0.00032999999999994145,0.8162162162162032,0,0,,0,0,0,0,1.1633228935872637,1.1632774421072212,1.16683,1.16183,1.16567,0,0
2025-10-30T11:00:00+0700,1.16115,1.16369,1.16065,1.16315,6970,0.0030399999999999316,0.002747857142857143,0.0030399999999999316,0.0020000000000000018,0.0005399999999999849,0.0004999999999999449,0.8223684210526325,0,0,,0,0,0,0,1.1633064275313336,1.1632724443775262,1.16683,1.16183,1.16567,0,1
2025-10-30T15:00:00+0700,1.16315,1.16336,1.16065,1.16165,8456,0.00270999999999999,0.0028292857142857087,0.00270999999999999,0.0014999999999998348,0.00021000000000004349,0.001000000000000112,0.369003690036943,0,0,,0,0,0,0,1.1631486725283495,1.1632088191078194,1.16683,1.16183,1.16567,0,0
2025-10-30T19:00:00+0700,1.16165,1.16279,1.15528,1.15545,9205,0.007509999999999906,0.0032692857142857046,0.007509999999999906,0.006199999999999983,0.0011399999999999189,0.00017000000000000348,0.022636484687084638,0,0,BOS_DN,0,1,0,0,1.1624154656208876,1.1629045516918264,1.16683,1.16183,1.16567,0,0
2025-10-30T23:00:00+0700,1.15545,1.15858,1.15466,1.15688,12314,0.0039199999999999235,0.003410714285714283,0.0039199999999999235,0.0014299999999998203,0.0017000000000000348,0.0007900000000000684,0.5663265306122276,0,1,,0,0,0,0,1.1618882784188984,1.1626682947627351,1.16683,1.16183,1.16567,0,0
2025-10-31T03:00:00+0700,1.15688,1.1571799999999999,1.15599,1.15635,4665,0.0011899999999998023,0.003282142857142837,0.0011899999999998023,0.0005299999999999194,0.00029999999999996696,0.00035999999999991594,0.30252100840334095,0,0,,0,0,0,0,1.1613608233313841,1.1624205184975298,1.16585,1.15466,1.15688,0,0
2025-10-31T07:00:00+0700,1.15632,1.15766,1.15627,1.15734,3098,0.0013900000000000023,0.0030799999999999716,0.0013900000000000023,0.0010200000000000209,0.00031999999999987594,5.0000000000105516e-05,0.7697841726619602,0,0,,0,0,0,0,1.1609778877760142,1.162221282478019,1.16585,1.15466,1.15688,0,0
2025-10-31T11:00:00+0700,1.15734,1.15771,1.15645,1.15716,3715,0.0012600000000000389,0.003042857142857109,0.0012600000000000389,0.000180000000000069,0.00036999999999998145,0.0007099999999999884,0.563492063492037,1,0,,0,0,0,0,1.1606142794163938,1.1620228008122142,1.16585,1.15466,1.15688,0,0
2025-10-31T15:00:00+0700,1.15716,1.1573,1.15545,1.157,5715,0.0018499999999999073,0.0030849999999999567,0.0018499999999999073,0.00015999999999993797,0.000140000000000029,0.0015499999999999403,0.8378378378378476,0,0,,0,0,0,0,1.1602700623291182,1.161825828231343,1.16585,1.15466,1.15688,0,0
2025-10-31T19:00:00+0700,1.15702,1.15765,1.15528,1.15554,6743,0.0023699999999999832,0.003080714285714246,0.0023699999999999832,0.0014799999999999258,0.0006300000000001305,0.00025999999999992696,0.10970464135018093,0,0,,0,0,0,0,1.1598195802025355,1.1615793251634472,1.16585,1.15466,1.15688,0,0
2025-10-31T23:00:00+0700,1.15554,1.15558,1.15214,1.15297,11455,0.0034400000000001096,0.003221428571428534,0.0034400000000001096,0.002569999999999961,4.0000000000040004e-05,0.0008300000000001084,0.2412790697674657,0,0,BOS_DN,0,1,0,0,1.1591672392308654,1.1612417045688024,1.16585,1.15466,1.15688,0,0
2025-11-01T03:00:00+0700,1.15297,1.15382,1.15211,1.15347,4520,0.0017100000000001003,0.0031292857142856756,0.0017100000000001003,0.0004999999999999449,0.0003500000000000725,0.0008600000000000829,0.7953216374268702,0,0,BOS_DN,0,1,0,0,1.158624645018402,1.160936931840614,1.15771,1.15214,1.15297,0,1
2025-11-03T07:00:00+0700,1.15293,1.15373,1.15211,1.15266,5487,0.0016199999999999548,0.0029992857142856805,0.0016199999999999548,0.00026999999999999247,0.0007999999999999119,0.0005500000000000504,0.33950617283954676,0,0,BOS_DN,0,1,0,0,1.1580565835880778,1.160612346278237,1.15382,1.15211,1.15347,0,0
2025-11-03T11:00:00+0700,1.15266,1.15371,1.15259,1.15346,2915,0.0011200000000000099,0.0024985714285713978,0.0011200000000000099,0.0007999999999999119,0.0002500000000000835,7.00000000000145e-05,0.7767857142856417,0,0,BOS_DN,0,1,0,0,1.1576188137225467,1.1603318621104628,1.15382,1.15211,1.15347,0,0
2025-11-03T15:00:00+0700,1.15346,1.15408,1.15093,1.15139,6113,0.003149999999999986,0.002591428571428546,0.003149999999999986,0.0020700000000000163,0.0006200000000000649,0.00045999999999990493,0.14603174603171648,1,0,BOS_DN,0,1,0,0,1.1570255933680182,1.159981200851229,1.15382,1.15211,1.15347,1,0
2025-11-03T19:00:00+0700,1.15139,1.15215,1.15054,1.15106,6642,0.0016100000000001113,0.0024892857142857017,0.0016100000000001113,0.00032999999999994145,0.0007600000000000939,0.000520000000000076,0.3229813664596522,0,0,BOS_DN,0,1,0,0,1.1564574416186832,1.1596313498374553,1.15382,1.15211,1.15347,0,0
2025-11-03T23:00:00+0700,1.15106,1.15373,1.1504699999999999,1.15266,8621,0.0032600000000000406,0.0025285714285714195,0.0032600000000000406,0.0016000000000000458,0.0010699999999999044,0.0005900000000000905,0.6717791411043279,0,0,BOS_DN,0,1,0,0,1.156095780512142,1.1593579635693199,1.15382,1.15211,1.15347,0,1
2025-11-04T03:00:00+0700,1.15267,1.15305,1.15154,1.15176,3468,0.0015099999999999003,0.0020999999999999908,0.0015099999999999003,0.0009100000000001884,0.0003799999999998249,0.00021999999999988695,0.14569536423834534,0,0,BOS_DN,0,1,0,0,1.155682849034795,1.1590600042136603,1.15408,1.1504699999999999,1.15266,0,0
2025-11-04T07:00:00+0700,1.15164,1.15204,1.14978,1.15095,3581,0.0022599999999999287,0.0019814285714285624,0.0022599999999999287,0.0006900000000000794,0.00039999999999995595,0.0011699999999998933,0.517699115044217,0,1,,0,0,0,0,1.1552321015076716,1.1587419648327324,1.15408,1.1504699999999999,1.15266,0,1
2025-11-04T11:00:00+0700,1.15095,1.15171,1.15045,1.15121,3789,0.0012600000000000389,0.0019864285714285795,0.0012600000000000389,0.000260000000000149,0.0004999999999999449,0.0004999999999999449,0.6031746031746591,0,0,,0,0,0,0,1.1548490442212267,1.1584465936628212,1.15408,1.1504699999999999,1.15266,0,1
2025-11-04T15:00:00+0700,1.15121,1.15331,1.14995,1.15006,7612,0.0033600000000000296,0.002127142857142867,0.0033600000000000296,0.0011499999999999844,0.0020999999999999908,0.0001100000000000545,0.03273809523811117,1,0,,0,0,0,0,1.154392944771586,1.158117707636828,1.15408,1.1504699999999999,1.15266,0,0
2025-11-04T19:00:00+0700,1.15006,1.15095,1.14764,1.14917,6967,0.003309999999999924,0.0022735714285714304,0.003309999999999924,0.0008900000000000574,0.0008899999999998354,0.0015300000000000313,0.46223564954684787,0,0,BOS_DN,0,1,0,0,1.1538955214600062,1.1577668171412663,1.15408,1.1504699999999999,1.15266,0,0
2025-11-04T23:00:00+0700,1.1491500000000001,1.14963,1.14727,1.14835,8249,0.0023599999999999177,0.0023100000000000026,0.0023599999999999177,0.0008000000000001339,0.0004799999999998139,0.0010799999999999699,0.45762711864407096,0,1,,0,0,0,0,1.153367376559053,1.1573975301945498,1.15408,1.1504699999999999,1.15266,0,0
2025-11-05T03:00:00+0700,1.14835,1.14867,1.14747,1.14812,4004,0.0012000000000000899,0.0022264285714285815,0.0012000000000000899,0.00022999999999995246,0.000320000000000098,0.0006500000000000394,0.541666666666659,0,0,,0,0,0,0,1.1528676264105717,1.157033705481038,1.15331,1.14727,1.14835,0,0
2025-11-05T07:00:00+0700,1.14808,1.14975,1.14782,1.1489,4039,0.0019299999999999873,0.00211857142857143,0.0019299999999999873,0.0008200000000000429,0.0008500000000000174,0.00025999999999992696,0.5595854922279674,1,0,,0,0,0,0,1.1524897572286124,1.1567147366386443,1.15331,1.14727,1.14835,0,0
2025-11-05T11:00:00+0700,1.14894,1.14937,1.14846,1.14913,3608,0.0009099999999999664,0.0020614285714285635,0.0009099999999999664,0.00018999999999991246,0.00024000000000001798,0.00048000000000003595,0.7362637362637068,0,0,,0,0,0,0,1.1521697803496969,1.1564172959861485,1.15331,1.14727,1.14835,0,0
2025-11-05T15:00:00+0700,1.14913,1.1494900000000001,1.1481,1.1484,5378,0.0013900000000002244,0.0020450000000000112,0.0013900000000002244,0.0007299999999998974,0.000360000000000138,0.000300000000000189,0.21582733812959753,0,0,,0,0,0,0,1.1518107536497257,1.1561028922219858,1.15331,1.14727,1.14835,0,0
2025-11-05T19:00:00+0700,1.1484,1.1493,1.14724,1.14733,6347,0.0020599999999999508,0.002112142857142864,0.0020599999999999508,0.0010700000000001264,0.0008999999999999009,8.999999999992347e-05,0.04368932038831341,0,0,,0,0,0,0,1.1513840152068948,1.1557588572328883,1.15331,1.14727,1.14835,0,1
2025-11-05T23:00:00+0700,1.1473,1.14926,1.14685,1.148,10062,0.0024100000000000232,0.002059285714285724,0.0024100000000000232,0.0006999999999999229,0.0012600000000000389,0.00045000000000006146,0.47717842323650345,0,1,,0,0,0,0,1.1510617280443334,1.1554545883217948,1.15331,1.14727,1.14835,0,1
2025-11-06T03:00:00+0700,1.148,1.14939,1.14783,1.1491500000000001,3326,0.0015600000000000058,0.002055714285714288,0.0015600000000000058,0.0011500000000002064,0.00023999999999979593,0.00017000000000000348,0.8461538461539776,0,0,,0,0,0,0,1.1508796587067778,1.1552073495640776,1.14975,1.14685,1.148,0,0
2025-11-06T07:00:00+0700,1.149,1.15085,1.14889,1.15068,2959,0.0019599999999999618,0.001962857142857139,0.0019599999999999618,0.0016799999999999038,0.00017000000000000348,0.0001100000000000545,0.9132653061224455,0,0,CHOCH_UP,0,0,1,0,1.1508606435918465,1.1550298064439177,1.14975,1.14685,1.148,0,0
2025-11-06T11:00:00+0700,1.15067,1.15106,1.15028,1.15097,2585,0.0007800000000000029,0.0019107142857142895,0.0007800000000000029,0.00029999999999996696,8.999999999992347e-05,0.0003900000000001125,0.8846153846154832,0,0,BOS_UP,1,0,0,0,1.1508710584878612,1.1548705983480778,1.14975,1.14685,1.148,0,0
2025-11-06T15:00:00+0700,1.15097,1.15233,1.15048,1.15131,6026,0.0018500000000001293,0.0018814285714285894,0.0018500000000001293,0.00034000000000000696,0.0010200000000000209,0.0004900000000001015,0.4486486486486759,0,0,BOS_UP,1,0,0,0,1.1509128624413982,1.1547309670403103,1.14975,1.14685,1.148,0,0
2025-11-06T19:00:00+0700,1.15131,1.15436,1.1509800000000001,1.15351,7244,0.0033799999999999386,0.0020328571428571535,0.0033799999999999386,0.0021999999999999797,0.0008500000000000174,0.00032999999999994145,0.7485207100591619,0,0,BOS_UP,1,0,0,0,1.1511602088755508,1.154683085979906,1.14975,1.14685,1.148,0,0
2025-11-06T23:00:00+0700,1.15351,1.15424,1.15186,1.1540300000000001,10366,0.0023799999999998267,0.001962857142857139,0.0023799999999998267,0.000520000000000076,0.00020999999999982144,0.0016499999999999293,0.9117647058824215,0,0,BOS_UP,1,0,0,0,1.1514335223159746,1.1546574747650076,1.14975,1.14685,1.148,0,0
2025-11-07T03:00:00+0700,1.1540300000000001,1.15518,1.15388,1.15459,4301,0.0013000000000000789,0.0018192857142857216,0.0013000000000000789,0.0005599999999998939,0.0005900000000000905,0.0001500000000000945,0.5461538461538041,1,0,,0,0,0,0,1.1517341392382627,1.1546548286957916,1.15436,1.14783,1.1540300000000001,0,0
2025-11-07T07:00:00+0700,1.15414,1.1551,1.15357,1.15375,4720,0.0015300000000000313,0.0017600000000000155,0.0015300000000000313,0.00038999999999989043,0.0009600000000000719,0.000180000000000069,0.1176470588235721,0,0,,0,0,0,0,1.1519261259774758,1.1546193452175253,1.15436,1.14783,1.1540300000000001,1,0
2025-11-07T11:00:00+0700,1.15375,1.15425,1.15319,1.15336,2992,0.001060000000000061,0.0017500000000000135,0.001060000000000061,0.0003900000000001125,0.0004999999999999449,0.00017000000000000348,0.16037735849056012,0,0,,0,0,0,0,1.1520626854081923,1.1545699591305636,1.15436,1.14783,1.1540300000000001,0,0
2025-11-07T15:00:00+0700,1.15341,1.15418,1.1529099999999999,1.15377,5311,0.0012700000000001044,0.0017028571428571646,0.0012700000000001044,0.00035999999999991594,0.00041000000000002146,0.000500000000000167,0.6771653543307183,0,1,,0,0,0,0,1.1522252867978884,1.154538588184267,1.15436,1.14783,1.1540300000000001,0,0
2025-11-07T19:00:00+0700,1.15377,1.15692,1.15371,1.15671,7380,0.003209999999999935,0.0018671428571428767,0.003209999999999935,0.0029399999999999427,0.00021000000000004349,5.999999999994898e-05,0.9345794392523216,0,0,BOS_UP,1,0,0,0,1.1526524023409468,1.1546237415888054,1.15436,1.14783,1.1540300000000001,0,0
2025-11-07T23:00:00+0700,1.15671,1.15906,1.15649,1.158,8644,0.002569999999999961,0.0019514285714285723,0.002569999999999961,0.0012900000000000134,0.001060000000000061,0.00021999999999988695,0.5875486381322658,1,0,,0,0,0,0,1.1531616973560948,1.1547561438794405,1.15436,1.14783,1.1540300000000001,0,0
2025-11-08T03:00:00+0700,1.158,1.1583,1.15551,1.15637,4100,0.00279000000000007,0.002003571428571438,0.00279000000000007,0.0016300000000000203,0.000300000000000189,0.0008599999999998609,0.3082437275985087,0,0,,0,0,0,0,1.1534672499888476,1.1548194323547567,1.15906,1.1529099999999999,1.158,0,0
2025-11-10T07:00:00+0700,1.15542,1.15599,1.1541,1.15576,5309,0.0022699999999999942,0.0019935714285714357,0.0018900000000001693,0.00034000000000000696,0.0002300000000001745,0.0013199999999999878,0.8783068783067969,0,1,,0,0,0,0,1.1536856071327668,1.1548563173604525,1.1583,1.15551,1.15637,0,1
2025-11-10T11:00:00+0700,1.15577,1.1566,1.15509,1.15613,3641,0.0015100000000001224,0.0019900000000000156,0.0015100000000001224,0.000360000000000138,0.00046999999999997044,0.0006800000000000139,0.6887417218543495,0,0,,0,0,0,0,1.1539184064534558,1.1549062656992584,1.1583,1.15551,1.15637,0,1
2025-11-10T15:00:00+0700,1.15614,1.15825,1.15509,1.15678,6325,0.0031600000000000517,0.002075714285714308,0.0031600000000000517,0.0006399999999999739,0.0014700000000000824,0.0010499999999999954,0.53481012658226,1,0,,0,0,0,0,1.1541909391721743,1.154979745475758,1.1583,1.15551,1.15637,0,1
2025-11-10T19:00:00+0700,1.15678,1.15775,1.15538,1.15675,6583,0.0023699999999999832,0.0021892857142857347,0.0023699999999999832,2.999999999997449e-05,0.0009700000000001374,0.0013699999999998713,0.5780590717299076,0,0,,0,0,0,0,1.1544346592510148,1.1550491672218066,1.1583,1.15551,1.15637,0,1
2025-11-10T23:00:00+0700,1.15674,1.1568,1.15408,1.15601,7983,0.0027200000000000557,0.002251428571428587,0.0027200000000000557,0.0007300000000001194,5.999999999994898e-05,0.0019299999999999873,0.7095588235293926,0,1,,0,0,0,0,1.1545846917032994,1.1550868469385984,1.1583,1.15551,1.15637,0,1
2025-11-11T03:00:00+0700,1.15601,1.15643,1.15548,1.1556,3389,0.0009500000000000064,0.002077857142857163,0.0009500000000000064,0.00041000000000002146,0.00042000000000008697,0.00011999999999989797,0.12631578947357597,0,0,,0,0,0,0,1.1546813877315565,1.1551069705880652,1.15825,1.15408,1.15601,0,0
2025-11-11T07:00:00+0700,1.15526,1.15598,1.15467,1.15542,3581,0.0013099999999999223,0.0020014285714285984,0.0013099999999999223,0.00015999999999993797,0.000560000000000116,0.0005899999999998684,0.5725190839693518,0,0,,0,0,0,0,1.1547517317571225,1.1551192462512785,1.15825,1.15408,1.15601,0,0
2025-11-11T11:00:00+0700,1.15542,1.15646,1.15514,1.15611,2997,0.0013199999999999878,0.0020028571428571634,0.0013199999999999878,0.0006900000000000794,0.0003500000000000725,0.00027999999999983594,0.7348484848484275,0,0,,0,0,0,0,1.1548810906373965,1.1551580993394637,1.15825,1.15408,1.15601,0,0
2025-11-11T15:00:00+0700,1.15611,1.1568,1.15494,1.15644,6309,0.0018599999999999728,0.002026428571428588,0.0018599999999999728,0.00032999999999994145,0.000360000000000138,0.0011699999999998933,0.8064516129031488,0,0,,0,0,0,0,1.1550295581957397,1.1552083699536022,1.15825,1.15408,1.15601,0,0
2025-11-11T19:00:00+0700,1.15643,1.16053,1.15621,1.16005,7376,0.0043200000000001015,0.0022592857142857336,0.0043200000000001015,0.0036199999999999566,0.00048000000000003595,0.000220000000000109,0.8888888888888832,1,0,,0,0,0,0,1.1555076955104313,1.155398237798559,1.15825,1.15408,1.15601,0,0
2025-11-11T23:00:00+0700,1.16007,1.16045,1.15902,1.15946,7668,0.0014300000000000423,0.0022707142857143004,0.0014300000000000423,0.0006099999999999994,0.00038000000000004697,0.00043999999999999595,0.3076923076922958,0,0,,0,0,0,0,1.1558841054618187,1.1555575225907724,1.15825,1.15408,1.15601,0,0
2025-11-12T03:00:00+0700,1.15944,1.1595,1.15798,1.15808,3398,0.0015199999999999658,0.002150000000000017,0.0015199999999999658,0.0013600000000000279,5.999999999994898e-05,9.999999999998899e-05,0.06578947368420476,0,0,,0,0,0,0,1.156093238274979,1.1556564432734873,1.16053,1.15467,1.15946,0,0
2025-11-12T07:00:00+0700,1.15831,1.15867,1.15741,1.1575,3074,0.0012600000000000389,0.002056428571428594,0.0012600000000000389,0.0008099999999999774,0.000360000000000138,8.999999999992347e-05,0.07142857142850849,0,0,,0,0,0,0,1.1562272155821238,1.1557287396157034,1.16053,1.15467,1.15946,0,0
2025-11-12T11:00:00+0700,1.1575,1.15811,1.15695,1.15757,3166,0.0011600000000000499,0.0019400000000000211,0.0011600000000000499,7.00000000000145e-05,0.0005399999999999849,0.0005500000000000504,0.5344827586207227,0,0,,0,0,0,0,1.1563550998123977,1.1558009459052836,1.16053,1.15467,1.15946,0,0
2025-11-12T15:00:00+0700,1.15757,1.15879,1.15679,1.15692,6180,0.0020000000000000018,0.0019207142857143073,0.0020000000000000018,0.0006500000000000394,0.0012199999999999989,0.00012999999999996348,0.06499999999998168,0,0,,0,0,0,0,1.1564088998302646,1.1558448303795863,1.16053,1.15467,1.15946,0,0
2025-11-12T19:00:00+0700,1.15697,1.15798,1.15646,1.15716,6709,0.0015199999999999658,0.001921428571428582,0.0015199999999999658,0.00018999999999991246,0.0008200000000000429,0.0005100000000000104,0.4605263157894333,0,0,,0,0,0,0,1.1564804331797631,1.1558964056588181,1.16053,1.15467,1.15946,0,0
2025-11-12T23:00:00+0700,1.15716,1.15973,1.15626,1.15926,8375,0.003469999999999862,0.0019435714285714254,0.003469999999999862,0.0020999999999999908,0.00046999999999997044,0.0008999999999999009,0.8645533141210406,1,1,,0,0,0,0,1.1567451538293094,1.1560283113192569,1.16053,1.15467,1.15946,0,0
2025-11-13T03:00:00+0700,1.15926,1.15938,1.15836,1.15916,3383,0.0010200000000000209,0.0018471428571428567,0.0010200000000000209,9.999999999998899e-05,0.00012000000000012001,0.0007999999999999119,0.7843137254900936,0,0,,0,0,0,0,1.1569751391788992,1.1561511226400703,1.15973,1.15626,1.15926,0,0
2025-11-13T07:00:00+0700,1.15907,1.15937,1.15785,1.1589,4235,0.0015199999999999658,0.0017614285714285646,0.0015199999999999658,0.00017000000000000348,0.00029999999999996696,0.0010499999999999954,0.690789473684223,0,0,,0,0,0,0,1.1571584592570991,1.1562589217522243,1.15973,1.15626,1.15926,0,0
2025-11-13T11:00:00+0700,1.15891,1.1592500000000001,1.15799,1.15814,3249,0.0012600000000000389,0.001783571428571424,0.0012600000000000389,0.0007700000000001594,0.00034000000000000696,0.00014999999999987246,0.11904761904751415,0,0,,0,0,0,0,1.1572519393278515,1.1563326895266468,1.15973,1.15626,1.15926,0,0
2025-11-13T15:00:00+0700,1.15812,1.16344,1.15807,1.16161,7647,0.005370000000000097,0.0020735714285714363,0.005370000000000097,0.003489999999999993,0.0018299999999999983,5.0000000000105516e-05,0.6592178770949786,0,0,BOS_UP,1,0,0,0,1.157666992725199,1.156539642878543,1.15973,1.15626,1.15926,0,0
2025-11-13T19:00:00+0700,1.16161,1.16244,1.16043,1.162,7443,0.0020099999999998452,0.0021228571428571407,0.0020099999999998452,0.00038999999999989043,0.00043999999999999595,0.0011799999999999589,0.7810945273631692,0,0,BOS_UP,1,0,0,0,1.1580796600847039,1.1567537745303649,1.15973,1.15626,1.15926,0,0
2025-11-13T23:00:00+0700,1.162,1.16556,1.16167,1.16507,10701,0.003889999999999949,0.0022678571428571387,0.003889999999999949,0.003070000000000128,0.0004899999999998794,0.00032999999999994145,0.874035989717253,1,0,,0,0,0,0,1.1587454067433036,1.1570799010193702,1.15973,1.15626,1.15926,0,0
2025-11-14T03:00:00+0700,1.16506,1.16513,1.16303,1.16328,5249,0.0020999999999999908,0.0021092857142857024,0.0020999999999999908,0.0017799999999998928,7.00000000000145e-05,0.0002500000000000835,0.11904761904765933,0,0,,0,0,0,0,1.159177272767751,1.1573230421558656,1.16556,1.15785,1.16507,0,0
2025-11-14T07:00:00+0700,1.1629,1.16385,1.1623,1.16328,4344,0.0015499999999999403,0.0021178571428571236,0.0015499999999999403,0.00038000000000004697,0.0005699999999999594,0.0005999999999999339,0.6322580645161411,0,0,,0,0,0,0,1.1595680086946318,1.1575566483458315,1.16556,1.15785,1.16507,0,0
2025-11-14T11:00:00+0700,1.16327,1.16478,1.16293,1.16473,4059,0.0018499999999999073,0.002141428571428548,0.0018499999999999073,0.0014600000000000168,4.999999999988347e-05,0.00034000000000000696,0.9729729729730346,0,0,,0,0,0,0,1.1600596269141907,1.1578379562538381,1.16556,1.15785,1.16507,0,0
2025-11-14T15:00:00+0700,1.16473,1.1648100000000001,1.16198,1.16215,9000,0.00283000000000011,0.0022535714285714104,0.00283000000000011,0.0025800000000000267,8.000000000008001e-05,0.00017000000000000348,0.060070671378090766,0,0,,0,0,0,0,1.1602587100652202,1.1580070560085896,1.16556,1.15785,1.16507,0,0
2025-11-14T19:00:00+0700,1.1621299999999999,1.16534,1.16085,1.16372,10140,0.004490000000000105,0.002491428571428557,0.004490000000000105,0.0015900000000002024,0.0016199999999999548,0.0012799999999999478,0.6391982182628247,1,0,,0,0,0,0,1.1605883567256754,1.1582310930278605,1.16556,1.15785,1.16507,0,0
2025-11-14T23:00:00+0700,1.16373,1.16379,1.16058,1.16135,11194,0.003210000000000157,0.0025778571428571396,0.003210000000000157,0.0023799999999998267,6.000000000017103e-05,0.0007700000000001594,0.2398753894081376,0,0,,0,0,0,0,1.1606608941803729,1.1583534031051994,1.16556,1.15785,1.16507,0,0
2025-11-15T03:00:00+0700,1.16135,1.16231,1.16092,1.16196,4464,0.0013900000000000023,0.002568571428571428,0.0013900000000000023,0.0006099999999999994,0.00034999999999985043,0.0004300000000001525,0.7482014388490289,0,0,,0,0,0,0,1.1607846185441468,1.1584948382775446,1.16534,1.16058,1.16135,0,0
2025-11-17T07:00:00+0700,1.16121,1.1623999999999999,1.16046,1.1606,3807,0.0019399999999998307,0.0024592857142857116,0.0019399999999998307,0.0006099999999999994,0.0011899999999998023,0.000140000000000029,0.07216494845362949,0,0,,0,0,0,0,1.1607670358256568,1.1585773936392096,1.16231,1.16092,1.16196,1,0
2025-11-17T11:00:00+0700,1.1606,1.16061,1.1595900000000001,1.15998,3056,0.0010199999999997988,0.0024592857142856956,0.0010199999999997988,0.0006200000000000649,9.999999999843467e-06,0.00038999999999989043,0.3823529411764386,0,0,,0,0,0,0,1.1606920800327372,1.1586323978102209,1.16231,1.16092,1.16196,0,0
2025-11-17T15:00:00+0700,1.15998,1.16144,1.15947,1.16009,5713,0.0019700000000000273,0.002491428571428557,0.0019700000000000273,0.0001100000000000545,0.0013499999999999623,0.0005100000000000104,0.3147208121827697,0,0,,0,0,0,0,1.1606347390772385,1.1586895586804085,1.16231,1.16092,1.16196,0,0
2025-11-17T19:00:00+0700,1.16009,1.16076,1.15881,1.1590799999999999,6590,0.0019500000000001183,0.0025407142857142772,0.0019500000000001183,0.0010100000000001774,0.0006699999999999484,0.00026999999999999247,0.1384615384615262,0,0,,0,0,0,0,1.1604866686889301,1.1587048701047062,1.16231,1.16092,1.16196,0,0
2025-11-17T23:00:00+0700,1.15905,1.16014,1.15814,1.15933,7312,0.0020000000000000018,0.0022999999999999848,0.0020000000000000018,0.000280000000000058,0.0008099999999999774,0.0009099999999999664,0.5950000000000116,0,1,,0,0,0,0,1.160376509766175,1.1587293850025608,1.16231,1.16092,1.16196,0,0
2025-11-18T03:00:00+0700,1.15934,1.15947,1.15821,1.1590799999999999,4813,0.0012600000000000389,0.00224642857142857,0.0012600000000000389,0.000260000000000149,0.00012999999999996348,0.0008699999999999264,0.6904761904761108,0,0,,0,0,0,0,1.1602530326455869,1.1587431346103036,1.1623999999999999,1.15814,1.15933,0,0
2025-11-18T07:00:00+0700,1.15888,1.15937,1.15841,1.15903,3010,0.0009600000000000719,0.0020371428571428645,0.0009600000000000719,0.0001500000000000945,0.00034000000000000696,0.00046999999999997044,0.6458333333333526,0,0,,0,0,0,0,1.160136553346007,1.158754384233429,1.1623999999999999,1.15814,1.15933,0,0
2025-11-18T11:00:00+0700,1.15903,1.16033,1.15877,1.15975,4355,0.0015600000000000058,0.001998571428571437,0.0015600000000000058,0.0007200000000000539,0.0005800000000000249,0.00025999999999992696,0.6282051282051136,0,0,,0,0,0,0,1.1600997387416254,1.1587934279889807,1.1623999999999999,1.15814,1.15933,0,0
2025-11-18T15:00:00+0700,1.15975,1.16059,1.15869,1.15889,7660,0.0019000000000000128,0.002023571428571442,0.0019000000000000128,0.0008600000000000829,0.0008399999999999519,0.00019999999999997797,0.10526315789472454,0,0,,0,0,0,0,1.1599845255281374,1.1587972151266677,1.1623999999999999,1.15814,1.15933,0,0
2025-11-18T19:00:00+0700,1.15889,1.16015,1.15793,1.15964,7315,0.0022200000000001108,0.002050000000000028,0.0022200000000001108,0.0007500000000000284,0.0005100000000000104,0.0009600000000000719,0.7702702702702771,0,0,,0,0,0,0,1.1599517135730766,1.1588302655138571,1.1623999999999999,1.15814,1.15933,0,1
2025-11-18T23:00:00+0700,1.15963,1.16074,1.15711,1.1575,9723,0.003630000000000022,0.002107142857142879,0.003630000000000022,0.0021299999999999653,0.0011100000000001664,0.00038999999999989043,0.10743801652889479,1,1,,0,0,0,0,1.1597182170423075,1.158778098238804,1.1623999999999999,1.15814,1.15933,0,0
2025-11-19T03:00:00+0700,1.15751,1.15866,1.15747,1.15791,4092,0.0011900000000000244,0.0018714285714285875,0.0011900000000000244,0.00039999999999995595,0.0007500000000000284,4.0000000000040004e-05,0.3697478991596529,0,0,,0,0,0,0,1.1595460058954212,1.1587440551706156,1.16074,1.15711,1.1575,0,0
2025-11-19T07:00:00+0700,1.15744,1.15845,1.15743,1.15763,3991,0.0010200000000000209,0.0017150000000000062,0.0010200000000000209,0.00018999999999991246,0.0008200000000000429,1.0000000000065512e-05,0.1960784313725234,0,0,,0,0,0,0,1.1593635291434763,1.1587003667325524,1.16074,1.15711,1.1575,0,0
2025-11-19T11:00:00+0700,1.15763,1.15904,1.1572,1.15885,4071,0.0018400000000000638,0.0017471428571428677,0.0018400000000000638,0.0012199999999999989,0.0001900000000001345,0.00042999999999993044,0.8967391304347131,0,0,,0,0,0,0,1.1593146216060024,1.1587062347038248,1.16074,1.15711,1.1575,0,0
2025-11-19T15:00:00+0700,1.15885,1.15968,1.15651,1.15727,6721,0.003170000000000117,0.001835000000000031,0.003170000000000117,0.0015799999999999148,0.0008300000000001084,0.0007600000000000939,0.2397476340694214,1,0,,0,0,0,0,1.159119895738764,1.1586499117742632,1.16074,1.15711,1.1575,0,1
2025-11-19T19:00:00+0700,1.15728,1.15905,1.15671,1.15723,7812,0.0023400000000000087,0.0019292857142857603,0.0023400000000000087,5.0000000000105516e-05,0.0017699999999998273,0.000520000000000076,0.22222222222225385,0,0,,0,0,0,0,1.1589399056684055,1.1585942289595863,1.16074,1.15711,1.1575,0,1
2025-11-19T23:00:00+0700,1.15724,1.15734,1.15256,1.15327,10266,0.0047800000000000065,0.0021300000000000446,0.0047800000000000065,0.003970000000000029,9.999999999998899e-05,0.0007099999999999884,0.14853556485355388,0,0,CHOCH_DN,0,0,0,1,1.158399914652367,1.1583854356670535,1.16074,1.15711,1.1575,0,0
2025-11-20T03:00:00+0700,1.15328,1.1538,1.15176,1.15371,5953,0.0020400000000000418,0.0021364285714286107,0.0020400000000000418,0.00042999999999993044,8.999999999992347e-05,0.0015200000000001879,0.9558823529412149,0,0,BOS_DN,0,1,0,0,1.1579532561140462,1.1582020852487378,1.15968,1.15256,1.15327,0,1
2025-11-20T07:00:00+0700,1.15367,1.15417,1.15219,1.15224,4100,0.0019799999999998708,0.0021350000000000297,0.0019799999999998708,0.0014300000000000423,0.0004999999999999449,4.999999999988347e-05,0.025252525252468048,0,0,BOS_DN,0,1,0,0,1.157409136484137,1.1579682779840814,1.15968,1.15256,1.15327,0,0
2025-11-20T11:00:00+0700,1.15224,1.1522999999999999,1.15095,1.15151,3935,0.0013499999999999623,0.0021414285714285958,0.0013499999999999623,0.0007299999999998974,5.999999999994898e-05,0.000560000000000116,0.4148148148149123,0,0,BOS_DN,0,1,0,0,1.1568473139618383,1.1577150121807842,1.15968,1.15256,1.15327,0,0
2025-11-20T15:00:00+0700,1.15151,1.15274,1.15111,1.1527,7351,0.0016300000000000203,0.0021892857142857347,0.0016300000000000203,0.0011900000000000244,4.0000000000040004e-05,0.00039999999999995595,0.9754601226993622,0,0,BOS_DN,0,1,0,0,1.1564523316797584,1.15751834503644,1.15968,1.15256,1.15327,0,1
2025-11-20T19:00:00+0700,1.1527,1.15392,1.15014,1.15273,9260,0.0037800000000001166,0.0023478571428571715,0.0037800000000001166,2.999999999997449e-05,0.0011900000000000244,0.0025600000000001177,0.6851851851851885,0,1,,0,0,0,0,1.1560978239007338,1.157330566799717,1.15968,1.15256,1.15327,0,1
2025-11-20T23:00:00+0700,1.15272,1.15495,1.15196,1.15282,13292,0.002989999999999826,0.002425714285714301,0.002989999999999826,9.999999999998899e-05,0.0021299999999999653,0.0007599999999998719,0.2876254180601709,1,0,,0,0,0,0,1.1557856501959018,1.157153681827179,1.15968,1.15256,1.15327,0,1
2025-11-21T03:00:00+0700,1.15282,1.15402,1.15235,1.15271,4786,0.0016700000000000603,0.002386428571428583,0.0016700000000000603,0.0001100000000000545,0.0012000000000000899,0.00035999999999991594,0.215568862275391,0,0,,0,0,0,0,1.1554927311296255,1.1569794197947407,1.15495,1.15014,1.15282,0,0
2025-11-21T07:00:00+0700,1.15236,1.15379,1.15223,1.1532,4711,0.0015600000000000058,0.002238571428571439,0.0015600000000000058,0.0008399999999999519,0.0005900000000000905,0.00012999999999996348,0.6217948717948152,0,0,,0,0,0,0,1.1552743757839468,1.1568312072537705,1.15495,1.15014,1.15282,0,0
2025-11-21T11:00:00+0700,1.1532,1.15415,1.15318,1.15346,4177,0.0009699999999999154,0.0022228571428571453,0.0009699999999999154,0.00025999999999992696,0.0006900000000000794,1.999999999990898e-05,0.288659793814289,0,0,,0,0,0,0,1.1551015780902376,1.1566990030477402,1.15495,1.15014,1.15282,0,0
2025-11-21T15:00:00+0700,1.15346,1.1552,1.15245,1.15248,8828,0.00275000000000003,0.002346428571428575,0.00275000000000003,0.0009799999999999809,0.0017400000000000748,2.999999999997449e-05,0.010909090909081513,1,0,,0,0,0,0,1.1548519039864056,1.1565335519478288,1.15495,1.15014,1.15282,1,0
2025-11-21T19:00:00+0700,1.15248,1.15266,1.14962,1.15202,9807,0.0030399999999999316,0.002432142857142851,0.0030399999999999316,0.00045999999999990493,0.000180000000000069,0.0023999999999999577,0.7894736842105302,0,0,,0,0,0,0,1.1545821988448433,1.156356549910659,1.15495,1.15014,1.15282,0,1
2025-11-21T23:00:00+0700,1.15202,1.15229,1.14907,1.15067,11572,0.0032200000000000006,0.002435714285714271,0.0032200000000000006,0.0013499999999999623,0.00026999999999999247,0.0016000000000000458,0.49689440993790235,0,1,,0,0,0,0,1.1542096084786677,1.1561335479533783,1.15495,1.15014,1.15282,0,1
2025-11-22T03:00:00+0700,1.15068,1.15202,1.15016,1.15118,5237,0.0018599999999999728,0.0024014285714285544,0.0018599999999999728,0.000500000000000167,0.0008399999999999519,0.0005199999999998539,0.5483870967742128,0,0,,0,0,0,0,1.1539210743378423,1.1559392911708928,1.1552,1.14907,1.15067,0,0
2025-11-24T07:00:00+0700,1.15103,1.15141,1.15014,1.15099,2797,0.0012700000000001044,0.0021507142857142758,0.0012700000000001044,4.0000000000040004e-05,0.00038000000000004697,0.0008500000000000174,0.6692913385826359,0,0,,0,0,0,0,1.1536419244009049,1.1557452013210538,1.15202,1.15016,1.15118,0,1
2025-11-24T11:00:00+0700,1.151,1.15279,1.15099,1.1522000000000001,3458,0.0018000000000000238,0.0021335714285714174,0.0018000000000000238,0.0012000000000000899,0.0005899999999998684,1.0000000000065512e-05,0.6722222222222997,0,0,,0,0,0,0,1.1535045982674852,1.1556061738182675,1.15202,1.15016,1.15118,0,0
2025-11-24T15:00:00+0700,1.1522000000000001,1.1534,1.15092,1.15294,6761,0.0024800000000000377,0.0021692857142857147,0.0024800000000000377,0.0007399999999999629,0.00045999999999990493,0.0012800000000001699,0.8145161290322992,0,0,,0,0,0,0,1.153450827003915,1.155501617982257,1.15202,1.15016,1.15118,0,0
2025-11-24T19:00:00+0700,1.15294,1.155,1.15293,1.1538,6649,0.0020700000000000163,0.0022207142857142903,0.0020700000000000163,0.0008599999999998609,0.0012000000000000899,1.0000000000065512e-05,0.4202898550724249,1,0,,0,0,0,0,1.1534840815749707,1.1554348878653058,1.15202,1.15016,1.15118,0,0
2025-11-24T23:00:00+0700,1.1538,1.15407,1.15111,1.15175,7823,0.0029599999999998516,0.002315714285714278,0.0029599999999998516,0.0020499999999998852,0.00026999999999999247,0.0006399999999999739,0.21621621621621825,0,0,,0,0,0,0,1.153318930948783,1.1552903824588232,1.15202,1.15016,1.15118,1,0
2025-11-25T03:00:00+0700,1.15174,1.15287,1.15168,1.15199,3543,0.0011900000000000244,0.0021307142857142714,0.0011900000000000244,0.0002500000000000835,0.0008799999999999919,5.999999999994898e-05,0.2605042016806942,0,0,,0,0,0,0,1.153192366096518,1.1551609556957323,1.155,1.15014,1.15175,0,0
2025-11-25T07:00:00+0700,1.15176,1.15295,1.15176,1.15253,3325,0.0011900000000000244,0.0020021428571428573,0.0011900000000000244,0.0007700000000001594,0.0004199999999998649,0.0,0.6470588235295325,0,0,,0,0,0,0,1.1531292836111353,1.1550577809625664,1.155,1.15014,1.15175,0,0
2025-11-25T11:00:00+0700,1.1525400000000001,1.15298,1.15112,1.15165,3039,0.0018599999999999728,0.0020157142857142795,0.0018599999999999728,0.0008900000000000574,0.0004399999999997739,0.0005300000000001415,0.28494623655922,0,1,,0,0,0,0,1.1529883994576937,1.1549241424934462,1.155,1.15014,1.15175,0,0
2025-11-25T15:00:00+0700,1.15164,1.15361,1.15144,1.15336,6360,0.0021700000000000053,0.002059285714285708,0.0021700000000000053,0.0017199999999999438,0.0002500000000000835,0.00019999999999997797,0.8847926267280724,0,0,,0,0,0,0,1.1530237899855325,1.1548628035721347,1.155,1.15014,1.15175,0,0
2025-11-25T19:00:00+0700,1.15335,1.15616,1.15242,1.15578,8900,0.0037400000000000766,0.0022571428571428625,0.0037400000000000766,0.002429999999999932,0.00038000000000004697,0.0009300000000000974,0.8983957219251232,0,0,CHOCH_UP,0,0,1,0,1.1532862861773865,1.1548987720595019,1.155,1.15014,1.15175,0,0
2025-11-25T23:00:00+0700,1.15578,1.1583700000000001,1.15496,1.15818,11406,0.003410000000000135,0.002304285714285727,0.003410000000000135,0.0023999999999999577,0.0001900000000001345,0.0008200000000000429,0.944281524926649,0,0,BOS_UP,1,0,0,0,1.1537523541604924,1.1550274476650115,1.155,1.15014,1.15175,0,0
2025-11-26T03:00:00+0700,1.15824,1.15856,1.15576,1.15682,5480,0.0028000000000001357,0.0022871428571428843,0.0028000000000001357,0.0014199999999999768,0.000320000000000098,0.001060000000000061,0.37857142857143194,0,0,BOS_UP,1,0,0,0,1.154044510907112,1.1550977438350112,1.1583700000000001,1.15112,1.15818,1,0
2025-11-26T07:00:00+0700,1.1567,1.15826,1.15628,1.15767,4875,0.001980000000000093,0.0021985714285714625,0.001980000000000093,0.0009699999999999154,0.0005900000000000905,0.00042000000000008697,0.7020202020201703,0,0,BOS_UP,1,0,0,0,1.154389795582625,1.1551986166257953,1.1583700000000001,1.15112,1.15818,0,0
2025-11-26T11:00:00+0700,1.15767,1.15912,1.15743,1.15904,5450,0.0016899999999999693,0.002186428571428605,0.0016899999999999693,0.0013700000000000934,7.999999999985796e-05,0.00024000000000001798,0.9526627218935743,0,0,BOS_UP,1,0,0,0,1.1548326721938036,1.1553492591110581,1.1583700000000001,1.15112,1.15818,0,0
2025-11-26T15:00:00+0700,1.15904,1.15955,1.15653,1.15714,7671,0.0030200000000000227,0.0023114285714285992,0.0030200000000000227,0.0019000000000000128,0.0005100000000000104,0.0006099999999999994,0.2019867549668857,0,0,BOS_UP,1,0,0,0,1.1550524176991557,1.1554194842439578,1.1583700000000001,1.15112,1.15818,1,0
2025-11-26T19:00:00+0700,1.15716,1.1583700000000001,1.15481,1.15519,11695,0.0035600000000002296,0.0024371428571428994,0.0035600000000002296,0.0019700000000000273,0.0012100000000001554,0.00038000000000004697,0.10674157303371418,0,0,BOS_UP,1,0,0,0,1.1550655207754266,1.1554104848618418,1.1583700000000001,1.15112,1.15818,0,0
2025-11-26T23:00:00+0700,1.15519,1.16004,1.15467,1.1592500000000001,10553,0.005369999999999875,0.0026435714285714595,0.005369999999999875,0.004060000000000175,0.0007899999999998464,0.0005199999999998539,0.8528864059590568,0,1,BOS_UP,1,0,0,0,1.1554640426063383,1.1555610540829462,1.1583700000000001,1.15112,1.15818,0,0
2025-11-27T03:00:00+0700,1.15924,1.1596899999999999,1.15887,1.15958,3539,0.0008199999999998209,0.002554285714285731,0.0008199999999998209,0.00034000000000000696,0.00010999999999983245,0.00036999999999998145,0.8658536585367604,0,0,BOS_UP,1,0,0,0,1.1558560385485919,1.1557186598051836,1.16004,1.15467,1.1592500000000001,0,0
2025-11-27T07:00:00+0700,1.15882,1.16122,1.1588,1.16087,3562,0.0024199999999998667,0.002515714285714304,0.0024199999999998667,0.0020500000000001073,0.00034999999999985043,1.999999999990898e-05,0.8553719008265002,0,0,BOS_UP,1,0,0,0,1.1563335586868213,1.1559206731461569,1.16004,1.15467,1.1592500000000001,0,0
2025-11-27T11:00:00+0700,1.16093,1.16131,1.15995,1.16017,4363,0.0013600000000000279,0.002527857142857161,0.0013600000000000279,0.0007600000000000939,0.00038000000000004697,0.00021999999999988695,0.16176470588226652,1,0,,0,0,0,0,1.1566989340499811,1.156087313414935,1.16004,1.15467,1.1592500000000001,0,0
2025-11-27T15:00:00+0700,1.16018,1.16049,1.15761,1.15771,6118,0.0028799999999999937,0.0026485714285714446,0.0028799999999999937,0.0024699999999999722,0.00031000000000003247,9.999999999998899e-05,0.03472222222221848,0,1,,0,0,0,0,1.156795226045221,1.1561509481829766,1.16004,1.15467,1.1592500000000001,1,0
2025-11-27T19:00:00+0700,1.15771,1.15964,1.15766,1.15945,5490,0.001980000000000093,0.0026571428571428818,0.001980000000000093,0.0017400000000000748,0.00018999999999991246,5.0000000000105516e-05,0.9040404040404527,0,0,,0,0,0,0,1.1570480616599619,1.1562803227640364,1.16004,1.15467,1.1592500000000001,0,0
2025-11-27T23:00:00+0700,1.15944,1.16011,1.1589800000000001,1.15945,4029,0.0011299999999998533,0.0025828571428571567,0.0011299999999998533,1.0000000000065512e-05,0.0006599999999998829,0.00045999999999990493,0.41592920353985086,0,0,,0,0,0,0,1.1572768176923465,1.1564046238321133,1.16004,1.15467,1.1592500000000001,1,0
2025-11-28T03:00:00+0700,1.15945,1.15965,1.15907,1.15944,1299,0.0005800000000000249,0.002357142857142867,0.0005800000000000249,1.0000000000065512e-05,0.00019999999999997797,0.00036999999999998145,0.6379310344826992,0,0,,0,0,0,0,1.1574828350549802,1.1565236581916383,1.16131,1.15761,1.15945,0,0
2025-11-28T07:00:00+0700,1.15917,1.16015,1.15811,1.15825,3629,0.0020400000000000418,0.0022592857142857176,0.0020400000000000418,0.0009200000000000319,0.0009799999999999809,0.000140000000000029,0.06862745098040496,1,0,,0,0,0,0,1.1575558983830772,1.1565913578703977,1.16131,1.15761,1.15945,0,0
2025-11-28T11:00:00+0700,1.15827,1.15923,1.15811,1.15881,9788,0.0011200000000000099,0.0021392857142857086,0.0011200000000000099,0.0005399999999999849,0.00042000000000008697,0.00015999999999993797,0.6249999999999256,0,0,,0,0,0,0,1.157675336632308,1.1566783634441076,1.16131,1.15761,1.15945,0,0
2025-11-28T15:00:00+0700,1.15875,1.15899,1.1565699999999999,1.15672,19058,0.0024200000000000887,0.0021707142857142797,0.0024200000000000887,0.0020299999999999763,0.00024000000000001798,0.0001500000000000945,0.06198347107441694,0,0,CHOCH_DN,0,0,0,1,1.157584352191136,1.156679996250221,1.16131,1.15761,1.15945,0,0
2025-11-28T19:00:00+0700,1.1568100000000001,1.15781,1.15546,1.1574200000000001,14035,0.0023500000000000743,0.0022178571428571442,0.0023500000000000743,0.0006099999999999994,0.00038999999999989043,0.0013500000000001844,0.8340425531915412,0,1,,0,0,0,0,1.157568699601504,1.1567090160051143,1.16131,1.15761,1.15945,0,0
2025-11-28T23:00:00+0700,1.15741,1.16071,1.15707,1.16023,8941,0.0036399999999998656,0.0022621428571428476,0.0036399999999998656,0.0028200000000000447,0.0004799999999998139,0.00034000000000000696,0.8681318681319143,0,0,CHOCH_UP,0,0,1,0,1.157822156782313,1.1568470938088355,1.16131,1.15761,1.15945,0,1
2025-11-29T03:00:00+0700,1.16023,1.16041,1.15947,1.15951,4176,0.0009399999999999409,0.0020749999999999697,0.0009399999999999409,0.0007200000000000539,0.00017999999999984695,4.0000000000040004e-05,0.042553191489406936,0,0,,0,0,0,0,1.1579829037554261,1.1569515215026067,1.16071,1.15546,1.16023,0,0
2025-12-01T07:00:00+0700,1.159,1.16153,1.15889,1.1604700000000001,5778,0.0026399999999999757,0.001879999999999977,0.0026399999999999757,0.0014700000000000824,0.0010599999999998388,0.0001100000000000545,0.5984848484849058,0,0,BOS_UP,1,0,0,0,1.158219770064433,1.157089501051524,1.16041,1.15947,1.15951,0,1
2025-12-01T11:00:00+0700,1.1604700000000001,1.16053,1.1589,1.15975,4836,0.0016300000000000203,0.001937857142857134,0.0016300000000000203,0.0007200000000000539,5.999999999994898e-05,0.0008500000000000174,0.521472392638041,0,0,,0,0,0,0,1.1583655062487728,1.1571938343436212,1.16041,1.15947,1.15951,1,1
2025-12-01T15:00:00+0700,1.15973,1.16231,1.159,1.16217,8303,0.003309999999999924,0.0020014285714285668,0.003309999999999924,0.0024399999999999977,0.000140000000000029,0.0007299999999998974,0.9577039274924374,0,0,BOS_UP,1,0,0,0,1.1587278389869848,1.1573889780948519,1.16041,1.15947,1.15951,0,1
2025-12-01T19:00:00+0700,1.16217,1.16515,1.16185,1.16445,8325,0.0032999999999998586,0.002139999999999983,0.0032999999999998586,0.0022800000000000598,0.0006999999999999229,0.00031999999999987594,0.7878787878788022,1,0,,0,0,0,0,1.1592728067025102,1.1576658809146616,1.16041,1.15947,1.15951,0,0
2025-12-01T23:00:00+0700,1.16445,1.1644700000000001,1.16175,1.16202,10136,0.0027200000000000557,0.0021285714285714163,0.0027200000000000557,0.002429999999999932,2.0000000000131024e-05,0.00026999999999999247,0.09926470588234813,0,0,,0,0,0,0,1.159534444159414,1.1578366306827141,1.16041,1.15947,1.15951,0,0
2025-12-02T03:00:00+0700,1.16202,1.1623,1.16062,1.16075,3445,0.0016800000000001258,0.002107142857142847,0.0016800000000001258,0.0012700000000001044,0.000280000000000058,0.00012999999999996348,0.07738095238092485,0,0,,0,0,0,0,1.159650211382327,1.1579508804598626,1.16515,1.15889,1.16202,0,0
2025-12-02T07:00:00+0700,1.16068,1.16107,1.16033,1.16088,2568,0.0007399999999999629,0.002079285714285712,0.0007399999999999629,0.00019999999999997797,0.0001900000000001345,0.00034999999999985043,0.7432432432430486,0,0,,0,0,0,0,1.1597673341078196,1.1580657478928091,1.16515,1.15889,1.16202,0,0
2025-12-02T11:00:00+0700,1.16087,1.16137,1.16067,1.16095,2668,0.0006999999999999229,0.0020878571428571335,0.0006999999999999229,7.999999999985796e-05,0.00042000000000008697,0.00019999999999997797,0.3999999999998097,0,0,,0,0,0,0,1.159879968954694,1.1581788558185815,1.16515,1.15889,1.16202,0,0
2025-12-02T15:00:00+0700,1.16095,1.16159,1.16023,1.16098,5458,0.0013599999999998058,0.002039285714285688,0.0013599999999998058,2.999999999997449e-05,0.0006099999999999994,0.0007199999999998319,0.5514705882352305,0,0,,0,0,0,0,1.1599847338161517,1.1582887046100097,1.16515,1.15889,1.16202,0,0
2025-12-02T19:00:00+0700,1.16098,1.16192,1.1598,1.16172,6309,0.002120000000000122,0.0021107142857142674,0.002120000000000122,0.000740000000000185,0.00019999999999997797,0.0011799999999999589,0.9056603773585064,0,0,,0,0,0,0,1.1601499972622327,1.1584232652135387,1.16515,1.15889,1.16202,0,0
2025-12-02T23:00:00+0700,1.16172,1.16228,1.1590799999999999,1.16068,9812,0.0032000000000000917,0.002166428571428553,0.0032000000000000917,0.001040000000000152,0.0005599999999998939,0.0016000000000000458,0.5,0,1,,0,0,0,0,1.1602004737134486,1.1585117646169294,1.16515,1.15889,1.16202,0,0
2025-12-03T03:00:00+0700,1.16068,1.16254,1.16052,1.16236,4255,0.0020199999999999108,0.002142857142857113,0.0020199999999999108,0.0016800000000001258,0.00017999999999984695,0.00015999999999993797,0.9108910891089828,0,0,,0,0,0,0,1.1604061428835963,1.1586626758084224,1.1623,1.1590799999999999,1.16068,0,0
2025-12-03T07:00:00+0700,1.1620300000000001,1.16371,1.16174,1.16364,2931,0.0019700000000000273,0.00202357142857141,0.0019700000000000273,0.0016099999999998893,7.00000000000145e-05,0.0002900000000001235,0.9644670050761353,0,0,,0,0,0,0,1.1607141292756347,1.158857864992406,1.1623,1.1590799999999999,1.16068,0,0
2025-12-03T11:00:00+0700,1.16365,1.16432,1.16349,1.16422,2481,0.0008300000000001084,0.0020157142857142795,0.0008300000000001084,0.0005699999999999594,9.999999999998899e-05,0.00016000000000016001,0.8795180722891857,0,0,,0,0,0,0,1.1610480217255743,1.1590681447966253,1.1623,1.1590799999999999,1.16068,0,0
2025-12-03T15:00:00+0700,1.16422,1.16523,1.16353,1.16451,6608,0.0017000000000000348,0.0019485714285714265,0.0017000000000000348,0.00028999999999990145,0.0007200000000000539,0.0006900000000000794,0.5764705882352711,0,0,,0,0,0,0,1.1613777339421865,1.1592815508830323,1.1623,1.1590799999999999,1.16068,0,0
2025-12-03T19:00:00+0700,1.16451,1.16748,1.16444,1.16659,7136,0.0030400000000001537,0.002049285714285722,0.0030400000000001537,0.002080000000000082,0.0008900000000000574,7.00000000000145e-05,0.7072368421052591,0,0,BOS_UP,1,0,0,0,1.1618741402334067,1.1595681567307565,1.1623,1.1590799999999999,1.16068,0,0
2025-12-03T23:00:00+0700,1.16658,1.16703,1.16541,1.16681,10077,0.0016199999999999548,0.0019285714285714381,0.0016199999999999548,0.00022999999999995246,0.000220000000000109,0.0011699999999998933,0.8641975308641264,0,0,BOS_UP,1,0,0,0,1.1623442221159395,1.1598521505844523,1.1623,1.1590799999999999,1.16068,0,0
2025-12-04T03:00:00+0700,1.16683,1.16771,1.16638,1.16698,3747,0.0013300000000000534,0.0017878571428571663,0.0013300000000000534,0.00014999999999987246,0.0007300000000001194,0.00045000000000006146,0.4511278195488044,1,0,,0,0,0,0,1.1627857247715643,1.1601316740909444,1.16748,1.16052,1.16681,1,0
2025-12-04T07:00:00+0700,1.16645,1.16726,1.16585,1.16628,3127,0.0014099999999999113,0.0016942857142857276,0.0014099999999999113,0.00017000000000000348,0.0008099999999999774,0.00042999999999993044,0.30496453900706205,0,0,,0,0,0,0,1.1631185128885582,1.1603727849109073,1.16748,1.16052,1.16681,0,0
2025-12-04T11:00:00+0700,1.16628,1.16635,1.16528,1.16592,3642,0.0010699999999999044,0.0016507142857142831,0.0010699999999999044,0.00035999999999991594,7.00000000000145e-05,0.0006399999999999739,0.5981308411215244,0,0,,0,0,0,0,1.163385321184886,1.1605903227575385,1.16748,1.16052,1.16681,0,0
2025-12-04T15:00:00+0700,1.16593,1.16815,1.16525,1.16772,6139,0.0029000000000001247,0.001805000000000009,0.0029000000000001247,0.0017900000000001803,0.00042999999999993044,0.0006800000000000139,0.8517241379310648,1,0,,0,0,0,0,1.1637981477387063,1.1608699179435173,1.16748,1.16052,1.16681,0,0
2025-12-04T19:00:00+0700,1.16772,1.16804,1.1651799999999999,1.16644,7364,0.0028600000000000847,0.001959285714285735,0.0028600000000000847,0.0012800000000001699,0.00031999999999987594,0.0012600000000000389,0.44055944055944113,0,0,,0,0,0,0,1.1640497527159723,1.1610883525339677,1.16748,1.16052,1.16681,1,0
2025-12-04T23:00:00+0700,1.16644,1.16764,1.16526,1.16557,8494,0.0023800000000000487,0.002032142857142895,0.0023800000000000487,0.0008699999999999264,0.0012000000000000899,0.00031000000000003247,0.1302521008403471,0,0,,0,0,0,0,1.1641945381715941,1.1612641034149886,1.16748,1.16052,1.16681,1,0
2025-12-05T03:00:00+0700,1.16556,1.16593,1.16406,1.16435,4087,0.0018699999999998163,0.00201428571428573,0.0018699999999998163,0.0012099999999999334,0.00036999999999998145,0.00028999999999990145,0.15508021390370585,0,0,,0,0,0,0,1.1642093440600136,1.161385118967342,1.16815,1.1651799999999999,1.16557,0,0
2025-12-05T07:00:00+0700,1.16417,1.16532,1.16406,1.1653,2769,0.0012599999999998168,0.0018757142857142822,0.0012599999999998168,0.0011300000000000754,1.999999999990898e-05,0.00010999999999983245,0.984126984127054,0,0,,0,0,0,0,1.1643132160542982,1.161538643713721,1.16815,1.1651799999999999,1.16557,0,1
2025-12-05T11:00:00+0700,1.1653,1.16587,1.1646,1.16587,3172,0.0012699999999998823,0.0018221428571428516,0.0012699999999998823,0.0005699999999999594,0.0,0.0006999999999999229,1.0,0,0,,0,0,0,0,1.1644614811919842,1.1617085008229868,1.16815,1.1651799999999999,1.16557,0,1
2025-12-05T15:00:00+0700,1.16587,1.16713,1.16478,1.1654,5787,0.0023500000000000743,0.001849285714285712,0.0023500000000000743,0.00046999999999997044,0.0012600000000000389,0.0006200000000000649,0.26382978723406186,1,0,,0,0,0,0,1.1645508639356046,1.1618532654965952,1.16815,1.1651799999999999,1.16557,0,1
2025-12-05T19:00:00+0700,1.1654,1.16564,1.16411,1.16513,6482,0.0015300000000000313,0.0018992857142857064,0.0015300000000000313,0.00026999999999999247,0.00024000000000001798,0.0010200000000000209,0.6666666666666666,0,0,,0,0,0,0,1.164606019751261,1.1619817648888855,1.16815,1.1651799999999999,1.16557,0,0
2025-12-05T23:00:00+0700,1.16513,1.16597,1.16275,1.16437,10247,0.0032200000000000006,0.002007857142857133,0.0032200000000000006,0.0007600000000000939,0.0008399999999999519,0.0016199999999999548,0.5031055900620977,0,1,,0,0,0,0,1.1645835416797123,1.1620754211677529,1.16815,1.1651799999999999,1.16557,0,0
2025-12-06T03:00:00+0700,1.16437,1.16482,1.16394,1.16419,4113,0.0008799999999999919,0.001853571428571407,0.0008799999999999919,0.00017999999999984695,0.00045000000000006146,0.0002500000000000835,0.2840909090910066,0,0,,0,0,0,0,1.1645460615197396,1.162158345827841,1.16713,1.16275,1.16437,0,0
2025-12-08T07:00:00+0700,1.16329,1.16529,1.16329,1.16511,5391,0.0020000000000000018,0.0018807142857142673,0.0020000000000000018,0.0018200000000001548,0.00017999999999984695,0.0,0.9100000000000766,0,0,,0,0,0,0,1.164599769946431,1.1622740969718472,1.16482,1.16394,1.16419,0,1
2025-12-08T11:00:00+0700,1.16514,1.16558,1.16482,1.16556,4253,0.0007600000000000939,0.0018399999999999844,0.0007600000000000939,0.0004199999999998649,2.0000000000131024e-05,0.000320000000000098,0.9736842105261466,0,0,,0,0,0,0,1.1646912204277233,1.1624029559141278,1.16482,1.16394,1.16419,0,0
2025-12-08T15:00:00+0700,1.16556,1.16717,1.16475,1.16482,7353,0.0024200000000000887,0.0019121428571428542,0.0024200000000000887,0.0007399999999999629,0.0016100000000001113,7.00000000000145e-05,0.02892561983471567,1,0,,0,0,0,0,1.1647034851488924,1.1624977419567109,1.16482,1.16394,1.16419,0,0
2025-12-08T19:00:00+0700,1.16482,1.1656900000000001,1.16453,1.1648,7383,0.0011600000000000499,0.0019185714285714361,0.0011600000000000499,1.999999999990898e-05,0.0008700000000001484,0.00026999999999999247,0.23275862068963868,0,0,,0,0,0,0,1.164712677039474,1.1625880265858597,1.16482,1.16394,1.16419,1,0
2025-12-08T23:00:00+0700,1.1648,1.16543,1.1616,1.1638600000000001,10117,0.00383,0.0019849999999999985,0.00383,0.0009399999999999409,0.0006299999999999084,0.0022600000000001508,0.5900783289817626,0,1,,0,0,0,0,1.1646314697023814,1.1626379078962181,1.16482,1.16394,1.16419,1,0
2025-12-09T03:00:00+0700,1.16387,1.16414,1.16338,1.16357,4578,0.0007599999999998719,0.0018349999999999836,0.0007599999999998719,0.00029999999999996696,0.00026999999999999247,0.00018999999999991246,0.24999999999992695,0,0,,0,0,0,0,1.1645303773497735,1.162674460527739,1.16717,1.1616,1.1638600000000001,0,0
2025-12-09T07:00:00+0700,1.16316,1.16472,1.16316,1.16468,3609,0.0015600000000000058,0.0017764285714285519,0.0015600000000000058,0.0015199999999999658,4.0000000000040004e-05,0.0,0.9743589743589488,0,0,,0,0,0,0,1.1645446271259856,1.1627531091344943,1.16717,1.1616,1.1638600000000001,0,0
2025-12-09T11:00:00+0700,1.16468,1.16498,1.16432,1.1648399999999999,4066,0.0006599999999998829,0.0016899999999999851,0.0006599999999998829,0.00015999999999993797,0.000140000000000029,0.00035999999999991594,0.7878787878787064,0,0,,0,0,0,0,1.1645727578758918,1.162834947991965,1.16717,1.1616,1.1638600000000001,0,0
2025-12-09T15:00:00+0700,1.1648399999999999,1.16568,1.16332,1.16519,6793,0.0023600000000001398,0.0017685714285714368,0.0023600000000001398,0.0003500000000000725,0.0004900000000001015,0.0015199999999999658,0.7923728813559016,1,0,,0,0,0,0,1.1646315428400926,1.1629273029726723,1.16717,1.1616,1.1638600000000001,0,0
2025-12-09T19:00:00+0700,1.16519,1.16538,1.16286,1.16341,7218,0.0025200000000000777,0.001857857142857165,0.0025200000000000777,0.0017799999999998928,0.0001900000000001345,0.0005500000000000504,0.21825396825398155,0,0,,0,0,0,0,1.1645152054267505,1.1629462322678616,1.16717,1.1616,1.1638600000000001,0,0
2025-12-09T23:00:00+0700,1.16341,1.16406,1.16146,1.16237,9926,0.0026000000000001577,0.0018757142857143139,0.0026000000000001577,0.001040000000000152,0.0006500000000000394,0.0009099999999999664,0.34999999999996584,0,1,,0,0,0,0,1.1643109001480123,1.162923634924024,1.16717,1.1616,1.1638600000000001,0,1
2025-12-10T03:00:00+0700,1.16236,1.16316,1.16164,1.16251,3714,0.0015199999999999658,0.0018750000000000236,0.0015199999999999658,0.00014999999999987246,0.0006500000000000394,0.0007200000000000539,0.572368421052596,0,0,,0,0,0,0,1.1641393858482016,1.1629074139466113,1.16568,1.16146,1.16237,0,0
2025-12-10T07:00:00+0700,1.1625,1.16284,1.16219,1.16233,3064,0.0006500000000000394,0.0016914285714285976,0.0006500000000000394,0.00017000000000000348,0.00034000000000000696,0.000140000000000029,0.21538461538464693,0,0,,0,0,0,0,1.163967063386468,1.1628847702624305,1.16568,1.16146,1.16237,0,0
2025-12-10T11:00:00+0700,1.16233,1.16305,1.1621299999999999,1.16293,2982,0.0009200000000000319,0.0016942857142857434,0.0009200000000000319,0.0005999999999999339,0.00011999999999989797,0.00020000000000020002,0.8695652173914198,0,0,,0,0,0,0,1.1638682954448998,1.1628865439776295,1.16568,1.16146,1.16237,0,0
2025-12-10T15:00:00+0700,1.16293,1.16573,1.16282,1.16361,6231,0.002909999999999968,0.001759285714285741,0.002909999999999968,0.0006800000000000139,0.0021199999999998997,0.0001100000000000545,0.271477663230267,0,0,,0,0,0,0,1.1638436958787188,1.1629149148020361,1.16568,1.16146,1.16237,1,0
2025-12-10T19:00:00+0700,1.16361,1.16419,1.16271,1.16397,6826,0.0014800000000001479,0.0018107142857143163,0.0014800000000001479,0.00035999999999991594,0.000220000000000109,0.0009000000000001229,0.8513513513512926,0,0,,0,0,0,0,1.1638557248426504,1.1629562906921522,1.16568,1.16146,1.16237,0,0
2025-12-10T23:00:00+0700,1.1639599999999999,1.16597,1.16334,1.16582,8636,0.00262999999999991,0.0018257142857143035,0.00262999999999991,0.0018600000000001948,0.00014999999999987246,0.0006199999999998429,0.9429657794677272,0,0,BOS_UP,1,0,0,0,1.1640427986671598,1.16306859301795,1.16568,1.16146,1.16237,0,0
2025-12-11T03:00:00+0700,1.16582,1.16993,1.16434,1.16942,12958,0.005589999999999984,0.0021421428571428702,0.005589999999999984,0.0035999999999998256,0.0005100000000000104,0.0014800000000001479,0.9087656529516973,0,0,BOS_UP,1,0,0,0,1.1645549130798112,1.16331766780156,1.16597,1.16164,1.16582,0,0
2025-12-11T07:00:00+0700,1.16936,1.17069,1.16858,1.17014,4711,0.0021100000000000563,0.0020192857142857313,0.0021100000000000563,0.0007800000000000029,0.0005500000000000504,0.0007800000000000029,0.7393364928909784,1,0,,0,0,0,0,1.1650868261198293,1.1635852102407145,1.16597,1.16164,1.16582,0,0
2025-12-11T11:00:00+0700,1.17013,1.17056,1.16841,1.1685,4565,0.0021500000000000963,0.002118571428571462,0.0021500000000000963,0.0016299999999997983,0.0004300000000001525,9.000000000014552e-05,0.04186046511634488,0,0,,0,0,0,0,1.165411890298893,1.1637779470940197,1.16597,1.16164,1.16582,0,0
2025-12-11T15:00:00+0700,1.16851,1.17061,1.16818,1.17016,6863,0.002429999999999932,0.0021807142857143136,0.002429999999999932,0.0016500000000001513,0.0004499999999998394,0.00032999999999994145,0.8148148148148757,0,1,,0,0,0,0,1.165864091222808,1.164028223678568,1.16597,1.16164,1.16582,0,0
2025-12-11T19:00:00+0700,1.17016,1.1736,1.16984,1.17305,8144,0.0037599999999999856,0.002402142857142892,0.0037599999999999856,0.002889999999999837,0.0005500000000000504,0.000320000000000098,0.8537234042553051,0,0,BOS_UP,1,0,0,0,1.1665484634873025,1.164382018828428,1.16597,1.16164,1.16582,0,0
2025-12-11T23:00:00+0700,1.17306,1.1762299999999999,1.17299,1.17547,10405,0.0032399999999999096,0.002465000000000019,0.0032399999999999096,0.0024100000000000232,0.0007599999999998719,7.00000000000145e-05,0.7654320987654651,1,0,,0,0,0,0,1.167398133631369,1.16481684161947,1.16597,1.16164,1.16582,0,0
2025-12-12T03:00:00+0700,1.17547,1.1758899999999999,1.17362,1.17374,4776,0.002269999999999772,0.002447142857142854,0.002269999999999772,0.0017300000000000093,0.0004199999999998649,0.00011999999999989797,0.05286343612330838,0,0,,0,0,0,0,1.168002120904572,1.1651667693990988,1.1762299999999999,1.16434,1.17547,0,0
2025-12-12T07:00:00+0700,1.17382,1.17459,1.17323,1.17346,3888,0.0013600000000000279,0.002358571428571416,0.0013600000000000279,0.000360000000000138,0.0007699999999999374,0.00022999999999995246,0.16911764705878513,0,0,,0,0,0,0,1.1685219189136602,1.165491994128546,1.1762299999999999,1.16434,1.17547,0,0
2025-12-12T11:00:00+0700,1.1734499999999999,1.17389,1.17307,1.17381,3523,0.0008200000000000429,0.0023085714285714216,0.0008200000000000429,0.000360000000000138,8.000000000008001e-05,0.0003799999999998249,0.9024390243901514,0,0,,0,0,0,0,1.1690255456837877,1.1658181904372305,1.1762299999999999,1.16434,1.17547,0,0
2025-12-12T15:00:00+0700,1.17381,1.17429,1.17264,1.17324,6976,0.0016500000000001513,0.002380000000000001,0.0016500000000001513,0.0005699999999999594,0.00048000000000003595,0.000600000000000156,0.3636363636364248,0,0,,0,0,0,0,1.1694269222853317,1.166109241792633,1.1762299999999999,1.16434,1.17547,0,0
2025-12-12T19:00:00+0700,1.17324,1.17346,1.17191,1.17269,6437,0.0015499999999999403,0.0024249999999999944,0.0015499999999999403,0.0005500000000000504,0.00021999999999988695,0.0007800000000000029,0.5032258064516342,0,1,,0,0,0,0,1.1697376915914905,1.1663673107419417,1.1762299999999999,1.16434,1.17547,0,0
2025-12-12T23:00:00+0700,1.17269,1.17477,1.17228,1.17473,9254,0.0024900000000001032,0.0023950000000000043,0.0024900000000001032,0.0020400000000000418,4.0000000000040004e-05,0.00041000000000002146,0.9839357429718721,0,0,,0,0,0,0,1.1702131495351582,1.166695259340297,1.1762299999999999,1.16434,1.17547,0,0
2025-12-13T03:00:00+0700,1.17473,1.17494,1.17349,1.17385,4953,0.0014500000000001734,0.002392857142857149,0.0014500000000001734,0.0008799999999999919,0.00021000000000004349,0.000360000000000138,0.248275862069031,1,0,,0,0,0,0,1.1705595162460956,1.1669758374053836,1.1758899999999999,1.17191,1.17473,0,0
2025-12-15T07:00:00+0700,1.17298,1.1742,1.17273,1.1741,3657,0.0014699999999998603,0.0023100000000000026,0.0014699999999998603,0.0011200000000000099,9.999999999998899e-05,0.00024999999999986144,0.9319727891156473,0,0,,0,0,0,0,1.170896705175039,1.1672552163306626,1.17494,1.17349,1.17385,0,1
2025-12-15T11:00:00+0700,1.1741,1.17444,1.17313,1.17341,4495,0.0013099999999999223,0.0020042857142857124,0.0013099999999999223,0.0006899999999998574,0.00034000000000000696,0.000280000000000058,0.2137404580153241,0,0,,0,0,0,0,1.1711360665869401,1.1674965803961268,1.17494,1.17349,1.17385,0,0
2025-12-15T15:00:00+0700,1.1734,1.17431,1.17259,1.17429,6724,0.0017199999999999438,0.0019764285714285617,0.0017199999999999438,0.0008900000000000574,1.999999999990898e-05,0.0008099999999999774,0.9883720930233083,0,1,,0,0,0,0,1.1714364411977076,1.1677629890080434,1.17494,1.17349,1.17385,0,1
2025-12-15T19:00:00+0700,1.17429,1.17594,1.17385,1.17471,5715,0.0020899999999999253,0.001972142857142835,0.0020899999999999253,0.0004199999999998649,0.0012300000000000644,0.00043999999999999595,0.4114832535884649,0,0,,0,0,0,0,1.1717482087026878,1.1680354208116497,1.17494,1.17349,1.17385,1,0
2025-12-15T23:00:00+0700,1.17468,1.1768399999999999,1.17436,1.17455,9723,0.0024799999999998157,0.001975714285714255,0.0024799999999998157,0.00012999999999996348,0.0021599999999999397,0.00018999999999991246,0.07661290322577685,1,0,,0,0,0,0,1.1720150459690986,1.1682908945053105,1.17494,1.17349,1.17385,1,0
2025-12-16T03:00:00+0700,1.17455,1.17526,1.17379,1.17522,3610,0.0014700000000000824,0.0018121428571428336,0.0014700000000000824,0.0006699999999999484,4.0000000000040004e-05,0.0007600000000000939,0.9727891156462328,0,1,,0,0,0,0,1.1723202796863272,1.1685626241325533,1.1768399999999999,1.17259,1.17455,0,0
2025-12-16T07:00:00+0700,1.17494,1.17575,1.17459,1.17515,3795,0.0011600000000000499,0.001663571428571415,0.0011600000000000499,0.00020999999999982144,0.000600000000000156,0.0003500000000000725,0.48275862068954295,0,0,,0,0,0,0,1.172589776859058,1.1688209525979434,1.1768399999999999,1.17259,1.17455,0,0
2025-12-16T11:00:00+0700,1.17515,1.17587,1.17488,1.1750099999999999,3901,0.0009900000000000464,0.0015721428571428633,0.0009900000000000464,0.000140000000000029,0.0007200000000000539,0.00012999999999996348,0.13131313131308828,0,0,,0,0,0,0,1.1728202743010525,1.1690636603392006,1.1768399999999999,1.17259,1.17455,0,0
2025-12-16T15:00:00+0700,1.17499,1.17636,1.17439,1.17558,6572,0.0019700000000000273,0.0016157142857142917,0.0019700000000000273,0.0005900000000000905,0.0007800000000000029,0.0005999999999999339,0.6040609137055878,0,1,,0,0,0,0,1.17308310532,1.1693192030709967,1.1768399999999999,1.17259,1.17455,0,0
2025-12-16T19:00:00+0700,1.17558,1.17943,1.17513,1.17754,9308,0.0042999999999999705,0.0018642857142857152,0.0042999999999999705,0.0019599999999999618,0.0018899999999999473,0.00045000000000006146,0.560465116279079,0,0,BOS_UP,1,0,0,0,1.1735075714799998,1.169641587264291,1.1768399999999999,1.17259,1.17455,0,0
2025-12-16T23:00:00+0700,1.17753,1.18035,1.17608,1.17634,12096,0.004269999999999996,0.0020514285714285613,0.004269999999999996,0.0011900000000000244,0.0028200000000000447,0.00025999999999992696,0.06088992974237171,1,0,,0,0,0,0,1.1737773265771427,1.1699042701166715,1.1768399999999999,1.17259,1.17455,1,0
2025-12-17T03:00:00+0700,1.17634,1.17635,1.17346,1.17456,6126,0.002890000000000059,0.0021471428571428553,0.002890000000000059,0.0017799999999998928,1.0000000000065512e-05,0.001100000000000101,0.3806228373702693,0,0,,0,0,0,0,1.173851866903129,1.170086847759155,1.18035,1.17379,1.17634,0,1
2025-12-17T07:00:00+0700,1.17451,1.1751800000000001,1.17447,1.17469,3569,0.0007100000000002105,0.0020200000000000057,0.0007100000000002105,0.000180000000000069,0.0004900000000001015,4.0000000000040004e-05,0.3098591549296391,0,0,,0,0,0,0,1.173931689102831,1.1702673635333058,1.18035,1.17379,1.17634,0,0
2025-12-17T11:00:00+0700,1.17469,1.17476,1.17244,1.17287,4464,0.0023200000000000998,0.002082142857142858,0.0023200000000000998,0.0018199999999999328,7.00000000000145e-05,0.0004300000000001525,0.18534482758626467,0,0,CHOCH_DN,0,0,0,1,1.1738305758549423,1.1703694277084704,1.18035,1.17379,1.17634,0,0
2025-12-17T15:00:00+0700,1.17287,1.17301,1.17027,1.17156,8432,0.0027400000000001867,0.002172857142857167,0.0027400000000001867,0.0013100000000001444,0.000140000000000029,0.0012900000000000134,0.470802919708002,0,1,,0,0,0,0,1.173614330535424,1.170416116817942,1.18035,1.17379,1.17634,0,0
2025-12-17T19:00:00+0700,1.17155,1.17328,1.17073,1.17314,8772,0.0025500000000000522,0.0022614285714286047,0.0025500000000000522,0.0015899999999999803,0.000140000000000029,0.0008200000000000429,0.945098039215676,0,0,,0,0,0,0,1.1735691561987172,1.170522935766258,1.18035,1.17379,1.17634,0,0
2025-12-17T23:00:00+0700,1.17313,1.17576,1.17278,1.17489,10258,0.0029799999999999827,0.0023514285714286076,0.0029799999999999827,0.0017599999999999838,0.0008699999999999264,0.0003500000000000725,0.7080536912751908,1,0,,0,0,0,0,1.1736949508464585,1.170694193187189,1.18035,1.17379,1.17634,0,1
2025-12-18T03:00:00+0700,1.17488,1.17551,1.17381,1.17392,4317,0.0017000000000000348,0.0023235714285714726,0.0017000000000000348,0.0009599999999998499,0.0006300000000001305,0.0001100000000000545,0.06470588235297191,0,0,,0,0,0,0,1.1737163840991767,1.1708206954151423,1.17635,1.17027,1.17489,0,0
2025-12-18T07:00:00+0700,1.17372,1.17454,1.17347,1.1738,3228,0.0010699999999999044,0.002222857142857193,0.0010699999999999044,7.999999999985796e-05,0.0007399999999999629,0.0002500000000000835,0.30841121495324386,0,0,,0,0,0,0,1.1737243475183028,1.1709375308890584,1.17635,1.17027,1.17489,0,0
2025-12-18T11:00:00+0700,1.1738,1.17464,1.17363,1.17454,3488,0.0010099999999999554,0.0021900000000000413,0.0010099999999999554,0.0007399999999999629,9.999999999998899e-05,0.00017000000000000348,0.9009900990099076,0,0,,0,0,0,0,1.1738020287070359,1.1710788041875266,1.17635,1.17027,1.17489,0,0
2025-12-18T15:00:00+0700,1.17454,1.1749100000000001,1.17168,1.17215,6536,0.003230000000000066,0.0023378571428571853,0.003230000000000066,0.002389999999999892,0.0003700000000002035,0.00046999999999997044,0.14551083591330055,0,0,,0,0,0,0,1.173644692639699,1.1711208118664473,1.17635,1.17027,1.17489,0,0
2025-12-18T19:00:00+0700,1.17215,1.17621,1.17122,1.17464,9579,0.00499000000000005,0.002623571428571471,0.00499000000000005,0.002489999999999881,0.0015700000000000713,0.0009300000000000974,0.6853707414829547,1,1,,0,0,0,0,1.1737394838168704,1.1712588192442337,1.17635,1.17027,1.17489,0,0
2025-12-18T23:00:00+0700,1.17459,1.17551,1.17148,1.17178,12590,0.004029999999999978,0.0027707142857143247,0.004029999999999978,0.002809999999999979,0.0009200000000000319,0.00029999999999996696,0.07444168734490536,0,0,,0,0,0,0,1.173552866310502,1.171279257705244,1.17635,1.17027,1.17489,0,0
2025-12-19T03:00:00+0700,1.1718,1.17273,1.17148,1.17224,4045,0.0012499999999999734,0.002552857142857182,0.0012499999999999734,0.00043999999999999595,0.0004900000000001015,0.00031999999999987594,0.6079999999999105,0,0,,0,0,0,0,1.1734278314237876,1.1713169338736658,1.17621,1.17122,1.17178,0,0
2025-12-19T07:00:00+0700,1.17156,1.1728399999999999,1.17156,1.1724,4013,0.0012799999999999478,0.00233928571428575,0.0012799999999999478,0.0008400000000001739,0.0004399999999997739,0.0,0.6562500000001626,0,0,,0,0,0,0,1.1733299427167603,1.1713594070550906,1.17621,1.17122,1.17178,0,0
2025-12-19T11:00:00+0700,1.17239,1.17281,1.17151,1.17196,3802,0.0012999999999998568,0.002225714285714307,0.0012999999999998568,0.0004300000000001525,0.0004199999999998649,0.0004499999999998394,0.34615384615376077,0,0,,0,0,0,0,1.1731994719818306,1.1713829597195968,1.17621,1.17122,1.17178,0,0
2025-12-19T15:00:00+0700,1.17195,1.17212,1.17029,1.17117,7833,0.0018299999999999983,0.002305714285714292,0.0018299999999999983,0.0007800000000000029,0.00017000000000000348,0.0008799999999999919,0.48087431693988675,0,0,BOS_DN,0,1,0,0,1.173006188935942,1.171374608358044,1.17621,1.17122,1.17178,0,0
2025-12-19T19:00:00+0700,1.17117,1.1718899999999999,1.17024,1.1718899999999999,7099,0.0016499999999999293,0.002257857142857137,0.0016499999999999293,0.0007199999999998319,0.0,0.0009300000000000974,1.0,0,1,,0,0,0,0,1.1728998852277572,1.1713948197949837,1.17621,1.17122,1.17178,0,1
2025-12-19T23:00:00+0700,1.1719,1.17373,1.1708,1.17188,9044,0.002929999999999877,0.002271428571428543,0.002929999999999877,1.999999999990898e-05,0.0018299999999999983,0.0010799999999999699,0.3686006825938618,1,0,,0,0,0,0,1.1728027533013041,1.1714138464696904,1.17621,1.17122,1.17178,0,1
2025-12-20T03:00:00+0700,1.17188,1.17267,1.17046,1.17068,4140,0.0022100000000000453,0.0022471428571428287,0.0022100000000000453,0.0012000000000000899,0.0007900000000000684,0.00021999999999988695,0.09954751131216401,0,0,,0,0,0,0,1.1726005863202273,1.1713850681767612,1.17373,1.17024,1.17188,0,0
2025-12-22T07:00:00+0700,1.17139,1.1719,1.17056,1.17168,4954,0.0013399999999998968,0.0021299999999999653,0.0013399999999998968,0.0002900000000001235,0.00021999999999988695,0.0008299999999998864,0.8358208955224598,0,0,,0,0,0,0,1.1725129114325865,1.1713966341306137,1.17267,1.17046,1.17068,0,0
2025-12-22T11:00:00+0700,1.17168,1.17217,1.17131,1.17168,2755,0.0008599999999998609,0.002069999999999953,0.0008599999999998609,0.0,0.0004899999999998794,0.00036999999999998145,0.43023255813958294,0,0,,0,0,0,0,1.1724335865342448,1.1714077465176485,1.17267,1.17046,1.17068,0,0
2025-12-22T15:00:00+0700,1.17168,1.17378,1.17126,1.17296,5593,0.0025200000000000777,0.0021735714285713937,0.0025200000000000777,0.0012799999999999478,0.0008200000000000429,0.00042000000000008697,0.6746031746031677,0,0,,0,0,0,0,1.172483721150031,1.1714686192032309,1.17267,1.17046,1.17068,0,0
2025-12-22T19:00:00+0700,1.17296,1.1754,1.17283,1.17502,7072,0.002569999999999961,0.0022849999999999654,0.002569999999999961,0.0020599999999999508,0.00038000000000004697,0.00012999999999996348,0.8521400778209912,0,0,CHOCH_UP,0,0,1,0,1.1727252715166947,1.1716078890383983,1.17267,1.17046,1.17068,0,0
2025-12-22T23:00:00+0700,1.1750099999999999,1.17689,1.17446,1.17577,7386,0.002429999999999932,0.0022278571428570987,0.002429999999999932,0.0007600000000000939,0.0011200000000000099,0.0005499999999998284,0.5390946502057444,0,0,BOS_UP,1,0,0,0,1.173015245657962,1.171771109076108,1.17267,1.17046,1.17068,0,0
2025-12-23T03:00:00+0700,1.17576,1.17614,1.17484,1.17604,3174,0.0012999999999998568,0.0019642857142856567,0.0012999999999998568,0.000280000000000058,9.999999999998899e-05,0.0009199999999998099,0.9230769230769231,0,0,BOS_UP,1,0,0,0,1.173303317500061,1.1719385165633194,1.17689,1.17056,1.17577,0,0
2025-12-23T07:00:00+0700,1.17533,1.17757,1.1752,1.17726,4805,0.0023699999999999832,0.0018457142857142284,0.0023699999999999832,0.0019299999999999873,0.00031000000000003247,0.00012999999999996348,0.8691983122362723,0,0,BOS_UP,1,0,0,0,1.173680144404817,1.1721472021882873,1.17689,1.17056,1.17577,0,0
2025-12-23T11:00:00+0700,1.17726,1.178,1.17721,1.17746,4055,0.0007899999999998464,0.0018128571428570764,0.0007899999999998464,0.00019999999999997797,0.0005399999999999849,4.999999999988347e-05,0.3164556962024178,0,0,BOS_UP,1,0,0,0,1.1740401306519772,1.1723555472005112,1.17689,1.17056,1.17577,0,0
2025-12-23T15:00:00+0700,1.17746,1.17924,1.17681,1.17922,6884,0.0024300000000001543,0.0018949999999999484,0.0024300000000001543,0.0017599999999999838,2.0000000000131024e-05,0.0006500000000000394,0.9917695473250495,0,0,BOS_UP,1,0,0,0,1.174533451542265,1.172624741427942,1.17689,1.17056,1.17577,0,0
2025-12-23T19:00:00+0700,1.17922,1.18015,1.17737,1.17743,9403,0.0027800000000000047,0.0020007142857142446,0.0027800000000000047,0.0017899999999999583,0.0009300000000000974,5.999999999994898e-05,0.021582733812931253,1,0,,0,0,0,0,1.1748093133001445,1.172813182940572,1.17689,1.17056,1.17577,0,0
2025-12-23T23:00:00+0700,1.17744,1.17799,1.17635,1.17703,10472,0.0016400000000000858,0.0019871428571428223,0.0016400000000000858,0.00041000000000002146,0.0005500000000000504,0.0006800000000000139,0.4146341463414502,0,1,,0,0,0,0,1.1750208072715593,1.1729785483154513,1.17689,1.17056,1.17577,0,0
2025-12-24T03:00:00+0700,1.17703,1.17963,1.1769,1.1791800000000001,4834,0.002729999999999899,0.0020642857142856774,0.002729999999999899,0.0021500000000000963,0.0004499999999998394,0.00012999999999996348,0.8351648351648879,0,0,,0,0,0,0,1.1754169208647443,1.1732217424991591,1.18015,1.17484,1.17703,0,0
2025-12-24T07:00:00+0700,1.1789399999999999,1.18058,1.17885,1.18049,5108,0.0017300000000000093,0.001978571428571401,0.0017300000000000093,0.0015500000000001624,8.999999999992347e-05,8.999999999992347e-05,0.9479768786127613,0,0,BOS_UP,1,0,0,0,1.175900071258578,1.1735067722050745,1.18015,1.17484,1.17703,0,0
2025-12-24T11:00:00+0700,1.1804999999999999,1.18075,1.17854,1.17985,4664,0.0022100000000000453,0.001978571428571401,0.0022100000000000453,0.0006499999999998174,0.0002500000000000835,0.0013100000000001444,0.5927601809955283,1,0,,0,0,0,0,1.1762762549482373,1.1737555262362482,1.18015,1.17484,1.17703,1,0
2025-12-24T15:00:00+0700,1.17985,1.18035,1.17791,1.17992,8008,0.0024399999999999977,0.002057142857142837,0.0024399999999999977,7.00000000000145e-05,0.00042999999999993044,0.0019400000000000528,0.8237704918033071,0,0,,0,0,0,0,1.1766232782865005,1.173997270305415,1.18015,1.17484,1.17703,1,0
2025-12-24T19:00:00+0700,1.17992,1.17995,1.17835,1.17848,6421,0.0016000000000000458,0.002109999999999993,0.0016000000000000458,0.0014400000000001079,2.999999999997449e-05,0.00012999999999996348,0.08124999999997484,0,0,,0,0,0,0,1.1768001089258813,1.174173063626771,1.18015,1.17484,1.17703,0,0
2025-12-24T23:00:00+0700,1.17843,1.17864,1.17722,1.1776200000000001,7705,0.0014199999999999768,0.002031428571428557,0.0014199999999999768,0.0008099999999999774,0.00020999999999982144,0.000400000000000178,0.2816901408452004,0,1,,0,0,0,0,1.176878193790083,1.1743082376021918,1.18015,1.17484,1.17703,0,0
2025-12-25T03:00:00+0700,1.17761,1.17816,1.17738,1.17758,2738,0.0007800000000000029,0.0019035714285714172,0.0007800000000000029,2.999999999997449e-05,0.0005500000000000504,0.00019999999999997797,0.2564102564102272,0,0,,0,0,0,0,1.1769450324767416,1.1744365420099492,1.18075,1.1769,1.1776200000000001,0,0
2025-12-26T07:00:00+0700,1.17765,1.17915,1.17763,1.17869,6772,0.0015699999999998493,0.0018421428571428397,0.0015199999999999658,0.0010399999999999299,0.00045999999999990493,2.0000000000131024e-05,0.6973684210526874,0,0,,0,0,0,0,1.1771112198599092,1.1746033442840689,1.17816,1.17738,1.17758,0,0
2025-12-26T11:00:00+0700,1.17869,1.17932,1.1779600000000001,1.1785700000000001,4279,0.0013599999999998058,0.0018464285714285505,0.0013599999999998058,0.00011999999999989797,0.0006299999999999084,0.0006099999999999994,0.4485294117647695,0,0,,0,0,0,0,1.1772501513018228,1.1747588994101839,1.17816,1.17738,1.17758,0,0
2025-12-26T15:00:00+0700,1.1785700000000001,1.17873,1.1766,1.17698,6127,0.0021299999999999653,0.001829285714285692,0.0021299999999999653,0.0015900000000002024,0.00015999999999993797,0.0003799999999998249,0.17840375586846532,0,0,CHOCH_DN,0,0,0,1,1.177224422606411,1.1748460013940982,1.17816,1.17738,1.17758,1,0
2025-12-26T19:00:00+0700,1.17698,1.17963,1.17685,1.1791,6069,0.0027800000000000047,0.0019714285714285606,0.0027800000000000047,0.002120000000000122,0.0005299999999999194,0.00012999999999996348,0.8093525179856408,1,0,,0,0,0,0,1.177403049024848,1.1750128248688396,1.17816,1.17738,1.17758,0,1
2025-12-26T23:00:00+0700,1.17912,1.1794,1.17611,1.17696,8717,0.003290000000000015,0.002032857142857122,0.003290000000000015,0.0021599999999999397,0.000280000000000058,0.0008500000000000174,0.2583586626139859,0,1,,0,0,0,0,1.1773608538796243,1.1750891846779048,1.17816,1.17738,1.17758,1,0
2025-12-27T03:00:00+0700,1.17698,1.17812,1.17652,1.17695,5268,0.0016000000000000458,0.0019485714285714106,0.0016000000000000458,2.999999999997449e-05,0.001140000000000141,0.00042999999999993044,0.2687499999999488,0,0,,0,0,0,0,1.1773217249387078,1.1751621578277909,1.17963,1.17611,1.17696,0,0
2025-12-29T07:00:00+0700,1.17633,1.17858,1.17633,1.17836,4116,0.0022499999999998632,0.0019921428571428234,0.0022499999999998632,0.0020299999999999763,0.00021999999999988695,0.0,0.9022222222222666,0,0,,0,0,0,0,1.1774206082778784,1.1752875634031716,1.17812,1.17652,1.17695,0,1
2025-12-29T11:00:00+0700,1.17836,1.17848,1.17534,1.17556,3851,0.0031399999999999206,0.002021428571428539,0.0031399999999999206,0.0028000000000001357,0.00011999999999989797,0.00021999999999988695,0.07006369426748169,0,1,,0,0,0,0,1.177243407489509,1.1752982471912827,1.17812,1.17652,1.17695,1,0
2025-12-29T15:00:00+0700,1.17556,1.17886,1.17539,1.17759,6899,0.003470000000000084,0.0021457142857142586,0.003470000000000084,0.0020299999999999763,0.0012700000000001044,0.00017000000000000348,0.6340057636887396,1,0,,0,0,0,0,1.177276416300032,1.175388119850448,1.17812,1.17652,1.17695,1,1
2025-12-29T19:00:00+0700,1.17759,1.1779600000000001,1.17551,1.17694,7566,0.0024500000000000632,0.002162857142857117,0.0024500000000000632,0.0006499999999998174,0.0003700000000002035,0.0014300000000000423,0.5836734693877573,0,0,,0,0,0,0,1.1772443766524099,1.1754489778955286,1.17812,1.17652,1.17695,0,1
2025-12-29T23:00:00+0700,1.17694,1.17883,1.1749,1.17516,9682,0.003929999999999989,0.002269285714285688,0.003929999999999989,0.0017800000000001148,0.0018899999999999473,0.00025999999999992696,0.06615776081423096,0,1,,0,0,0,0,1.1770458645902757,1.1754376454290374,1.17812,1.17652,1.17695,1,0
2025-12-30T03:00:00+0700,1.17516,1.17743,1.17502,1.17708,3257,0.0024100000000000232,0.0023271428571428293,0.0024100000000000232,0.0019199999999999218,0.0003500000000000725,0.000140000000000029,0.8547717842323365,0,0,,0,0,0,0,1.177049115581678,1.1755020514906438,1.17886,1.1749,1.17516,0,0
2025-12-30T07:00:00+0700,1.1766,1.17746,1.17615,1.1774499999999999,3302,0.0013099999999999223,0.0023192857142856826,0.0013099999999999223,0.0008499999999997954,1.0000000000065512e-05,0.00045000000000006146,0.99236641221369,0,0,,0,0,0,0,1.1770872950500897,1.1755784416282655,1.17886,1.1749,1.17516,0,0
2025-12-30T11:00:00+0700,1.1774499999999999,1.17785,1.177,1.17747,3022,0.0008500000000000174,0.0023242857142856837,0.0008500000000000174,2.0000000000131024e-05,0.00038000000000004697,0.0004499999999998394,0.5529411764705421,0,0,,0,0,0,0,1.1771237431405572,1.1756526203879414,1.17886,1.1749,1.17516,0,0
2025-12-30T15:00:00+0700,1.17747,1.17794,1.17638,1.17683,5792,0.0015600000000000058,0.002323571428571409,0.0015600000000000058,0.0006399999999999739,0.00046999999999997044,0.00045000000000006146,0.2884615384615768,1,0,,0,0,0,0,1.1770957676033613,1.175698792137434,1.17886,1.1749,1.17516,0,0
2025-12-30T19:00:00+0700,1.17683,1.1777,1.1755,1.17629,7210,0.0021999999999999797,0.0023835714285714215,0.0021999999999999797,0.0005399999999999849,0.0008699999999999264,0.0007900000000000684,0.3590909090909435,0,0,,0,0,0,0,1.1770190278316126,1.1757219767594955,1.17886,1.1749,1.17516,0,0
2025-12-30T23:00:00+0700,1.17629,1.17661,1.17448,1.17555,8148,0.0021299999999999653,0.0023835714285714215,0.0021299999999999653,0.0007399999999999629,0.00031999999999987594,0.0010700000000001264,0.5023474178404431,0,0,,0,0,0,0,1.176879120419078,1.1757152325728486,1.17886,1.1749,1.17516,0,1
2025-12-31T03:00:00+0700,1.17556,1.1759,1.17429,1.17464,3439,0.0016099999999998893,0.0022999999999999848,0.0016099999999998893,0.0009200000000000319,0.00034000000000000696,0.00034999999999985043,0.21739130434774814,0,0,BOS_DN,0,1,0,0,1.1766658708553561,1.1756730665895996,1.17794,1.17448,1.17555,0,1
2025-12-31T07:00:00+0700,1.17421,1.17487,1.17414,1.17421,2135,0.0007300000000001194,0.002117142857142849,0.0007300000000001194,0.0,0.000660000000000105,7.00000000000145e-05,0.09589041095890828,0,0,BOS_DN,0,1,0,0,1.1764319783929411,1.175615691429223,1.17794,1.17448,1.17555,0,0
2025-12-31T11:00:00+0700,1.17421,1.17431,1.17326,1.17381,2979,0.0010499999999999954,0.0020778571428571313,0.0010499999999999954,0.00039999999999995595,9.999999999998899e-05,0.0005500000000000504,0.5238095238095741,0,0,BOS_DN,0,1,0,0,1.1761822661650418,1.175544880000626,1.17794,1.17448,1.17555,0,0
2025-12-31T15:00:00+0700,1.17381,1.17394,1.17196,1.1734499999999999,5575,0.001980000000000093,0.0020585714285714335,0.001980000000000093,0.000360000000000138,0.00012999999999996348,0.0014899999999999913,0.7525252525252129,0,1,,0,0,0,0,1.1759220503397998,1.1754627278437388,1.17794,1.17448,1.17555,0,0
2025-12-31T19:00:00+0700,1.17346,1.1759,1.17282,1.17414,7158,0.0030799999999999716,0.002054285714285723,0.0030799999999999716,0.0006800000000000139,0.0017599999999999838,0.0006399999999999739,0.42857142857142855,1,0,,0,0,0,0,1.175752331259819,1.1754108561635923,1.17794,1.17448,1.17555,0,0
2025-12-31T23:00:00+0700,1.17415,1.17484,1.17198,1.17354,10258,0.0028600000000000847,0.002010714285714294,0.0028600000000000847,0.0006099999999999994,0.0006900000000000794,0.0015600000000000058,0.5454545454545313,0,0,,0,0,0,0,1.1755416330445982,1.1753374892552162,1.17794,1.17448,1.17555,0,0
2026-01-01T03:00:00+0700,1.17355,1.17526,1.173,1.17444,4349,0.0022599999999999287,0.001997142857142856,0.0022599999999999287,0.0008899999999998354,0.0008200000000000429,0.0005500000000000504,0.6371681415928899,0,0,,0,0,0,0,1.1754367156117793,1.175302293598149,1.1759,1.17196,1.17354,0,0
2026-01-02T07:00:00+0700,1.17447,1.1762299999999999,1.17447,1.17605,2567,0.0017899999999999583,0.001844285714285711,0.0017599999999999838,0.0015800000000001369,0.00017999999999984695,0.0,0.8977272727273587,0,0,CHOCH_UP,0,0,1,0,1.1754951236487527,1.1753316154178293,1.17526,1.173,1.17444,0,0
2026-01-02T11:00:00+0700,1.17605,1.17645,1.17503,1.17509,2699,0.0014199999999999768,0.0017735714285714219,0.0014199999999999768,0.0009600000000000719,0.00039999999999995595,5.999999999994898e-05,0.04225352112672533,1,0,,0,0,0,0,1.1754565404441095,1.1753221403034046,1.17526,1.173,1.17444,1,0
2026-01-02T15:00:00+0700,1.17509,1.17509,1.17202,1.1721,6655,0.003069999999999906,0.0018992857142857064,0.003069999999999906,0.002990000000000048,0.0,7.999999999985796e-05,0.026058631921778635,0,0,,0,0,0,0,1.1751368699256228,1.175195781860134,1.17526,1.173,1.17444,0,0
2026-01-02T19:00:00+0700,1.1721,1.17286,1.17129,1.17212,6401,0.0015700000000000713,0.0019507142857142818,0.0015700000000000713,2.0000000000131024e-05,0.0007399999999999629,0.0008099999999999774,0.5286624203822107,0,1,,0,0,0,0,1.1748495489803255,1.1750751629636582,1.17526,1.173,1.17444,0,0
2026-01-02T23:00:00+0700,1.1721300000000001,1.17538,1.17153,1.17302,8763,0.003850000000000131,0.002114285714285719,0.003850000000000131,0.0008899999999998354,0.0023600000000001398,0.000600000000000156,0.3870129870129716,1,0,,0,0,0,0,1.1746753062202946,1.1749945683376326,1.17526,1.173,1.17444,1,1
2026-01-03T03:00:00+0700,1.17302,1.1730800000000001,1.17138,1.17183,4765,0.0017000000000000348,0.0020785714285714374,0.0017000000000000348,0.0011900000000000244,6.000000000017103e-05,0.0004499999999998394,0.2647058823528413,0,0,,0,0,0,0,1.1744043246755047,1.1748704676185098,1.17645,1.17129,1.17302,0,0
2026-01-05T07:00:00+0700,1.17185,1.17198,1.16994,1.16999,5136,0.0020400000000000418,0.0020721428571428718,0.0020400000000000418,0.0018599999999999728,0.00012999999999996348,5.0000000000105516e-05,0.02450980392161985,0,0,CHOCH_DN,0,0,0,1,1.1739839128016472,1.1746790767315094,1.1730800000000001,1.17138,1.17183,0,0
2026-01-05T11:00:00+0700,1.16999,1.17012,1.16719,1.16849,4913,0.002930000000000099,0.002166428571428601,0.002930000000000099,0.0015000000000000568,0.00012999999999996348,0.0013000000000000789,0.44368600682595044,0,0,BOS_DN,0,1,0,0,1.1734606830110141,1.1744363678400778,1.1730800000000001,1.17138,1.17183,0,0
2026-01-05T15:00:00+0700,1.16849,1.1694499999999999,1.16733,1.1682,7124,0.0021199999999998997,0.0022657142857142993,0.0021199999999998997,0.0002900000000001235,0.0009599999999998499,0.0008699999999999264,0.41037735849055074,0,0,BOS_DN,0,1,0,0,1.1729596655813939,1.174191804395369,1.1730800000000001,1.17138,1.17183,0,0
2026-01-05T19:00:00+0700,1.1682,1.16905,1.16585,1.16741,8550,0.0031999999999998696,0.002419285714285719,0.0031999999999998696,0.0007899999999998464,0.0008500000000000174,0.0015600000000000058,0.4875000000000217,0,1,,0,0,0,0,1.1724311260022136,1.1739258512818251,1.1730800000000001,1.17138,1.17183,0,0
2026-01-05T23:00:00+0700,1.16741,1.17193,1.16728,1.1714,10668,0.004649999999999821,0.002609999999999985,0.004649999999999821,0.003989999999999938,0.0005299999999999194,0.00012999999999996348,0.886021505376357,0,0,,0,0,0,0,1.1723329235258122,1.173826798290381,1.1730800000000001,1.17138,1.17183,0,1
2026-01-06T03:00:00+0700,1.1714,1.17283,1.17129,1.17202,4432,0.0015400000000000968,0.0024999999999999944,0.0015400000000000968,0.0006200000000000649,0.0008099999999999774,0.0001100000000000545,0.47402597402602176,0,0,,0,0,0,0,1.1723031212852586,1.173755943455464,1.17198,1.16585,1.1714,0,0
2026-01-06T07:00:00+0700,1.17175,1.1724999999999999,1.17102,1.1724999999999999,3635,0.0014799999999999258,0.0024014285714285544,0.0014799999999999258,0.0007499999999998064,0.0,0.0007300000000001194,1.0,0,0,,0,0,0,0,1.1723218716390433,1.1737066907709361,1.17198,1.16585,1.1714,0,0
2026-01-06T11:00:00+0700,1.1724999999999999,1.17378,1.17217,1.17283,4161,0.0016100000000001113,0.002354999999999996,0.0016100000000001113,0.0003300000000001635,0.0009500000000000064,0.00032999999999994145,0.4099378881987946,0,0,,0,0,0,0,1.1723702648162773,1.1736723107407034,1.17198,1.16585,1.1714,0,0
2026-01-06T15:00:00+0700,1.1728399999999999,1.17424,1.17076,1.1712799999999999,7343,0.0034799999999999276,0.0024757142857142794,0.0034799999999999276,0.0015600000000000058,0.0014000000000000679,0.0005199999999998539,0.14942528735628297,1,0,,0,0,0,0,1.17226643007187,1.1735784946332248,1.17198,1.16585,1.1714,1,0
2026-01-06T19:00:00+0700,1.1712799999999999,1.17167,1.16967,1.17106,7498,0.0020000000000000018,0.0025171428571428528,0.0020000000000000018,0.00021999999999988695,0.0003900000000001125,0.0013900000000000023,0.6950000000000005,0,0,,0,0,0,0,1.172151531969787,1.1734797301378042,1.17198,1.16585,1.1714,0,0
2026-01-06T23:00:00+0700,1.17106,1.17171,1.16835,1.17002,10292,0.0033600000000000296,0.0025378571428571473,0.0033600000000000296,0.0010399999999999299,0.0006500000000000394,0.0016700000000000603,0.4970238095238231,0,0,,0,0,0,0,1.1719485289250455,1.1733440544461256,1.17198,1.16585,1.1714,0,0
2026-01-07T03:00:00+0700,1.17002,1.17017,1.16834,1.16872,4232,0.0018299999999999983,0.0025564285714285706,0.0018299999999999983,0.0013000000000000789,0.00014999999999987246,0.00038000000000004697,0.20765027322406956,0,0,,0,0,0,0,1.1716410499798031,1.1731627189776501,1.17424,1.16835,1.17002,0,1
2026-01-07T07:00:00+0700,1.1684,1.17001,1.16831,1.16952,3390,0.0017000000000000348,0.002402857142857135,0.0017000000000000348,0.0011199999999997878,0.0004900000000001015,9.000000000014552e-05,0.7117647058822991,0,0,,0,0,0,0,1.171439045219822,1.1730198672530363,1.17424,1.16835,1.17002,0,1
2026-01-07T11:00:00+0700,1.16952,1.17023,1.16904,1.16927,3913,0.0011900000000000244,0.002366428571428563,0.0011900000000000244,0.00024999999999986144,0.0007100000000002105,0.00022999999999995246,0.19327731092432585,1,0,,0,0,0,0,1.1712324694846008,1.1728728136352702,1.17424,1.16835,1.17002,0,0
2026-01-07T15:00:00+0700,1.16927,1.16991,1.16724,1.16838,6329,0.00266999999999995,0.0024114285714285566,0.00266999999999995,0.0008900000000000574,0.0006399999999999739,0.0011399999999999189,0.426966292134809,0,1,,0,0,0,0,1.1709608057241625,1.1726966248652595,1.17424,1.16835,1.17002,0,1
2026-01-07T19:00:00+0700,1.16838,1.16944,1.16807,1.16912,6890,0.0013700000000000934,0.0022999999999999848,0.0013700000000000934,0.0007399999999999629,0.000320000000000098,0.00031000000000003247,0.766423357664178,0,0,,0,0,0,0,1.1707854908932898,1.172556365066622,1.17424,1.16835,1.17002,0,1
2026-01-07T23:00:00+0700,1.16911,1.16982,1.1679599999999999,1.1687400000000001,10305,0.0018600000000001948,0.002281428571428577,0.0018600000000001948,0.00036999999999998145,0.0007099999999999884,0.000780000000000225,0.41935483870975443,0,0,,0,0,0,0,1.1705906822367862,1.1724067036914605,1.17424,1.16835,1.17002,0,1
2026-01-08T03:00:00+0700,1.16876,1.16898,1.16732,1.16744,4022,0.0016599999999999948,0.002171428571428586,0.0016599999999999948,0.0013199999999999878,0.00021999999999988695,0.00012000000000012001,0.07228915662657855,0,0,,0,0,0,0,1.1702906172618541,1.1722119309976777,1.17023,1.16724,1.1687400000000001,0,0
2026-01-08T07:00:00+0700,1.16729,1.16776,1.16724,1.16743,2211,0.0005199999999998539,0.0018764285714285883,0.0005199999999998539,0.000140000000000029,0.00032999999999994145,4.999999999988347e-05,0.3653846153845497,0,0,,0,0,0,0,1.17001817752263,1.1720244042918864,1.17023,1.16724,1.1687400000000001,0,0
2026-01-08T11:00:00+0700,1.16744,1.16825,1.16722,1.1682,3445,0.0010300000000000864,0.0018400000000000163,0.0010300000000000864,0.0007599999999998719,5.0000000000105516e-05,0.000220000000000109,0.9514563106795133,0,0,,0,0,0,0,1.16984501775857,1.1718744276529889,1.17023,1.16724,1.1687400000000001,0,1
2026-01-08T15:00:00+0700,1.1682,1.16825,1.16685,1.16763,6582,0.0014000000000000679,0.0018342857142857407,0.0014000000000000679,0.0005699999999999594,5.0000000000105516e-05,0.0007800000000000029,0.5571428571428322,0,0,,0,0,0,0,1.1696340636863252,1.1717079795097345,1.17023,1.16724,1.1687400000000001,0,1
2026-01-08T19:00:00+0700,1.16763,1.16815,1.16578,1.16624,6349,0.0023699999999999832,0.0018885714285714458,0.0023699999999999832,0.0013900000000000023,0.000520000000000076,0.00045999999999990493,0.19409282700418068,0,0,BOS_DN,0,1,0,0,1.1693108195257227,1.1714935489407252,1.17023,1.16724,1.1687400000000001,0,0
2026-01-08T23:00:00+0700,1.16624,1.1673499999999999,1.16432,1.16502,8875,0.003029999999999866,0.0018564285714285842,0.003029999999999866,0.0012199999999999989,0.0011099999999999444,0.0006999999999999229,0.23102310231021578,0,0,BOS_DN,0,1,0,0,1.1689021700470825,1.171239684276383,1.17023,1.16724,1.1687400000000001,0,0
2026-01-09T03:00:00+0700,1.16501,1.16621,1.16422,1.16571,4460,0.0019899999999999363,0.0018557142857142939,0.0019899999999999363,0.0006999999999999229,0.0004999999999999449,0.0007900000000000684,0.7487437185929845,0,1,,0,0,0,0,1.1685981538521222,1.1710228339126032,1.16898,1.16432,1.16502,0,1
2026-01-09T07:00:00+0700,1.16562,1.16619,1.1648,1.16487,2850,0.0013900000000000023,0.0017150000000000062,0.0013900000000000023,0.0007500000000000284,0.0005699999999999594,7.00000000000145e-05,0.05035971223022617,0,0,,0,0,0,0,1.1682430915804916,1.1707815463081874,1.16898,1.16432,1.16502,0,0
2026-01-09T11:00:00+0700,1.16487,1.16588,1.16455,1.16506,3601,0.0013300000000000534,0.0016792857142857245,0.0013300000000000534,0.00018999999999991246,0.0008200000000000429,0.000320000000000098,0.38345864661653384,0,0,,0,0,0,0,1.1679399400013972,1.1705571719431607,1.16898,1.16432,1.16502,0,0
2026-01-09T15:00:00+0700,1.16506,1.16525,1.16397,1.1642000000000001,5642,0.0012799999999999478,0.0016492857142857181,0.0012799999999999478,0.0008599999999998609,0.00018999999999991246,0.0002300000000001745,0.17968750000014366,0,0,BOS_DN,0,1,0,0,1.1675837552393595,1.1703078710826447,1.16898,1.16432,1.16502,0,0
2026-01-09T19:00:00+0700,1.1642000000000001,1.16601,1.16252,1.16448,8185,0.003489999999999993,0.0018135714285714302,0.003489999999999993,0.00027999999999983594,0.0015300000000000313,0.0016800000000001258,0.5616045845272107,1,0,,0,0,0,0,1.1672881595022777,1.1700793271186194,1.16898,1.16432,1.16502,0,1
2026-01-09T23:00:00+0700,1.16441,1.1652,1.16177,1.16312,12225,0.003430000000000044,0.0018678571428571513,0.003430000000000044,0.0012900000000000134,0.0007900000000000684,0.0013499999999999623,0.39358600583088776,0,1,,0,0,0,0,1.1668911919306322,1.1698064123296539,1.16898,1.16432,1.16502,0,0
2026-01-10T03:00:00+0700,1.16314,1.16395,1.16281,1.16317,3903,0.001140000000000141,0.0018514285714285833,0.001140000000000141,2.999999999997449e-05,0.0007800000000000029,0.0003300000000001635,0.31578947368429255,0,0,,0,0,0,0,1.1665367926991435,1.1695461608657458,1.16621,1.16177,1.16312,0,0
2026-01-12T07:00:00+0700,1.16268,1.16709,1.16212,1.16559,5772,0.004969999999999919,0.0020735714285714207,0.004969999999999919,0.002909999999999968,0.0015000000000000568,0.0005599999999998939,0.6981891348088367,0,0,,0,0,0,0,1.1664466219658916,1.1693910173023834,1.16395,1.16281,1.16317,0,1
2026-01-12T11:00:00+0700,1.16557,1.16705,1.16525,1.16687,4068,0.0018000000000000238,0.002083571428571423,0.0018000000000000238,0.0013000000000000789,0.00017999999999984695,0.000320000000000098,0.9000000000000864,0,0,CHOCH_UP,0,0,1,0,1.1664869436834255,1.1692921538787606,1.16395,1.16281,1.16317,0,0
2026-01-12T15:00:00+0700,1.16687,1.16954,1.16636,1.16816,7522,0.0031799999999999606,0.0022735714285714304,0.0031799999999999606,0.0012900000000000134,0.0013799999999999368,0.0005100000000000104,0.5660377358490711,0,0,BOS_UP,1,0,0,0,1.1666462823802422,1.1692477556874368,1.16395,1.16281,1.16317,0,0
2026-01-12T19:00:00+0700,1.1681300000000001,1.16981,1.1675200000000001,1.16924,7217,0.0022899999999999032,0.002363571428571417,0.0022899999999999032,0.0011099999999999444,0.0005699999999999594,0.0006099999999999994,0.7510917030567758,1,0,,0,0,0,0,1.1668933031059332,1.1692474515428313,1.16395,1.16281,1.16317,0,0
2026-01-12T23:00:00+0700,1.16922,1.16924,1.16657,1.16682,8864,0.00266999999999995,0.0024542857142856945,0.00266999999999995,0.0023999999999999577,2.0000000000131024e-05,0.00024999999999986144,0.09363295880144798,0,0,,0,0,0,0,1.166886321857749,1.169152257364681,1.16395,1.16281,1.16317,0,0
2026-01-13T03:00:00+0700,1.16682,1.16733,1.16626,1.16649,3266,0.0010699999999999044,0.002361428571428546,0.0010699999999999044,0.00032999999999994145,0.0005100000000000104,0.00022999999999995246,0.21495327102801218,0,0,,0,0,0,0,1.1668485769189159,1.1690478551150858,1.16981,1.16212,1.16682,0,0
2026-01-13T07:00:00+0700,1.16661,1.16702,1.1656,1.16578,3671,0.0014199999999999768,0.002246428571428554,0.0014199999999999768,0.0008299999999998864,0.00041000000000002146,0.000180000000000069,0.12676056338033234,0,0,,0,0,0,0,1.1667468076885428,1.1689197039341022,1.16981,1.16212,1.16682,0,0
2026-01-13T11:00:00+0700,1.16581,1.16671,1.16561,1.16623,3643,0.0010999999999998789,0.0021828571428571214,0.0010999999999998789,0.00042000000000008697,0.0004799999999998139,0.00019999999999997797,0.5636363636364847,0,0,,0,0,0,0,1.1666975879086816,1.1688142253484513,1.16981,1.16212,1.16682,0,0
2026-01-13T15:00:00+0700,1.16624,1.16722,1.16534,1.16714,5889,0.0018799999999998818,0.0022178571428571126,0.0018799999999998818,0.0009000000000001229,7.999999999985796e-05,0.0008999999999999009,0.9574468085107112,0,0,,0,0,0,0,1.166739722393569,1.1687485694524335,1.16981,1.16212,1.16682,0,0
2026-01-13T19:00:00+0700,1.16714,1.16771,1.16497,1.1668,7469,0.0027399999999999647,0.002318571428571392,0.0027399999999999647,0.00034000000000000696,0.0005699999999999594,0.0018299999999999983,0.6678832116788401,1,0,,0,0,0,0,1.166745463117991,1.1686721549641028,1.16981,1.16212,1.16682,0,0
2026-01-13T23:00:00+0700,1.16679,1.16729,1.16337,1.16456,10300,0.0039199999999999235,0.002507142857142819,0.0039199999999999235,0.0022299999999999542,0.0004999999999999449,0.0011900000000000244,0.3035714285714407,0,1,,0,0,0,0,1.1665373237734205,1.1685108939851183,1.16981,1.16212,1.16682,0,0
2026-01-14T03:00:00+0700,1.16456,1.16541,1.16411,1.16414,4299,0.0013000000000000789,0.0023507142857142537,0.0013000000000000789,0.00042000000000008697,0.0008500000000000174,2.999999999997449e-05,0.023076923076902053,0,0,,0,0,0,0,1.166309007223571,1.1683394863778587,1.16771,1.16337,1.16456,0,0
2026-01-14T07:00:00+0700,1.16402,1.16451,1.16365,1.16376,2737,0.0008599999999998609,0.002167142857142812,0.0008599999999998609,0.000260000000000149,0.0004899999999998794,0.00010999999999983245,0.1279069767440119,0,0,,0,0,0,0,1.1660662446308498,1.1681598986767663,1.16771,1.16337,1.16456,0,0
2026-01-14T11:00:00+0700,1.16376,1.16485,1.16358,1.16417,3108,0.0012699999999998823,0.0021764285714285076,0.0012699999999998823,0.00041000000000002146,0.0006800000000000139,0.00017999999999984695,0.4645669291337977,0,1,,0,0,0,0,1.1658856499041024,1.1680034320619912,1.16771,1.16337,1.16456,0,0
2026-01-14T15:00:00+0700,1.16416,1.16533,1.16405,1.16514,5525,0.0012799999999999478,0.0019128571428570812,0.0012799999999999478,0.0009799999999999809,0.00018999999999991246,0.0001100000000000545,0.8515625000000624,0,0,,0,0,0,0,1.1658146356275212,1.1678911406085797,1.16771,1.16337,1.16456,0,0
2026-01-14T19:00:00+0700,1.16513,1.16594,1.16434,1.16495,7706,0.0016000000000000458,0.0018985714285713687,0.0016000000000000458,0.000180000000000069,0.0008099999999999774,0.0006099999999999994,0.3812499999999887,0,0,,0,0,0,0,1.165732289377281,1.1677758017611843,1.16771,1.16337,1.16456,0,0
2026-01-14T23:00:00+0700,1.16495,1.16612,1.16451,1.16463,10205,0.0016100000000001113,0.0017864285714285222,0.0016100000000001113,0.00031999999999987594,0.0011700000000001154,0.00012000000000012001,0.07453416149075262,1,0,,0,0,0,0,1.1656273094365877,1.167652436986236,1.16771,1.16337,1.16456,0,0
2026-01-15T03:00:00+0700,1.16462,1.16472,1.1635,1.1644,4751,0.0012199999999999989,0.0017099999999999576,0.0012199999999999989,0.00021999999999988695,9.999999999998899e-05,0.0009000000000001229,0.7377049180328883,0,0,,0,0,0,0,1.1655104228235793,1.1675248904377562,1.16612,1.16358,1.16463,0,1
2026-01-15T07:00:00+0700,1.16435,1.16465,1.16327,1.16382,3768,0.0013799999999999368,0.0016178571428570995,0.0013799999999999368,0.0005299999999999194,0.00029999999999996696,0.0005500000000000504,0.39855072463773594,0,0,,0,0,0,0,1.1653494301737146,1.1673796006166677,1.16612,1.16358,1.16463,0,1
2026-01-15T11:00:00+0700,1.16382,1.16411,1.1633,1.16348,3347,0.0008099999999999774,0.0015992857142856762,0.0008099999999999774,0.00034000000000000696,0.00028999999999990145,0.000180000000000069,0.2222222222223136,0,0,CHOCH_DN,0,0,0,1,1.1651713892047895,1.1672266751022886,1.16612,1.16358,1.16463,0,0
2026-01-15T15:00:00+0700,1.16347,1.16394,1.16256,1.16354,5893,0.0013799999999999368,0.0015964285714285304,0.0013799999999999368,7.00000000000145e-05,0.00039999999999995595,0.0009099999999999664,0.7101449275362506,0,0,BOS_DN,0,1,0,0,1.1650160188043335,1.167082099608081,1.16612,1.16358,1.16463,0,0
2026-01-15T19:00:00+0700,1.16354,1.16405,1.15984,1.16009,7021,0.004210000000000047,0.0018185714285713997,0.004210000000000047,0.003449999999999953,0.0005100000000000104,0.0002500000000000835,0.059382422802869525,0,0,BOS_DN,0,1,0,0,1.1645468741563019,1.1668078996234506,1.16612,1.16358,1.16463,0,0
2026-01-15T23:00:00+0700,1.16009,1.16133,1.15926,1.16085,9291,0.0020700000000000163,0.0018321428571428378,0.0020700000000000163,0.0007599999999998719,0.00048000000000003595,0.0008300000000001084,0.7681159420289699,0,1,,0,0,0,0,1.1641947909033208,1.1665742565009622,1.16612,1.16358,1.16463,0,0
2026-01-16T03:00:00+0700,1.16084,1.1616900000000001,1.16024,1.16083,4272,0.0014500000000001734,0.0017399999999999955,0.0014500000000001734,1.0000000000065512e-05,0.0008500000000000174,0.0005900000000000905,0.4068965517241517,0,0,,0,0,0,0,1.163874334626814,1.1663489915401404,1.16472,1.15926,1.16085,0,0
2026-01-16T07:00:00+0700,1.16036,1.16097,1.1602000000000001,1.16064,3239,0.0007699999999999374,0.0015149999999999966,0.0007699999999999374,0.00027999999999983594,0.0003300000000001635,0.00015999999999993797,0.5714285714283243,0,0,,0,0,0,0,1.1635663027575938,1.1661251095189584,1.16472,1.15926,1.16085,0,0
2026-01-16T11:00:00+0700,1.16064,1.16137,1.16055,1.16062,3421,0.0008200000000000429,0.0014807142857142797,0.0008200000000000429,1.999999999990898e-05,0.0007300000000001194,7.00000000000145e-05,0.08536585365854979,0,0,,0,0,0,0,1.1632857024949657,1.1659092228711563,1.16472,1.15926,1.16085,0,0
2026-01-16T15:00:00+0700,1.16062,1.16147,1.16038,1.16078,5344,0.0010900000000000354,0.0014971428571428635,0.0010900000000000354,0.00015999999999993797,0.0006900000000000794,0.00024000000000001798,0.36697247706416786,0,0,,0,0,0,0,1.1630470641621118,1.1657080768762091,1.16472,1.15926,1.16085,0,0
2026-01-16T19:00:00+0700,1.16079,1.16229,1.16076,1.16181,6106,0.0015300000000000313,0.0015157142857143027,0.0015300000000000313,0.0010200000000000209,0.00048000000000003595,2.999999999997449e-05,0.6862745098039045,0,0,,0,0,0,0,1.162929248527625,1.1655552111163578,1.16472,1.15926,1.16085,0,0
2026-01-16T23:00:00+0700,1.16181,1.16269,1.15841,1.15952,11406,0.0042800000000000615,0.0017300000000000251,0.0042800000000000615,0.0022899999999999032,0.0008799999999999919,0.0011100000000001664,0.2593457943925585,0,0,,0,0,0,0,1.1626045581916606,1.1653185361706184,1.16472,1.15926,1.16085,0,1
2026-01-17T03:00:00+0700,1.15952,1.16018,1.15889,1.15972,4109,0.0012900000000000134,0.0017078571428571657,0.0012900000000000134,0.00019999999999997797,0.00045999999999990493,0.0006300000000001305,0.6434108527132557,0,0,,0,0,0,0,1.1623298383638834,1.1650989857325549,1.16269,1.15841,1.15952,0,0
2026-01-19T07:00:00+0700,1.15786,1.16375,1.15767,1.1622,8740,0.006080000000000085,0.002027142857142878,0.006080000000000085,0.0043400000000000105,0.0015500000000001624,0.00018999999999991246,0.7450657894736611,0,1,,0,0,0,0,1.1623174728054182,1.1649853000175527,1.16018,1.15889,1.15972,0,1
2026-01-19T11:00:00+0700,1.16222,1.16371,1.16153,1.1627,4654,0.0021800000000000708,0.002095714285714312,0.0021800000000000708,0.00048000000000003595,0.0010099999999999554,0.0006900000000000794,0.5366972477064575,0,0,,0,0,0,0,1.162353903966807,1.1648956804090211,1.16018,1.15889,1.15972,0,0
2026-01-19T15:00:00+0700,1.1627,1.1641,1.16107,1.16238,6950,0.003029999999999866,0.0022135714285714497,0.003029999999999866,0.000320000000000098,0.0013999999999998458,0.0013099999999999223,0.4323432343234258,0,0,,0,0,0,0,1.1623563893033015,1.1647970262753342,1.16018,1.15889,1.15972,0,0
2026-01-19T19:00:00+0700,1.16239,1.1635,1.16198,1.16315,5376,0.0015199999999999658,0.0022642857142857347,0.0015199999999999658,0.0007599999999998719,0.0003500000000000725,0.00041000000000002146,0.7697368421052103,0,0,,0,0,0,0,1.1624319712744156,1.1647324370096348,1.16018,1.15889,1.15972,0,0
2026-01-19T23:00:00+0700,1.16315,1.16469,1.16297,1.16454,5222,0.0017199999999999438,0.0022885714285714493,0.0017199999999999438,0.0013900000000000023,0.0001500000000000945,0.00017999999999984695,0.9127906976743608,0,0,,0,0,0,0,1.1626327359149473,1.1647248904602374,1.16018,1.15889,1.15972,0,0
2026-01-20T03:00:00+0700,1.16454,1.16483,1.16414,1.1644700000000001,1445,0.0006900000000000794,0.00203714285714288,0.0006900000000000794,6.999999999979245e-05,0.0002900000000001235,0.0003300000000001635,0.47826086956539926,0,0,,0,0,0,0,1.1628077134468573,1.1647148947559145,1.16469,1.15767,1.16454,1,0
2026-01-20T07:00:00+0700,1.16413,1.16463,1.16322,1.16433,3440,0.0014100000000001334,0.0019900000000000312,0.0014100000000001334,0.00019999999999997797,0.00029999999999996696,0.0009100000000001884,0.787234042553235,0,0,,0,0,0,0,1.1629526931185852,1.164699800843918,1.16469,1.15767,1.16454,0,0
2026-01-20T11:00:00+0700,1.16433,1.16721,1.164,1.16627,4130,0.003210000000000157,0.002115714285714316,0.003210000000000157,0.0019399999999998307,0.0009400000000001629,0.0003300000000001635,0.7071651090342315,0,0,CHOCH_UP,0,0,1,0,1.1632686271072914,1.1647613772814114,1.16469,1.15767,1.16454,0,0
2026-01-20T15:00:00+0700,1.16627,1.17324,1.16617,1.1726,10942,0.007070000000000132,0.00256571428571433,0.007070000000000132,0.006330000000000169,0.0006399999999999739,9.999999999998899e-05,0.9094766619519149,0,0,BOS_UP,1,0,0,0,1.1641573292875493,1.165068774250768,1.16469,1.15767,1.16454,0,0
2026-01-20T19:00:00+0700,1.17259,1.1768,1.17148,1.17329,11616,0.005319999999999991,0.0028871428571428976,0.005319999999999991,0.0006999999999999229,0.003510000000000124,0.0011099999999999444,0.34022556390975006,1,0,,0,0,0,0,1.16502710745064,1.165391175260542,1.16469,1.15767,1.16454,0,0
2026-01-20T23:00:00+0700,1.17329,1.17423,1.17148,1.1731,13438,0.00275000000000003,0.003005714285714326,0.00275000000000003,0.00018999999999991246,0.0009400000000001629,0.0016199999999999548,0.5890909090908862,0,0,,0,0,0,0,1.1657959543601029,1.1656934821130698,1.16469,1.15767,1.16454,0,0
2026-01-21T03:00:00+0700,1.1731,1.17336,1.17104,1.1724999999999999,5490,0.0023199999999998777,0.003062142857142886,0.0023199999999998777,0.000600000000000156,0.00025999999999992696,0.0014599999999997948,0.6293103448275309,0,0,,0,0,0,0,1.1664344348972358,1.1659604043831455,1.1768,1.16322,1.1731,0,0
2026-01-21T07:00:00+0700,1.17177,1.17338,1.17161,1.17285,4167,0.0017700000000000493,0.002882857142857171,0.0017700000000000493,0.0010799999999999699,0.0005300000000001415,0.00015999999999993797,0.7005649717513408,0,0,,0,0,0,0,1.1670454410974989,1.1662305846034144,1.1768,1.16322,1.1731,0,0
2026-01-21T11:00:00+0700,1.17286,1.17313,1.17104,1.17169,4207,0.0020899999999999253,0.002940000000000022,0.0020899999999999253,0.0011700000000001154,0.00026999999999999247,0.0006499999999998174,0.31100478468891896,0,0,,0,0,0,0,1.167487780040594,1.1664446793248493,1.1768,1.16322,1.1731,0,0
2026-01-21T15:00:00+0700,1.17169,1.17249,1.17008,1.17031,7080,0.0024100000000000232,0.00267785714285716,0.0024100000000000232,0.0013799999999999368,0.0008000000000001339,0.00022999999999995246,0.09543568464728226,0,0,,0,0,0,0,1.1677565628938709,1.1665962605277964,1.1768,1.16322,1.1731,0,0
2026-01-21T19:00:00+0700,1.17031,1.17426,1.1701,1.1739,7461,0.004160000000000164,0.0028192857142857386,0.004160000000000164,0.003589999999999982,0.000360000000000138,0.00021000000000004349,0.9134615384615087,1,0,,0,0,0,0,1.1683416521420735,1.1668826816835691,1.1768,1.16322,1.1731,0,0
2026-01-21T23:00:00+0700,1.1739,1.17402,1.16942,1.17025,14442,0.0046000000000001595,0.0029314285714286165,0.0046000000000001595,0.003649999999999931,0.00012000000000012001,0.0008300000000001084,0.18043478260871296,0,0,,0,0,0,0,1.168523399557114,1.1670147333822527,1.1768,1.16322,1.1731,0,0
2026-01-22T03:00:00+0700,1.17024,1.17049,1.16757,1.1686,7866,0.0029200000000000337,0.0030314285714286215,0.0029200000000000337,0.0016399999999998638,0.0002500000000000835,0.0010300000000000864,0.35273972602742276,0,0,,0,0,0,0,1.168530694837389,1.1670769007005959,1.17426,1.16942,1.17025,0,0
2026-01-22T07:00:00+0700,1.168,1.16897,1.16696,1.1688399999999999,4511,0.0020100000000000673,0.003052142857142916,0.0020100000000000673,0.0008399999999999519,0.00013000000000018552,0.0010399999999999299,0.9353233830844869,0,1,,0,0,0,0,1.1685601524719234,1.167146041849592,1.17426,1.16942,1.17025,0,0
2026-01-22T11:00:00+0700,1.16883,1.16968,1.16828,1.16878,3398,0.0014000000000000679,0.003102857142857201,0.0014000000000000679,5.0000000000105516e-05,0.0008500000000000174,0.0004999999999999449,0.3571428571428005,0,0,,0,0,0,0,1.16858109033174,1.167210118639804,1.17426,1.16942,1.17025,0,0
2026-01-22T15:00:00+0700,1.16879,1.1697,1.16836,1.16921,6799,0.0013399999999998968,0.003097857142857184,0.0013399999999998968,0.00042000000000008697,0.0004899999999998794,0.00042999999999993044,0.634328358209017,0,0,,0,0,0,0,1.168640986490622,1.1672885453598116,1.17426,1.16942,1.17025,0,0
2026-01-22T19:00:00+0700,1.16923,1.17182,1.16863,1.17134,8138,0.003190000000000026,0.0030964285714286032,0.003190000000000026,0.0021100000000000563,0.00048000000000003595,0.0005999999999999339,0.8495297805642533,0,0,,0,0,0,0,1.168898035396277,1.1674474259339367,1.17426,1.16942,1.17025,0,1
2026-01-22T23:00:00+0700,1.17134,1.17502,1.17104,1.17461,10177,0.0039799999999998725,0.0028757142857142987,0.0039799999999998725,0.003269999999999884,0.00041000000000002146,0.00029999999999996696,0.8969849246231069,0,0,BOS_UP,1,0,0,0,1.169442032025203,1.1677283111914294,1.17426,1.16942,1.17025,0,0
2026-01-23T03:00:00+0700,1.1746,1.17551,1.17408,1.17536,3979,0.0014300000000000423,0.0025978571428571596,0.0014300000000000423,0.0007599999999998719,0.0001500000000000945,0.000520000000000076,0.8951048951048322,0,0,BOS_UP,1,0,0,0,1.1700056480228027,1.1680275931054909,1.17502,1.16696,1.17461,0,0
2026-01-23T07:00:00+0700,1.17479,1.1758899999999999,1.17465,1.17489,3669,0.0012399999999999078,0.0024900000000000083,0.0012399999999999078,9.999999999998899e-05,0.0009999999999998899,0.000140000000000029,0.19354838709680308,1,0,,0,0,0,0,1.1704708244015833,1.1682967071013541,1.17502,1.16696,1.17461,1,0
2026-01-23T11:00:00+0700,1.17489,1.17535,1.17426,1.17505,3932,0.0010899999999998133,0.0024021428571428605,0.0010899999999998133,0.00015999999999993797,0.00029999999999996696,0.0006299999999999084,0.7247706422018181,0,0,,0,0,0,0,1.1709069363633373,1.1685615421169873,1.17502,1.16696,1.17461,0,0
2026-01-23T15:00:00+0700,1.17503,1.17523,1.17278,1.17349,9621,0.0024500000000000632,0.00245071428571429,0.0024500000000000632,0.0015400000000000968,0.00019999999999997797,0.0007099999999999884,0.2897959183673347,0,1,,0,0,0,0,1.171152942423972,1.1687548149751446,1.17502,1.16696,1.17461,1,0
2026-01-23T19:00:00+0700,1.17349,1.17468,1.17296,1.17336,6489,0.0017199999999999438,0.00242428571428572,0.0017199999999999438,0.00012999999999996348,0.0011900000000000244,0.00039999999999995595,0.2325581395348657,0,0,,0,0,0,0,1.1713631383835938,1.1689354104663152,1.17502,1.16696,1.17461,0,0
2026-01-23T23:00:00+0700,1.17336,1.17985,1.17315,1.17938,11149,0.00670000000000015,0.0027307142857143007,0.00670000000000015,0.006020000000000136,0.00046999999999997044,0.00021000000000004349,0.9298507462686627,0,0,BOS_UP,1,0,0,0,1.1721266490137279,1.1693450022127343,1.17502,1.16696,1.17461,0,0
2026-01-24T03:00:00+0700,1.17939,1.18332,1.17767,1.18273,8992,0.005649999999999933,0.0028371428571428554,0.005649999999999933,0.0033400000000001207,0.0005899999999998684,0.0017199999999999438,0.89557522123896,0,0,BOS_UP,1,0,0,0,1.1731364919648015,1.1698699040867446,1.17985,1.17278,1.17938,0,0
2026-01-26T07:00:00+0700,1.1859899999999999,1.18973,1.18439,1.18574,11528,0.006999999999999895,0.003008571428571408,0.0053399999999999,0.00024999999999986144,0.0037400000000000766,0.0013499999999999623,0.2528089887640426,1,0,,0,0,0,0,1.1743368260633917,1.1704922607892252,1.18332,1.17767,1.18273,0,0
2026-01-26T11:00:00+0700,1.18574,1.1876,1.1855,1.18645,8210,0.0020999999999999908,0.0029499999999999765,0.0020999999999999908,0.0007099999999999884,0.0011499999999999844,0.00024000000000001798,0.45238095238095744,0,0,,0,0,0,0,1.1754904616764021,1.1711180544837654,1.18332,1.17767,1.18273,0,0
2026-01-26T15:00:00+0700,1.18645,1.1867,1.1836,1.18632,11674,0.0031000000000001027,0.0030278571428571216,0.0031000000000001027,0.00012999999999996348,0.0002500000000000835,0.0027200000000000557,0.8774193548386986,0,0,,0,0,0,0,1.1765218462786495,1.1717142092098922,1.18332,1.17767,1.18273,0,0
2026-01-26T19:00:00+0700,1.1863299999999999,1.18649,1.1834500000000001,1.18555,8676,0.0030399999999999316,0.0031449999999999694,0.0030399999999999316,0.0007799999999997809,0.00016000000000016001,0.0020999999999999908,0.690789473684223,0,1,,0,0,0,0,1.1773816704425877,1.172256789240877,1.18332,1.17767,1.18273,0,0
2026-01-26T23:00:00+0700,1.18555,1.19066,1.18521,1.18783,12203,0.005449999999999955,0.003438571428571402,0.005449999999999955,0.0022799999999998377,0.00283000000000011,0.00034000000000000696,0.48073394495410393,1,0,,0,0,0,0,1.1783767494480555,1.1728675033882936,1.18332,1.17767,1.18273,0,0
2026-01-27T03:00:00+0700,1.18784,1.18898,1.18701,1.18786,7002,0.0019700000000000273,0.0033514285714285447,0.0019700000000000273,1.999999999990898e-05,0.0011200000000000099,0.0008300000000001084,0.43147208121827696,0,0,,0,0,0,0,1.1792799161672882,1.1734554444318899,1.19066,1.1834500000000001,1.18783,0,0
2026-01-27T07:00:00+0700,1.18715,1.18822,1.18711,1.1878199999999999,5124,0.0011099999999999444,0.00314642857142855,0.0011099999999999444,0.0006699999999999484,0.000400000000000178,3.999999999981796e-05,0.6396396396394612,0,0,,0,0,0,0,1.1800932574846894,1.1740187603365215,1.19066,1.1834500000000001,1.18783,0,0
2026-01-27T11:00:00+0700,1.1878199999999999,1.1898900000000001,1.18696,1.18763,5492,0.002930000000000099,0.0032535714285714112,0.002930000000000099,0.00018999999999991246,0.0020700000000002383,0.0006699999999999484,0.22866894197949683,0,0,,0,0,0,0,1.1808110424861475,1.1745525344409717,1.19066,1.1834500000000001,1.18783,0,0
2026-01-27T15:00:00+0700,1.18764,1.18894,1.185,1.18885,8310,0.003940000000000055,0.0034464285714285647,0.003940000000000055,0.0012099999999999334,9.000000000014552e-05,0.0026399999999999757,0.9771573604060547,0,1,,0,0,0,0,1.1815766574874669,1.1751132193648552,1.19066,1.1834500000000001,1.18783,0,0
2026-01-27T19:00:00+0700,1.18885,1.19382,1.18737,1.1923,13145,0.006450000000000067,0.0038292857142857256,0.006450000000000067,0.003449999999999953,0.0015200000000001879,0.0014799999999999258,0.7643410852712912,0,0,BOS_UP,1,0,0,0,1.1825979282029462,1.175787210762312,1.19066,1.1834500000000001,1.18783,0,0
2026-01-27T23:00:00+0700,1.1923,1.19898,1.19179,1.19795,16093,0.00719000000000003,0.004167857142857152,0.00719000000000003,0.005650000000000155,0.0010299999999998644,0.0005100000000000104,0.856745479833121,0,0,BOS_UP,1,0,0,0,1.184060030278856,1.176656339752025,1.19066,1.1834500000000001,1.18783,0,0
2026-01-28T03:00:00+0700,1.19795,1.20819,1.19707,1.20389,12609,0.011120000000000019,0.004839285714285728,0.011120000000000019,0.005939999999999834,0.0043000000000001926,0.0008799999999999919,0.6133093525179689,1,0,,0,0,0,0,1.1859485988237268,1.1777243264284163,1.19898,1.185,1.19795,0,0
2026-01-28T07:00:00+0700,1.2036,1.2044,1.19922,1.19923,7948,0.005179999999999962,0.004730714285714287,0.005179999999999962,0.004369999999999985,0.0007999999999999119,1.0000000000065512e-05,0.0019305019305145916,0,0,,0,0,0,0,1.1872134941738481,1.1785676861763215,1.19898,1.185,1.19795,0,0
2026-01-28T11:00:00+0700,1.19923,1.20046,1.19744,1.19965,7147,0.0030200000000000227,0.00454285714285715,0.0030200000000000227,0.00042000000000008697,0.0008099999999999774,0.0017899999999999583,0.7317880794702082,0,0,,0,0,0,0,1.1883979233001483,1.1793944435811716,1.19898,1.185,1.19795,0,0
2026-01-28T15:00:00+0700,1.19965,1.20254,1.197,1.19865,11799,0.005539999999999878,0.004438571428571435,0.005539999999999878,0.001000000000000112,0.002889999999999837,0.0016499999999999293,0.29783393501804434,0,0,,0,0,0,0,1.189374311557277,1.1801495634407335,1.19898,1.185,1.19795,1,0
2026-01-28T19:00:00+0700,1.19865,1.19944,1.19515,1.19571,10520,0.004290000000000127,0.004595000000000016,0.004290000000000127,0.0029399999999999427,0.0007900000000000684,0.000560000000000116,0.1305361305361537,0,0,,0,0,0,0,1.1899777104565838,1.1807597766391362,1.19898,1.185,1.19795,1,0
2026-01-28T23:00:00+0700,1.19573,1.1977,1.19184,1.19405,16402,0.005859999999999976,0.004792142857142864,0.005859999999999976,0.0016799999999999038,0.0019700000000000273,0.0022100000000000453,0.377133105802057,0,0,,0,0,0,0,1.190365547555957,1.1812809618689741,1.19898,1.185,1.19795,0,0
2026-01-29T03:00:00+0700,1.19406,1.19526,1.18953,1.1952,12468,0.005730000000000013,0.004984285714285727,0.005730000000000013,0.001140000000000141,5.999999999994898e-05,0.004529999999999923,0.9895287958115273,0,1,,0,0,0,0,1.1908259715982468,1.1818268065015636,1.20819,1.19184,1.19405,0,1
2026-01-29T07:00:00+0700,1.19527,1.19848,1.19519,1.1960899999999999,7582,0.003290000000000015,0.004830000000000017,0.003290000000000015,0.0008199999999998209,0.0023900000000001143,8.000000000008001e-05,0.27355623100300813,0,0,,0,0,0,0,1.191327307636509,1.1823861474230708,1.20819,1.19184,1.19405,0,0
2026-01-29T11:00:00+0700,1.1960899999999999,1.19932,1.19527,1.19807,7705,0.004049999999999887,0.0049785714285714355,0.004049999999999887,0.001980000000000093,0.0012499999999999734,0.0008199999999998209,0.691358024691356,0,0,,0,0,0,0,1.1919694688139844,1.1830012004653032,1.20819,1.19184,1.19405,0,0
2026-01-29T15:00:00+0700,1.19806,1.19961,1.1951,1.19553,10729,0.004510000000000014,0.0052214285714285835,0.004510000000000014,0.002529999999999921,0.0015500000000001624,0.00042999999999993044,0.09534368070951865,1,0,,0,0,0,0,1.1923085670221765,1.1834925259372522,1.20819,1.19184,1.19405,0,0
2026-01-29T19:00:00+0700,1.19553,1.19703,1.19376,1.19557,10766,0.003270000000000106,0.005245714285714298,0.003270000000000106,4.0000000000040004e-05,0.0014600000000000168,0.0017700000000000493,0.5535168195718748,0,0,,0,0,0,0,1.1926191796867311,1.1839661523710854,1.20819,1.19184,1.19405,0,0
2026-01-29T23:00:00+0700,1.19562,1.1972,1.19056,1.19557,20827,0.006639999999999979,0.005438571428571436,0.006639999999999979,4.999999999988347e-05,0.0015800000000001369,0.005009999999999959,0.7545180722891528,0,1,,0,0,0,0,1.1929002101927568,1.1844212052192782,1.20819,1.19184,1.19405,0,1
2026-01-30T03:00:00+0700,1.19552,1.1971,1.19454,1.19692,8409,0.0025600000000001177,0.005160714285714296,0.0025600000000001177,0.0014000000000000679,0.000180000000000069,0.0009799999999999809,0.9296874999999762,0,0,,0,0,0,0,1.193283047317256,1.1849113540342084,1.19961,1.18953,1.19557,0,0
2026-01-30T07:00:00+0700,1.19621,1.19742,1.19136,1.19165,8498,0.006059999999999954,0.0050800000000000055,0.006059999999999954,0.0045599999999998975,0.0012099999999999334,0.0002900000000001235,0.04785478547856859,1,0,,0,0,0,0,1.1931275190013269,1.185175614660318,1.19961,1.18953,1.19557,0,0
2026-01-30T11:00:00+0700,1.19164,1.19347,1.18945,1.1924299999999999,12146,0.004020000000000135,0.004572857142857156,0.004020000000000135,0.0007899999999998464,0.001040000000000152,0.0021900000000001363,0.7412935323382793,0,1,,0,0,0,0,1.1930610886202482,1.1854601003599134,1.19961,1.18953,1.19557,0,1
2026-01-30T15:00:00+0700,1.1924299999999999,1.1942599999999999,1.18979,1.1908,15229,0.004469999999999974,0.004522142857142871,0.004469999999999974,0.0016299999999997983,0.0018299999999999983,0.0010100000000001774,0.22595078299780386,0,0,,0,0,0,0,1.1928457468468912,1.1856695081889366,1.19961,1.18953,1.19557,0,0
2026-01-30T19:00:00+0700,1.19077,1.19542,1.19013,1.19119,13126,0.005290000000000017,0.0046842857142857285,0.005290000000000017,0.0004199999999998649,0.004229999999999956,0.000640000000000196,0.20037807183365927,1,0,,0,0,0,0,1.1926880566709968,1.1858859980638803,1.19961,1.18953,1.19557,0,0
2026-01-30T23:00:00+0700,1.19122,1.19207,1.18661,1.18719,18969,0.00546000000000002,0.004678571428571453,0.00546000000000002,0.004029999999999978,0.0008500000000000174,0.0005800000000000249,0.1062271062271104,0,0,CHOCH_DN,0,0,0,1,1.19216443222614,1.1859371353947086,1.19961,1.18953,1.19557,0,0
2026-01-31T03:00:00+0700,1.18719,1.18845,1.18488,1.1849,13412,0.003570000000000073,0.004627142857142877,0.003570000000000073,0.0022899999999999032,0.0012600000000000389,2.0000000000131024e-05,0.0056022408963951305,0,0,BOS_DN,0,1,0,0,1.1914725815379363,1.1858964634184455,1.19742,1.18661,1.18719,0,0
2026-02-02T07:00:00+0700,1.1849,1.18742,1.18393,1.18701,11537,0.003489999999999993,0.004457857142857164,0.003489999999999993,0.0021099999999998342,0.00041000000000002146,0.0009700000000001374,0.8825214899713403,0,1,,0,0,0,0,1.1910475737724187,1.185940131519683,1.18845,1.18488,1.1849,0,1
2026-02-02T11:00:00+0700,1.18705,1.18743,1.1840600000000001,1.18502,9681,0.003369999999999873,0.0042892857142857255,0.003369999999999873,0.0020299999999999763,0.00038000000000004697,0.0009599999999998499,0.2848664688426961,0,0,,0,0,0,0,1.1904735191274265,1.1859040479306757,1.18845,1.18488,1.1849,0,1
2026-02-02T15:00:00+0700,1.18502,1.18661,1.18427,1.18619,13183,0.0023400000000000087,0.0042214285714285826,0.0023400000000000087,0.0011700000000001154,0.0004199999999998649,0.0007500000000000284,0.8205128205128789,0,0,,0,0,0,0,1.1900655649248144,1.1859152617373159,1.18845,1.18488,1.1849,0,1
2026-02-02T19:00:00+0700,1.18616,1.18709,1.18175,1.18204,11879,0.0053399999999999,0.00431357142857144,0.0053399999999999,0.0041200000000001236,0.0009299999999998754,0.00028999999999990145,0.05430711610485147,0,0,BOS_DN,0,1,0,0,1.1893012254081654,1.1857632906887936,1.18845,1.18488,1.1849,0,0
2026-02-02T23:00:00+0700,1.18204,1.1829399999999999,1.179,1.17995,16598,0.0039399999999998325,0.004272857142857142,0.0039399999999998325,0.0020899999999999253,0.0008999999999999009,0.0009500000000000064,0.2411167512690474,0,0,BOS_DN,0,1,0,0,1.1884106325121495,1.1855353185049193,1.18845,1.18488,1.1849,0,0
2026-02-03T03:00:00+0700,1.17996,1.18007,1.17755,1.17892,7134,0.0025199999999998557,0.004219285714285695,0.0025199999999998557,0.0010399999999999299,0.0001100000000000545,0.0013699999999998713,0.5436507936507737,0,1,,0,0,0,0,1.1875067627490876,1.1852758942498245,1.18743,1.179,1.17995,0,0
2026-02-03T07:00:00+0700,1.17812,1.18143,1.17812,1.1813500000000001,5880,0.003309999999999924,0.003981428571428548,0.003309999999999924,0.003230000000000066,7.999999999985796e-05,0.0,0.9758308157100122,0,0,,0,0,0,0,1.1869204043920316,1.1851219376125766,1.18743,1.179,1.17995,0,1
2026-02-03T11:00:00+0700,1.1813500000000001,1.18161,1.18003,1.18083,5630,0.0015800000000001369,0.00391142857142855,0.0015800000000001369,0.000520000000000076,0.00025999999999992696,0.0008000000000001339,0.5063291139240915,0,0,,0,0,0,0,1.1863403658785048,1.1849536263336522,1.18743,1.179,1.17995,0,0
2026-02-03T15:00:00+0700,1.18084,1.1824,1.17916,1.17916,9414,0.0032399999999999096,0.003709999999999975,0.0032399999999999096,0.0016799999999999038,0.0015600000000000058,0.0,0.0,0,0,,0,0,0,0,1.1856565215091235,1.18472642530096,1.18743,1.179,1.17995,0,0
2026-02-03T19:00:00+0700,1.17922,1.18063,1.17822,1.17954,8687,0.0024100000000000232,0.003594999999999967,0.0024100000000000232,0.000320000000000098,0.0010900000000000354,0.0009999999999998899,0.5477178423236412,0,0,,0,0,0,0,1.1850739956511118,1.1845230360734713,1.18743,1.179,1.17995,0,1
2026-02-03T23:00:00+0700,1.1795499999999999,1.1828400000000001,1.1779600000000001,1.18156,13733,0.0048799999999999955,0.003624285714285683,0.0048799999999999955,0.0020100000000000673,0.0012800000000001699,0.0015899999999997583,0.7377049180327518,0,1,,0,0,0,0,1.184739329398625,1.184406838580394,1.18743,1.179,1.17995,0,1
2026-02-04T03:00:00+0700,1.18157,1.1825,1.18053,1.1817199999999999,7595,0.0019700000000000273,0.003387142857142827,0.0019700000000000273,0.00014999999999987246,0.000780000000000225,0.0010399999999999299,0.6040609137054751,0,0,,0,0,0,0,1.1844517742178036,1.184301472361555,1.1828400000000001,1.17755,1.18156,0,0
2026-02-04T07:00:00+0700,1.1813500000000001,1.18315,1.18082,1.18255,5389,0.0023299999999999432,0.003163571428571393,0.0023299999999999432,0.0011999999999998678,0.0005999999999999339,0.0005300000000001415,0.7424892703862882,0,0,,0,0,0,0,1.184270652863727,1.184232787170906,1.1828400000000001,1.17755,1.18156,1,0
2026-02-04T11:00:00+0700,1.18255,1.18357,1.18184,1.18325,5091,0.0017300000000000093,0.0030321428571428166,0.0017300000000000093,0.0006999999999999229,0.000320000000000098,0.0007099999999999884,0.8150289017340484,0,0,,0,0,0,0,1.1841734478290862,1.1841942464975372,1.1828400000000001,1.17755,1.18156,0,0
2026-02-04T15:00:00+0700,1.18325,1.18375,1.18107,1.1813500000000001,8135,0.0026800000000000157,0.0029742857142856754,0.0026800000000000157,0.0018999999999997907,0.000500000000000167,0.000280000000000058,0.10447761194031953,1,0,,0,0,0,0,1.1839045480358399,1.1840827074192024,1.1828400000000001,1.17755,1.18156,1,0
2026-02-04T19:00:00+0700,1.18133,1.18264,1.18042,1.1822,9093,0.0022199999999998887,0.0028921428571428193,0.0022199999999998887,0.0008699999999999264,0.00043999999999999595,0.0009099999999999664,0.8018018018017937,0,0,,0,0,0,0,1.1837422101276647,1.1840088757557043,1.1828400000000001,1.17755,1.18156,0,0
2026-02-04T23:00:00+0700,1.1822,1.18252,1.179,1.17971,15033,0.0035199999999999676,0.0029764285714285305,0.0035199999999999676,0.002489999999999881,0.000320000000000098,0.0007099999999999884,0.20170454545454403,0,1,,0,0,0,0,1.1833581901155061,1.1838402923927356,1.1828400000000001,1.17755,1.18156,0,0
2026-02-05T03:00:00+0700,1.17971,1.18092,1.17941,1.18041,6696,0.0015099999999999003,0.002702857142857102,0.0015099999999999003,0.0006999999999999229,0.0005100000000000104,0.00029999999999996696,0.6622516556291098,0,0,,0,0,0,0,1.1830774101045056,1.1837057711224324,1.18375,1.179,1.17971,0,0
2026-02-05T07:00:00+0700,1.18008,1.18078,1.17991,1.18032,4116,0.0008699999999999264,0.0024835714285713945,0.0008699999999999264,0.00024000000000001798,0.00045999999999990493,0.00017000000000000348,0.4712643678161565,0,0,,0,0,0,0,1.1828147996183622,1.1835729957842978,1.18375,1.179,1.17971,0,0
2026-02-05T11:00:00+0700,1.18032,1.18048,1.17824,1.17896,7219,0.0022400000000000198,0.002463571428571406,0.0022400000000000198,0.0013600000000000279,0.00015999999999993797,0.0007200000000000539,0.32142857142859266,0,0,BOS_DN,0,1,0,0,1.182447675845185,1.1833920939888352,1.18375,1.179,1.17971,0,0
2026-02-05T15:00:00+0700,1.17896,1.18082,1.17799,1.17802,8666,0.002829999999999888,0.0024292857142856894,0.002829999999999888,0.0009399999999999409,0.0018599999999999728,2.999999999997449e-05,0.010600706713772324,0,0,BOS_DN,0,1,0,0,1.1820259924313579,1.183181423636332,1.18375,1.179,1.17971,0,0
2026-02-05T19:00:00+0700,1.17802,1.17939,1.17799,1.17932,2898,0.0013999999999998458,0.0024164285714285256,0.0013999999999998458,0.0012999999999998568,7.00000000000145e-05,2.999999999997449e-05,0.9499999999999842,0,0,,0,0,0,0,1.1817682788664667,1.1830299952584367,1.18375,1.179,1.17971,0,1
