day_label,event_id,dateline_epoch,datetime_bkk,currency,country,impact,impact_score,timeLabel,name,prefixedName,actual,forecast,previous,revision,url,soloUrl
Thu Jan 1,142499,1767200400,2026-01-01T00:00:00+07:00,USD,US,low,1,12:00am,Natural Gas Storage,US Natural Gas Storage,-38B,-51B,-166B,,/calendar?day=jan1.2026#detail=142499,/calendar/26-us-natural-gas-storage
Thu Jan 1,147439,1767211200,2026-01-01T03:00:00+07:00,NZD,NZ,holiday,0,All Day,Bank Holiday,NZ Bank Holiday,,,,,/calendar?day=jan1.2026#detail=147439,/calendar/395-nz-bank-holiday
Thu Jan 1,147112,1767214800,2026-01-01T04:00:00+07:00,AUD,AU,holiday,0,All Day,Bank Holiday,AU Bank Holiday,,,,,/calendar?day=jan1.2026#detail=147112,/calendar/394-au-bank-holiday
Thu Jan 1,147450,1767225600,2026-01-01T07:00:00+07:00,JPY,JN,holiday,0,All Day,Bank Holiday,JN Bank Holiday,,,,,/calendar?day=jan1.2026#detail=147450,/calendar/393-jn-bank-holiday
Thu Jan 1,151634,1767225660,2026-01-01T07:01:00+07:00,CNY,CH,holiday,0,All Day,Bank Holiday,CH Bank Holiday,,,,,/calendar?day=jan1.2026#detail=151634,/calendar/468-ch-bank-holiday
Thu Jan 1,151653,1767247200,2026-01-01T13:00:00+07:00,CHF,SZ,holiday,0,All Day,Bank Holiday,SZ Bank Holiday,,,,,/calendar?day=jan1.2026#detail=151653,/calendar/392-sz-bank-holiday
Thu Jan 1,151661,1767250860,2026-01-01T14:01:00+07:00,EUR,FR,holiday,0,All Day,French Bank Holiday,FR Bank Holiday,,,,,/calendar?day=jan1.2026#detail=151661,/calendar/396-fr-bank-holiday
Thu Jan 1,151676,1767250920,2026-01-01T14:02:00+07:00,EUR,GE,holiday,0,All Day,German Bank Holiday,GE Bank Holiday,,,,,/calendar?day=jan1.2026#detail=151676,/calendar/391-ge-bank-holiday
Thu Jan 1,151677,1767250980,2026-01-01T14:03:00+07:00,EUR,IT,holiday,0,All Day,Italian Bank Holiday,IT Bank Holiday,,,,,/calendar?day=jan1.2026#detail=151677,/calendar/397-it-bank-holiday
Thu Jan 1,151626,1767254400,2026-01-01T15:00:00+07:00,GBP,UK,holiday,0,All Day,Bank Holiday,UK Bank Holiday,,,,,/calendar?day=jan1.2026#detail=151626,/calendar/390-uk-bank-holiday
Thu Jan 1,146471,1767272400,2026-01-01T20:00:00+07:00,USD,US,holiday,0,All Day,Bank Holiday,US Bank Holiday,,,,,/calendar?day=jan1.2026#detail=146471,/calendar/370-us-bank-holiday
Thu Jan 1,146482,1767272400,2026-01-01T20:00:00+07:00,CAD,CA,holiday,0,All Day,Bank Holiday,CA Bank Holiday,,,,,/calendar?day=jan1.2026#detail=146482,/calendar/389-ca-bank-holiday
Fri Jan 2,147440,1767297600,2026-01-02T03:00:00+07:00,NZD,NZ,holiday,0,All Day,Bank Holiday,NZ Bank Holiday,,,,,/calendar?day=jan2.2026#detail=147440,/calendar/395-nz-bank-holiday
Fri Jan 2,147451,1767312000,2026-01-02T07:00:00+07:00,JPY,JN,holiday,0,All Day,Bank Holiday,JN Bank Holiday,,,,,/calendar?day=jan2.2026#detail=147451,/calendar/393-jn-bank-holiday
Fri Jan 2,151635,1767312060,2026-01-02T07:01:00+07:00,CNY,CH,holiday,0,All Day,Bank Holiday,CH Bank Holiday,,,,,/calendar?day=jan2.2026#detail=151635,/calendar/468-ch-bank-holiday
Fri Jan 2,151654,1767333600,2026-01-02T13:00:00+07:00,CHF,SZ,holiday,0,All Day,Bank Holiday,SZ Bank Holiday,,,,,/calendar?day=jan2.2026#detail=151654,/calendar/392-sz-bank-holiday
Fri Jan 2,143528,1767337200,2026-01-02T14:00:00+07:00,GBP,UK,low,1,2:00pm,Nationwide HPI m/m,UK Nationwide HPI m/m,-0.4%,0.1%,0.3%,,/calendar?day=jan2.2026#detail=143528,/calendar/242-uk-nationwide-hpi-mm
Fri Jan 2,147140,1767341700,2026-01-02T15:15:00+07:00,EUR,SP,low,1,3:15pm,Spanish Manufacturing PMI,SP Manufacturing PMI,49.6,51.2,51.5,,/calendar?day=jan2.2026#detail=147140,/calendar/557-sp-manufacturing-pmi
Fri Jan 2,147141,1767343500,2026-01-02T15:45:00+07:00,EUR,IT,low,1,3:45pm,Italian Manufacturing PMI,IT Manufacturing PMI,47.9,50.0,50.6,,/calendar?day=jan2.2026#detail=147141,/calendar/547-it-manufacturing-pmi
Fri Jan 2,147142,1767343800,2026-01-02T15:50:00+07:00,EUR,FR,low,1,3:50pm,French Final Manufacturing PMI,FR Final Manufacturing PMI,50.7,50.6,50.6,,/calendar?day=jan2.2026#detail=147142,/calendar/617-fr-final-manufacturing-pmi
Fri Jan 2,147143,1767344100,2026-01-02T15:55:00+07:00,EUR,GE,low,1,3:55pm,German Final Manufacturing PMI,GE Final Manufacturing PMI,47.0,47.7,47.7,,/calendar?day=jan2.2026#detail=147143,/calendar/618-ge-final-manufacturing-pmi
Fri Jan 2,142985,1767344400,2026-01-02T16:00:00+07:00,EUR,EZ,low,1,4:00pm,Private Loans y/y,EZ Private Loans y/y,2.9%,2.8%,2.8%,,/calendar?day=jan2.2026#detail=142985,/calendar/365-ez-private-loans-yy
Fri Jan 2,142986,1767344400,2026-01-02T16:00:00+07:00,EUR,EZ,low,1,4:00pm,M3 Money Supply y/y,EZ M3 Money Supply y/y,3.0%,2.7%,2.8%,,/calendar?day=jan2.2026#detail=142986,/calendar/375-ez-m3-money-supply-yy
Fri Jan 2,147144,1767344400,2026-01-02T16:00:00+07:00,EUR,EZ,low,1,4:00pm,Final Manufacturing PMI,EZ Final Manufacturing PMI,48.8,49.2,49.2,,/calendar?day=jan2.2026#detail=147144,/calendar/264-ez-final-manufacturing-pmi
Fri Jan 2,147145,1767346200,2026-01-02T16:30:00+07:00,GBP,UK,low,1,4:30pm,Final Manufacturing PMI,UK Final Manufacturing PMI,50.6,51.2,51.2,,/calendar?day=jan2.2026#detail=147145,/calendar/249-uk-final-manufacturing-pmi
Fri Jan 2,146865,1767364200,2026-01-02T21:30:00+07:00,CAD,CA,low,1,9:30pm,Manufacturing PMI,CA Manufacturing PMI,48.6,,48.4,,/calendar?day=jan2.2026#detail=146865,/calendar/629-ca-manufacturing-pmi
Fri Jan 2,149640,1767365100,2026-01-02T21:45:00+07:00,USD,US,low,1,9:45pm,Final Manufacturing PMI,US Final Manufacturing PMI,51.8,51.8,51.8,,/calendar?day=jan2.2026#detail=149640,/calendar/553-us-final-manufacturing-pmi
Sat Jan 3,151755,1767453300,2026-01-03T22:15:00+07:00,USD,US,low,1,10:15pm,FOMC Member Paulson Speaks,US FOMC Member Paulson Speaks,,,,,/calendar?day=jan3.2026#detail=151755,/calendar/920-us-fomc-member-paulson-speaks
Sun Jan 4,151756,1767468600,2026-01-04T02:30:00+07:00,USD,US,low,1,2:30am,FOMC Member Paulson Speaks,US FOMC Member Paulson Speaks,,,,,/calendar?day=jan4.2026#detail=151756,/calendar/920-us-fomc-member-paulson-speaks
Mon Jan 5,152007,1767547800,2026-01-05T00:30:00+07:00,USD,US,low,1,12:30am,FOMC Member Kashkari Speaks,US FOMC Member Kashkari Speaks,,,,,/calendar?day=jan5.2026#detail=152007,/calendar/651-us-fomc-member-kashkari-speaks
Mon Jan 5,150933,1767573000,2026-01-05T07:30:00+07:00,JPY,JN,low,1,7:30am,Final Manufacturing PMI,JN Final Manufacturing PMI,50.0,49.8,49.7,,/calendar?day=jan5.2026#detail=150933,/calendar/274-jn-final-manufacturing-pmi
Mon Jan 5,150090,1767577500,2026-01-05T08:45:00+07:00,CNY,CH,low,1,8:45am,RatingDog Services PMI,CH RatingDog Services PMI,52.0,52.0,52.1,,/calendar?day=jan5.2026#detail=150090,/calendar/591-ch-ratingdog-services-pmi
Mon Jan 5,140775,1767598200,2026-01-05T14:30:00+07:00,CHF,SZ,low,1,2:30pm,Retail Sales y/y,SZ Retail Sales y/y,2.3%,2.5%,2.7%,2.2%,/calendar?day=jan5.2026#detail=140775,/calendar/109-sz-retail-sales-yy
Mon Jan 5,147491,1767600000,2026-01-05T15:00:00+07:00,EUR,SP,low,1,3:00pm,Spanish Unemployment Change,SP Unemployment Change,-16.3K,5.7K,-18.8K,,/calendar?day=jan5.2026#detail=147491,/calendar/561-sp-unemployment-change
Mon Jan 5,147128,1767601800,2026-01-05T15:30:00+07:00,CHF,SZ,low,1,3:30pm,Manufacturing PMI,SZ Manufacturing PMI,45.8,49.7,49.7,,/calendar?day=jan5.2026#detail=147128,/calendar/273-sz-manufacturing-pmi
Mon Jan 5,150741,1767605400,2026-01-05T16:30:00+07:00,GBP,UK,low,1,4:30pm,M4 Money Supply m/m,UK M4 Money Supply m/m,0.8%,-0.1%,-0.2%,,/calendar?day=jan5.2026#detail=150741,/calendar/348-uk-m4-money-supply-mm
Mon Jan 5,150742,1767605400,2026-01-05T16:30:00+07:00,GBP,UK,low,1,4:30pm,Net Lending to Individuals m/m,UK Net Lending to Individuals m/m,6.6B,5.2B,5.4B,5.9B,/calendar?day=jan5.2026#detail=150742,/calendar/343-uk-net-lending-to-individuals-mm
Mon Jan 5,150743,1767605400,2026-01-05T16:30:00+07:00,GBP,UK,low,1,4:30pm,Mortgage Approvals,UK Mortgage Approvals,65K,64K,65K,,/calendar?day=jan5.2026#detail=150743,/calendar/287-uk-mortgage-approvals
Mon Jan 5,146575,1767625200,2026-01-05T22:00:00+07:00,USD,US,high,3,10:00pm,ISM Manufacturing PMI,US ISM Manufacturing PMI,47.9,48.3,48.2,,/calendar?day=jan5.2026#detail=146575,/calendar/252-us-ism-manufacturing-pmi
Mon Jan 5,146587,1767625200,2026-01-05T22:00:00+07:00,USD,US,medium,2,10:00pm,ISM Manufacturing Prices,US ISM Manufacturing Prices,58.5,59.0,58.5,,/calendar?day=jan5.2026#detail=146587,/calendar/255-us-ism-manufacturing-prices
Mon Jan 5,148638,1767626100,2026-01-05T22:15:00+07:00,USD,US,low,1,All Day,Wards Total Vehicle Sales,US Wards Total Vehicle Sales,16.0M,15.7M,15.6M,,/calendar?day=jan5.2026#detail=148638,/calendar/828-us-wards-total-vehicle-sales
Tue Jan 6,148708,1767657000,2026-01-06T06:50:00+07:00,JPY,JN,low,1,6:50am,Monetary Base y/y,JN Monetary Base y/y,-9.8%,-8.0%,-8.5%,,/calendar?day=jan6.2026#detail=148708,/calendar/377-jn-monetary-base-yy
Tue Jan 6,152108,1767657660,2026-01-06T07:01:00+07:00,GBP,UK,low,1,7:01am,BRC Shop Price Index y/y,UK BRC Shop Price Index y/y,0.7%,0.6%,0.6%,,/calendar?day=jan6.2026#detail=152108,/calendar/116-uk-brc-shop-price-index-yy
Tue Jan 6,150278,1767670500,2026-01-06T10:35:00+07:00,JPY,JN,low,1,10:35am,10-y Bond Auction,JN 10-y Bond Auction,2.10|3.3,,1.87|3.6,,/calendar?day=jan6.2026#detail=150278,/calendar/574-jn-10-y-bond-auction
Tue Jan 6,151722,1767682980,2026-01-06T14:03:00+07:00,EUR,IT,holiday,0,All Day,Italian Bank Holiday,IT Bank Holiday,,,,,/calendar?day=jan6.2026#detail=151722,/calendar/397-it-bank-holiday
Tue Jan 6,151104,1767684540,2026-01-06T14:29:00+07:00,EUR,GE,medium,2,All Day,German Prelim CPI m/m,GE Prelim CPI m/m,0.0%,0.3%,-0.2%,,/calendar?day=jan6.2026#detail=151104,/calendar/169-ge-prelim-cpi-mm
Tue Jan 6,140935,1767685500,2026-01-06T14:45:00+07:00,EUR,FR,low,1,2:45pm,French Prelim CPI m/m,FR Prelim CPI m/m,0.1%,0.2%,-0.1%,-0.2%,/calendar?day=jan6.2026#detail=140935,/calendar/556-fr-prelim-cpi-mm
Tue Jan 6,147213,1767687300,2026-01-06T15:15:00+07:00,EUR,SP,low,1,3:15pm,Spanish Services PMI,SP Services PMI,57.1,54.8,55.6,,/calendar?day=jan6.2026#detail=147213,/calendar/558-sp-services-pmi
Tue Jan 6,147214,1767689100,2026-01-06T15:45:00+07:00,EUR,IT,low,1,3:45pm,Italian Services PMI,IT Services PMI,51.5,54.2,55.0,,/calendar?day=jan6.2026#detail=147214,/calendar/548-it-services-pmi
Tue Jan 6,147215,1767689400,2026-01-06T15:50:00+07:00,EUR,FR,low,1,3:50pm,French Final Services PMI,FR Final Services PMI,50.1,50.3,50.2,,/calendar?day=jan6.2026#detail=147215,/calendar/619-fr-final-services-pmi
Tue Jan 6,147216,1767689700,2026-01-06T15:55:00+07:00,EUR,GE,low,1,3:55pm,German Final Services PMI,GE Final Services PMI,52.7,52.6,52.6,,/calendar?day=jan6.2026#detail=147216,/calendar/620-ge-final-services-pmi
Tue Jan 6,147217,1767690000,2026-01-06T16:00:00+07:00,EUR,EZ,low,1,4:00pm,Final Services PMI,EZ Final Services PMI,52.4,52.6,52.6,,/calendar?day=jan6.2026#detail=147217,/calendar/265-ez-final-services-pmi
Tue Jan 6,147218,1767691800,2026-01-06T16:30:00+07:00,GBP,UK,low,1,4:30pm,Final Services PMI,UK Final Services PMI,51.4,52.1,52.1,,/calendar?day=jan6.2026#detail=147218,/calendar/250-uk-final-services-pmi
Tue Jan 6,152008,1767704400,2026-01-06T20:00:00+07:00,USD,US,low,1,8:00pm,FOMC Member Barkin Speaks,US FOMC Member Barkin Speaks,,,,,/calendar?day=jan6.2026#detail=152008,/calendar/728-us-fomc-member-barkin-speaks
Tue Jan 6,149628,1767710700,2026-01-06T21:45:00+07:00,USD,US,low,1,9:45pm,Final Services PMI,US Final Services PMI,52.5,52.9,52.9,,/calendar?day=jan6.2026#detail=149628,/calendar/584-us-final-services-pmi
Tue Jan 6,149383,1767714840,2026-01-06T22:54:00+07:00,NZD,NZ,low,1,10:54pm,GDT Price Index,NZ GDT Price Index,6.3%,,-4.4%,,/calendar?day=jan6.2026#detail=149383,/calendar/602-nz-gdt-price-index
Wed Jan 7,152032,1767726000,2026-01-07T02:00:00+07:00,USD,US,medium,2,2:00am,President Trump Speaks,US President Trump Speaks,,,,,/calendar?day=jan7.2026#detail=152032,/calendar/645-us-president-trump-speaks
Wed Jan 7,147055,1767735000,2026-01-07T04:30:00+07:00,USD,US,low,1,4:30am,API Weekly Statistical Bulletin,US API Weekly Statistical Bulletin,,,,,/calendar?day=jan7.2026#detail=147055,/calendar/754-us-api-weekly-statistical-bulletin
Wed Jan 7,149103,1767745800,2026-01-07T07:30:00+07:00,AUD,AU,high,3,7:30am,CPI y/y,AU CPI y/y,3.4%,3.6%,3.8%,,/calendar?day=jan7.2026#detail=149103,/calendar/888-au-cpi-yy
Wed Jan 7,150053,1767745800,2026-01-07T07:30:00+07:00,AUD,AU,low,1,7:30am,Building Approvals m/m,AU Building Approvals m/m,15.2%,1.9%,-6.4%,-6.1%,/calendar?day=jan7.2026#detail=150053,/calendar/202-au-building-approvals-mm
Wed Jan 7,151674,1767745800,2026-01-07T07:30:00+07:00,AUD,AU,high,3,7:30am,CPI m/m,AU CPI m/m,0.0%,0.1%,0.0%,,/calendar?day=jan7.2026#detail=151674,/calendar/98-au-cpi-mm
Wed Jan 7,151675,1767745800,2026-01-07T07:30:00+07:00,AUD,AU,high,3,7:30am,Trimmed Mean CPI m/m,AU Trimmed Mean CPI m/m,0.3%,0.2%,0.3%,,/calendar?day=jan7.2026#detail=151675,/calendar/99-au-trimmed-mean-cpi-mm
Wed Jan 7,151105,1767769200,2026-01-07T14:00:00+07:00,EUR,GE,low,1,2:00pm,German Retail Sales m/m,GE Retail Sales m/m,-0.6%,0.2%,-0.3%,0.3%,/calendar?day=jan7.2026#detail=151105,/calendar/107-ge-retail-sales-mm
Wed Jan 7,142834,1767776100,2026-01-07T15:55:00+07:00,EUR,GE,low,1,3:55pm,German Unemployment Change,GE Unemployment Change,3K,5K,1K,,/calendar?day=jan7.2026#detail=142834,/calendar/60-ge-unemployment-change
Wed Jan 7,150666,1767778200,2026-01-07T16:30:00+07:00,GBP,UK,low,1,4:30pm,Construction PMI,UK Construction PMI,40.1,42.4,39.4,,/calendar?day=jan7.2026#detail=150666,/calendar/251-uk-construction-pmi
Wed Jan 7,150845,1767778200,2026-01-07T16:30:00+07:00,GBP,UK,low,1,4:30pm,Housing Equity Withdrawal q/q,UK Housing Equity Withdrawal q/q,-10.9B,-8.7B,-16.1B,-17.9B,/calendar?day=jan7.2026#detail=150845,/calendar/290-uk-housing-equity-withdrawal-qq
Wed Jan 7,141850,1767780000,2026-01-07T17:00:00+07:00,EUR,IT,low,1,5:00pm,Italian Prelim CPI m/m,IT Prelim CPI m/m,0.2%,0.2%,-0.2%,,/calendar?day=jan7.2026#detail=141850,/calendar/172-it-prelim-cpi-mm
Wed Jan 7,151224,1767780000,2026-01-07T17:00:00+07:00,EUR,EZ,medium,2,5:00pm,Core CPI Flash Estimate y/y,EZ Core CPI Flash Estimate y/y,2.3%,2.4%,2.4%,,/calendar?day=jan7.2026#detail=151224,/calendar/593-ez-core-cpi-flash-estimate-yy
Wed Jan 7,151225,1767780000,2026-01-07T17:00:00+07:00,EUR,EZ,medium,2,5:00pm,CPI Flash Estimate y/y,EZ CPI Flash Estimate y/y,2.0%,2.0%,2.2%,2.1%,/calendar?day=jan7.2026#detail=151225,/calendar/168-ez-cpi-flash-estimate-yy
Wed Jan 7,150437,1767782040,2026-01-07T17:34:00+07:00,EUR,GE,low,1,5:34pm,German 10-y Bond Auction,GE 10-y Bond Auction,2.83|1.3,,2.67|2.0,,/calendar?day=jan7.2026#detail=150437,/calendar/522-ge-10-y-bond-auction
Wed Jan 7,150290,1767791700,2026-01-07T20:15:00+07:00,USD,US,high,3,8:15pm,ADP Non-Farm Employment Change,US ADP Non-Farm Employment Change,41K,49K,-32K,-29K,/calendar?day=jan7.2026#detail=150290,/calendar/75-us-adp-non-farm-employment-change
Wed Jan 7,146599,1767798000,2026-01-07T22:00:00+07:00,USD,US,high,3,10:00pm,ISM Services PMI,US ISM Services PMI,54.4,52.2,52.6,,/calendar?day=jan7.2026#detail=146599,/calendar/253-us-ism-services-pmi
Wed Jan 7,148068,1767798000,2026-01-07T22:00:00+07:00,USD,US,low,1,10:00pm,Factory Orders m/m,US Factory Orders m/m,-1.3%,-1.1%,0.2%,,/calendar?day=jan7.2026#detail=148068,/calendar/351-us-factory-orders-mm
Wed Jan 7,149786,1767798000,2026-01-07T22:00:00+07:00,USD,US,high,3,10:00pm,JOLTS Job Openings,US JOLTS Job Openings,7.15M,7.61M,7.67M,7.45M,/calendar?day=jan7.2026#detail=149786,/calendar/578-us-jolts-job-openings
Wed Jan 7,149849,1767798000,2026-01-07T22:00:00+07:00,CAD,CA,medium,2,10:00pm,Ivey PMI,CA Ivey PMI,51.9,49.5,48.4,,/calendar?day=jan7.2026#detail=149849,/calendar/254-ca-ivey-pmi
Wed Jan 7,148917,1767799800,2026-01-07T22:30:00+07:00,USD,US,low,1,10:30pm,Crude Oil Inventories,US Crude Oil Inventories,-3.8M,-1.2M,-1.9M,,/calendar?day=jan7.2026#detail=148917,/calendar/10-us-crude-oil-inventories
Thu Jan 8,152028,1767820200,2026-01-08T04:10:00+07:00,USD,US,low,1,4:10am,FOMC Member Bowman Speaks,US FOMC Member Bowman Speaks,,,,,/calendar?day=jan8.2026#detail=152028,/calendar/812-us-fomc-member-bowman-speaks
Thu Jan 8,149886,1767828600,2026-01-08T06:30:00+07:00,JPY,JN,low,1,6:30am,Average Cash Earnings y/y,JN Average Cash Earnings y/y,0.5%,2.3%,2.6%,2.5%,/calendar?day=jan8.2026#detail=149886,/calendar/181-jn-average-cash-earnings-yy
Thu Jan 8,148267,1767832200,2026-01-08T07:30:00+07:00,AUD,AU,low,1,7:30am,Goods Trade Balance,AU Goods Trade Balance,2.94B,5.14B,4.39B,4.35B,/calendar?day=jan8.2026#detail=148267,/calendar/122-au-goods-trade-balance
Thu Jan 8,150291,1767843300,2026-01-08T10:35:00+07:00,JPY,JN,low,1,10:35am,30-y Bond Auction,JN 30-y Bond Auction,3.45|3.1,,3.43|4.0,,/calendar?day=jan8.2026#detail=150291,/calendar/575-jn-30-y-bond-auction
Thu Jan 8,144259,1767848400,2026-01-08T12:00:00+07:00,JPY,JN,low,1,12:00pm,Consumer Confidence,JN Consumer Confidence,37.2,37.8,37.5,,/calendar?day=jan8.2026#detail=144259,/calendar/212-jn-consumer-confidence
Thu Jan 8,151106,1767855600,2026-01-08T14:00:00+07:00,EUR,GE,low,1,2:00pm,German Factory Orders m/m,GE Factory Orders m/m,5.6%,-0.9%,1.5%,1.6%,/calendar?day=jan8.2026#detail=151106,/calendar/352-ge-factory-orders-mm
Thu Jan 8,150808,1767855720,2026-01-08T14:02:00+07:00,GBP,UK,low,1,2:02pm,Halifax HPI m/m,UK Halifax HPI m/m,-0.6%,0.1%,0.0%,-0.1%,/calendar?day=jan8.2026#detail=150808,/calendar/151-uk-halifax-hpi-mm
Thu Jan 8,147323,1767857400,2026-01-08T14:30:00+07:00,CHF,SZ,high,3,2:30pm,CPI m/m,SZ CPI m/m,0.0%,0.0%,-0.2%,,/calendar?day=jan8.2026#detail=147323,/calendar/100-sz-cpi-mm
Thu Jan 8,147560,1767858300,2026-01-08T14:45:00+07:00,EUR,FR,low,1,2:45pm,French Trade Balance,FR Trade Balance,-4.2B,-4.3B,-3.9B,-3.5B,/calendar?day=jan8.2026#detail=147560,/calendar/126-fr-trade-balance
Thu Jan 8,148456,1767861000,2026-01-08T15:30:00+07:00,CHF,SZ,low,1,3:30pm,Summary of Monetary Policy Discussions,SZ Summary of Monetary Policy Discussions,,,,,/calendar?day=jan8.2026#detail=148456,/calendar/928-sz-summary-of-monetary-policy-discussions
Thu Jan 8,141802,1767862800,2026-01-08T16:00:00+07:00,EUR,IT,low,1,4:00pm,Italian Monthly Unemployment Rate,IT Monthly Unemployment Rate,5.7%,6.0%,6.0%,5.8%,/calendar?day=jan8.2026#detail=141802,/calendar/486-it-monthly-unemployment-rate
Thu Jan 8,147417,1767866340,2026-01-08T16:59:00+07:00,EUR,FR,low,1,4:59pm,French 10-y Bond Auction,FR 10-y Bond Auction,3.53|2.0,,3.38|2.3,,/calendar?day=jan8.2026#detail=147417,/calendar/523-fr-10-y-bond-auction
Thu Jan 8,151226,1767866400,2026-01-08T17:00:00+07:00,EUR,EZ,low,1,5:00pm,PPI m/m,EZ PPI m/m,0.5%,0.4%,0.1%,,/calendar?day=jan8.2026#detail=151226,/calendar/89-ez-ppi-mm
Thu Jan 8,151227,1767866400,2026-01-08T17:00:00+07:00,EUR,EZ,low,1,5:00pm,Unemployment Rate,EZ Unemployment Rate,6.3%,6.4%,6.4%,,/calendar?day=jan8.2026#detail=151227,/calendar/59-ez-unemployment-rate
Thu Jan 8,146891,1767868200,2026-01-08T17:30:00+07:00,USD,US,low,1,5:30pm,Challenger Job Cuts y/y,US Challenger Job Cuts y/y,-8.3%,,23.5%,,/calendar?day=jan8.2026#detail=146891,/calendar/76-us-challenger-job-cuts-yy
Thu Jan 8,152043,1767877200,2026-01-08T20:00:00+07:00,USD,US,low,1,8:00pm,FOMC Member Miran Speaks,US FOMC Member Miran Speaks,,,,,/calendar?day=jan8.2026#detail=152043,/calendar/926-us-fomc-member-miran-speaks
Thu Jan 8,146640,1767879000,2026-01-08T20:30:00+07:00,CAD,CA,low,1,8:30pm,Trade Balance,CA Trade Balance,-0.6B,-1.4B,0.2B,,/calendar?day=jan8.2026#detail=146640,/calendar/118-ca-trade-balance
Thu Jan 8,146979,1767879000,2026-01-08T20:30:00+07:00,USD,US,high,3,8:30pm,Unemployment Claims,US Unemployment Claims,208K,213K,199K,200K,/calendar?day=jan8.2026#detail=146979,/calendar/11-us-unemployment-claims
Thu Jan 8,148013,1767879000,2026-01-08T20:30:00+07:00,USD,US,low,1,8:30pm,Trade Balance,US Trade Balance,-29.4B,-58.1B,-52.8B,-48.1B,/calendar?day=jan8.2026#detail=148013,/calendar/117-us-trade-balance
Thu Jan 8,151016,1767879000,2026-01-08T20:30:00+07:00,USD,US,low,1,8:30pm,Prelim Nonfarm Productivity q/q,US Prelim Nonfarm Productivity q/q,4.9%,4.9%,2.4%,3.3%,/calendar?day=jan8.2026#detail=151016,/calendar/155-us-prelim-nonfarm-productivity-qq
Thu Jan 8,151017,1767879000,2026-01-08T20:30:00+07:00,USD,US,low,1,8:30pm,Prelim Unit Labor Costs q/q,US Prelim Unit Labor Costs q/q,-1.9%,0.0%,1.6%,1.0%,/calendar?day=jan8.2026#detail=151017,/calendar/177-us-prelim-unit-labor-costs-qq
Thu Jan 8,152059,1767879000,2026-01-08T20:30:00+07:00,USD,US,low,1,8:30pm,Goods Trade Balance,US Goods Trade Balance,-59.1B,,-79.0B,-78.3B,/calendar?day=jan8.2026#detail=152059,/calendar/625-us-goods-trade-balance
Thu Jan 8,148190,1767884400,2026-01-08T22:00:00+07:00,USD,US,low,1,10:00pm,Final Wholesale Inventories m/m,US Final Wholesale Inventories m/m,0.2%,0.2%,0.5%,,/calendar?day=jan8.2026#detail=148190,/calendar/154-us-final-wholesale-inventories-mm
Thu Jan 8,148734,1767886200,2026-01-08T22:30:00+07:00,USD,US,low,1,10:30pm,Natural Gas Storage,US Natural Gas Storage,-119B,-109B,-38B,,/calendar?day=jan8.2026#detail=148734,/calendar/26-us-natural-gas-storage
Fri Jan 9,148722,1767902400,2026-01-09T03:00:00+07:00,USD,US,low,1,3:00am,Consumer Credit m/m,US Consumer Credit m/m,4.2B,10.1B,9.2B,,/calendar?day=jan9.2026#detail=148722,/calendar/341-us-consumer-credit-mm
Fri Jan 9,149616,1767915000,2026-01-09T06:30:00+07:00,JPY,JN,low,1,6:30am,Household Spending y/y,JN Household Spending y/y,2.9%,-1.0%,-3.0%,,/calendar?day=jan9.2026#detail=149616,/calendar/359-jn-household-spending-yy
Fri Jan 9,150174,1767922200,2026-01-09T08:30:00+07:00,CNY,CH,medium,2,8:30am,CPI y/y,CH CPI y/y,0.8%,0.8%,0.7%,,/calendar?day=jan9.2026#detail=150174,/calendar/454-ch-cpi-yy
Fri Jan 9,150175,1767922200,2026-01-09T08:30:00+07:00,CNY,CH,medium,2,8:30am,PPI y/y,CH PPI y/y,-1.9%,-2.0%,-2.2%,,/calendar?day=jan9.2026#detail=150175,/calendar/455-ch-ppi-yy
Fri Jan 9,149655,1767934800,2026-01-09T12:00:00+07:00,JPY,JN,low,1,12:00pm,Leading Indicators,JN Leading Indicators,110.5%,110.4%,110.0%,109.8%,/calendar?day=jan9.2026#detail=149655,/calendar/145-jn-leading-indicators
Fri Jan 9,151107,1767942000,2026-01-09T14:00:00+07:00,EUR,GE,low,1,2:00pm,German Trade Balance,GE Trade Balance,13.1B,16.3B,16.9B,17.2B,/calendar?day=jan9.2026#detail=151107,/calendar/125-ge-trade-balance
Fri Jan 9,151108,1767942000,2026-01-09T14:00:00+07:00,EUR,GE,low,1,2:00pm,German Industrial Production m/m,GE Industrial Production m/m,0.8%,-0.6%,1.8%,2.0%,/calendar?day=jan9.2026#detail=151108,/calendar/221-ge-industrial-production-mm
Fri Jan 9,141034,1767944700,2026-01-09T14:45:00+07:00,EUR,FR,low,1,2:45pm,French Consumer Spending m/m,FR Consumer Spending m/m,-0.3%,-0.1%,0.4%,0.5%,/calendar?day=jan9.2026#detail=141034,/calendar/357-fr-consumer-spending-mm
Fri Jan 9,147559,1767944700,2026-01-09T14:45:00+07:00,EUR,FR,low,1,2:45pm,French Industrial Production m/m,FR Industrial Production m/m,-0.1%,-0.2%,0.2%,,/calendar?day=jan9.2026#detail=147559,/calendar/222-fr-industrial-production-mm
Fri Jan 9,147299,1767945600,2026-01-09T15:00:00+07:00,CHF,SZ,low,1,3:00pm,Foreign Currency Reserves,SZ Foreign Currency Reserves,725B,,727B,,/calendar?day=jan9.2026#detail=147299,/calendar/517-sz-foreign-currency-reserves
Fri Jan 9,147300,1767945600,2026-01-09T15:00:00+07:00,CHF,SZ,low,1,3:00pm,Unemployment Rate,SZ Unemployment Rate,3.0%,3.0%,3.0%,,/calendar?day=jan9.2026#detail=147300,/calendar/62-sz-unemployment-rate
Fri Jan 9,147766,1767949200,2026-01-09T16:00:00+07:00,EUR,IT,low,1,4:00pm,Italian Retail Sales m/m,IT Retail Sales m/m,0.5%,0.3%,0.5%,,/calendar?day=jan9.2026#detail=147766,/calendar/108-it-retail-sales-mm
Fri Jan 9,151228,1767952800,2026-01-09T17:00:00+07:00,EUR,EZ,low,1,5:00pm,Retail Sales m/m,EZ Retail Sales m/m,0.2%,0.1%,0.0%,,/calendar?day=jan9.2026#detail=151228,/calendar/106-ez-retail-sales-mm
Fri Jan 9,151750,1767965340,2026-01-09T20:29:00+07:00,USD,US,low,1,Sep Data,Building Permits,US Building Permits,1.42M,1.33M,1.31M,,/calendar?day=jan9.2026#detail=151750,/calendar/198-us-building-permits
Fri Jan 9,151752,1767965340,2026-01-09T20:29:00+07:00,USD,US,low,1,Sep Data,Housing Starts,US Housing Starts,1.31M,1.29M,1.31M,,/calendar?day=jan9.2026#detail=151752,/calendar/199-us-housing-starts
Fri Jan 9,146641,1767965400,2026-01-09T20:30:00+07:00,CAD,CA,high,3,8:30pm,Employment Change,CA Employment Change,8.2K,-1.8K,53.6K,,/calendar?day=jan9.2026#detail=146641,/calendar/67-ca-employment-change
Fri Jan 9,146642,1767965400,2026-01-09T20:30:00+07:00,CAD,CA,high,3,8:30pm,Unemployment Rate,CA Unemployment Rate,6.8%,6.7%,6.5%,,/calendar?day=jan9.2026#detail=146642,/calendar/57-ca-unemployment-rate
Fri Jan 9,146903,1767965400,2026-01-09T20:30:00+07:00,USD,US,high,3,8:30pm,Non-Farm Employment Change,US Non-Farm Employment Change,50K,66K,64K,56K,/calendar?day=jan9.2026#detail=146903,/calendar/66-us-non-farm-employment-change
Fri Jan 9,146915,1767965400,2026-01-09T20:30:00+07:00,USD,US,high,3,8:30pm,Unemployment Rate,US Unemployment Rate,4.4%,4.5%,4.6%,,/calendar?day=jan9.2026#detail=146915,/calendar/56-us-unemployment-rate
Fri Jan 9,146927,1767965400,2026-01-09T20:30:00+07:00,USD,US,high,3,8:30pm,Average Hourly Earnings m/m,US Average Hourly Earnings m/m,0.3%,0.3%,0.1%,,/calendar?day=jan9.2026#detail=146927,/calendar/159-us-average-hourly-earnings-mm
Fri Jan 9,151751,1767965400,2026-01-09T20:30:00+07:00,USD,US,low,1,8:30pm,Building Permits,US Building Permits,1.41M,1.35M,1.42M,,/calendar?day=jan9.2026#detail=151751,/calendar/198-us-building-permits
Fri Jan 9,151753,1767965400,2026-01-09T20:30:00+07:00,USD,US,low,1,8:30pm,Housing Starts,US Housing Starts,1.25M,1.33M,1.31M,,/calendar?day=jan9.2026#detail=151753,/calendar/199-us-housing-starts
Fri Jan 9,148570,1767970800,2026-01-09T22:00:00+07:00,USD,US,high,3,10:00pm,Prelim UoM Consumer Sentiment,US Prelim UoM Consumer Sentiment,54.0,53.5,53.3,52.9,/calendar?day=jan9.2026#detail=148570,/calendar/53-us-prelim-uom-consumer-sentiment
Fri Jan 9,148582,1767970800,2026-01-09T22:00:00+07:00,USD,US,high,3,10:00pm,Prelim UoM Inflation Expectations,US Prelim UoM Inflation Expectations,4.2%,,4.1%,4.2%,/calendar?day=jan9.2026#detail=148582,/calendar/236-us-prelim-uom-inflation-expectations
Fri Jan 9,152033,1767970800,2026-01-09T22:00:00+07:00,USD,US,low,1,10:00pm,FOMC Member Kashkari Speaks,US FOMC Member Kashkari Speaks,,,,,/calendar?day=jan9.2026#detail=152033,/calendar/651-us-fomc-member-kashkari-speaks
Sat Jan 10,152009,1767983700,2026-01-10T01:35:00+07:00,USD,US,low,1,1:35am,FOMC Member Barkin Speaks,US FOMC Member Barkin Speaks,,,,,/calendar?day=jan10.2026#detail=152009,/calendar/728-us-fomc-member-barkin-speaks
Mon Jan 12,147453,1768176000,2026-01-12T07:00:00+07:00,JPY,JN,holiday,0,All Day,Bank Holiday,JN Bank Holiday,,,,,/calendar?day=jan12.2026#detail=147453,/calendar/393-jn-bank-holiday
Mon Jan 12,148118,1768177800,2026-01-12T07:30:00+07:00,AUD,AU,low,1,7:30am,ANZ Job Advertisements m/m,AU ANZ Job Advertisements m/m,-0.5%,,-0.8%,-1.5%,/calendar?day=jan12.2026#detail=148118,/calendar/234-au-anz-job-advertisements-mm
Mon Jan 12,148509,1768177800,2026-01-12T07:30:00+07:00,AUD,AU,low,1,7:30am,Household Spending m/m,AU Household Spending m/m,1.0%,0.6%,1.3%,1.4%,/calendar?day=jan12.2026#detail=148509,/calendar/923-au-household-spending-mm
Mon Jan 12,152029,1768204800,2026-01-12T15:00:00+07:00,CHF,SZ,low,1,3:00pm,SECO Consumer Climate,SZ SECO Consumer Climate,-31,-33,-34,,/calendar?day=jan12.2026#detail=152029,/calendar/337-sz-seco-consumer-climate
Mon Jan 12,150588,1768210200,2026-01-12T16:30:00+07:00,EUR,EZ,low,1,4:30pm,Sentix Investor Confidence,EZ Sentix Investor Confidence,-1.8,-5.1,-6.2,,/calendar?day=jan12.2026#detail=150588,/calendar/320-ez-sentix-investor-confidence
Tue Jan 13,152046,1768239900,2026-01-13T00:45:00+07:00,USD,US,low,1,12:45am,FOMC Member Barkin Speaks,US FOMC Member Barkin Speaks,,,,,/calendar?day=jan13.2026#detail=152046,/calendar/728-us-fomc-member-barkin-speaks
Tue Jan 13,148893,1768240860,2026-01-13T01:01:00+07:00,USD,US,low,1,1:01am,10-y Bond Auction,US 10-y Bond Auction,4.17|2.6,,4.18|2.6,,/calendar?day=jan13.2026#detail=148893,/calendar/519-us-10-y-bond-auction
Tue Jan 13,149375,1768251600,2026-01-13T04:00:00+07:00,NZD,NZ,low,1,4:00am,NZIER Business Confidence,NZ NZIER Business Confidence,48,,18,,/calendar?day=jan13.2026#detail=149375,/calendar/318-nz-nzier-business-confidence
Tue Jan 13,148106,1768258200,2026-01-13T05:50:00+07:00,AUD,AU,low,1,5:50am,Westpac Consumer Sentiment,AU Westpac Consumer Sentiment,-1.7%,,-9.0%,,/calendar?day=jan13.2026#detail=148106,/calendar/338-au-westpac-consumer-sentiment
Tue Jan 13,152047,1768258800,2026-01-13T06:00:00+07:00,USD,US,low,1,6:00am,FOMC Member Williams Speaks,US FOMC Member Williams Speaks,,,,,/calendar?day=jan13.2026#detail=152047,/calendar/518-us-fomc-member-williams-speaks
Tue Jan 13,148836,1768261800,2026-01-13T06:50:00+07:00,JPY,JN,low,1,6:50am,Bank Lending y/y,JN Bank Lending y/y,4.4%,4.1%,4.2%,4.1%,/calendar?day=jan13.2026#detail=148836,/calendar/388-jn-bank-lending-yy
Tue Jan 13,149542,1768261800,2026-01-13T06:50:00+07:00,JPY,JN,low,1,6:50am,Current Account,JN Current Account,3.14T,3.04T,2.48T,,/calendar?day=jan13.2026#detail=149542,/calendar/217-jn-current-account
Tue Jan 13,150820,1768262460,2026-01-13T07:01:00+07:00,GBP,UK,low,1,7:01am,BRC Retail Sales Monitor y/y,UK BRC Retail Sales Monitor y/y,1.0%,1.3%,1.2%,,/calendar?day=jan13.2026#detail=150820,/calendar/114-uk-brc-retail-sales-monitor-yy
Tue Jan 13,148807,1768280400,2026-01-13T12:00:00+07:00,JPY,JN,low,1,12:00pm,Economy Watchers Sentiment,JN Economy Watchers Sentiment,48.6,48.7,48.7,,/calendar?day=jan13.2026#detail=148807,/calendar/324-jn-economy-watchers-sentiment
Tue Jan 13,147523,1768293360,2026-01-13T15:36:00+07:00,EUR,FR,low,1,3:36pm,French Gov Budget Balance,FR Gov Budget Balance,-155.4B,,-136.2B,,/calendar?day=jan13.2026#detail=147523,/calendar/378-fr-gov-budget-balance
Tue Jan 13,146943,1768302000,2026-01-13T18:00:00+07:00,USD,US,low,1,6:00pm,NFIB Small Business Index,US NFIB Small Business Index,99.5,99.5,99.0,,/calendar?day=jan13.2026#detail=146943,/calendar/570-us-nfib-small-business-index
Tue Jan 13,151019,1768310100,2026-01-13T20:15:00+07:00,USD,US,medium,2,8:15pm,ADP Weekly Employment Change,US ADP Weekly Employment Change,11.8K,,11.5K,11.0K,/calendar?day=jan13.2026#detail=151019,/calendar/929-us-adp-weekly-employment-change
Tue Jan 13,146643,1768311000,2026-01-13T20:30:00+07:00,CAD,CA,low,1,8:30pm,Building Permits m/m,CA Building Permits m/m,-13.1%,-5.6%,14.9%,15.7%,/calendar?day=jan13.2026#detail=146643,/calendar/200-ca-building-permits-mm
Tue Jan 13,148326,1768311000,2026-01-13T20:30:00+07:00,USD,US,high,3,8:30pm,CPI m/m,US CPI m/m,0.3%,0.3%,0.3%,,/calendar?day=jan13.2026#detail=148326,/calendar/78-us-cpi-mm
Tue Jan 13,148343,1768311000,2026-01-13T20:30:00+07:00,USD,US,high,3,8:30pm,CPI y/y,US CPI y/y,2.7%,2.7%,2.7%,,/calendar?day=jan13.2026#detail=148343,/calendar/884-us-cpi-yy
Tue Jan 13,148356,1768311000,2026-01-13T20:30:00+07:00,USD,US,high,3,8:30pm,Core CPI m/m,US Core CPI m/m,0.2%,0.3%,0.2%,,/calendar?day=jan13.2026#detail=148356,/calendar/79-us-core-cpi-mm
Tue Jan 13,151749,1768316340,2026-01-13T21:59:00+07:00,USD,US,low,1,Sep Data,New Home Sales,US New Home Sales,738K,,800K,711K,/calendar?day=jan13.2026#detail=151749,/calendar/231-us-new-home-sales
Tue Jan 13,151748,1768316400,2026-01-13T22:00:00+07:00,USD,US,medium,2,10:00pm,New Home Sales,US New Home Sales,737K,716K,738K,,/calendar?day=jan13.2026#detail=151748,/calendar/231-us-new-home-sales
Tue Jan 13,152048,1768316400,2026-01-13T22:00:00+07:00,USD,US,low,1,10:00pm,FOMC Member Musalem Speaks,US FOMC Member Musalem Speaks,,,,,/calendar?day=jan13.2026#detail=152048,/calendar/911-us-fomc-member-musalem-speaks
Tue Jan 13,149073,1768316580,2026-01-13T22:03:00+07:00,USD,US,low,1,10:03pm,RCM/TIPP Economic Optimism,US RCM/TIPP Economic Optimism,47.2,48.2,47.9,,/calendar?day=jan13.2026#detail=149073,/calendar/237-us-rcmtipp-economic-optimism
Wed Jan 14,148905,1768327260,2026-01-14T01:01:00+07:00,USD,US,low,1,1:01am,30-y Bond Auction,US 30-y Bond Auction,4.83|2.4,,4.77|2.4,,/calendar?day=jan14.2026#detail=148905,/calendar/540-us-30-y-bond-auction
Wed Jan 14,146798,1768330800,2026-01-14T02:00:00+07:00,USD,US,low,1,2:00am,Federal Budget Balance,US Federal Budget Balance,-144.7B,-144.5B,-173.3B,,/calendar?day=jan14.2026#detail=146798,/calendar/322-us-federal-budget-balance
Wed Jan 14,152073,1768330800,2026-01-14T02:00:00+07:00,USD,US,medium,2,2:00am,President Trump Speaks,US President Trump Speaks,,,,,/calendar?day=jan14.2026#detail=152073,/calendar/645-us-president-trump-speaks
Wed Jan 14,152049,1768338000,2026-01-14T04:00:00+07:00,USD,US,low,1,4:00am,FOMC Member Barkin Speaks,US FOMC Member Barkin Speaks,,,,,/calendar?day=jan14.2026#detail=152049,/calendar/728-us-fomc-member-barkin-speaks
Wed Jan 14,147056,1768339800,2026-01-14T04:30:00+07:00,USD,US,low,1,4:30am,API Weekly Statistical Bulletin,US API Weekly Statistical Bulletin,,,,,/calendar?day=jan14.2026#detail=147056,/calendar/754-us-api-weekly-statistical-bulletin
Wed Jan 14,150023,1768340700,2026-01-14T04:45:00+07:00,NZD,NZ,low,1,4:45am,Building Consents m/m,NZ Building Consents m/m,2.8%,,-0.9%,-0.7%,/calendar?day=jan14.2026#detail=150023,/calendar/229-nz-building-consents-mm
Wed Jan 14,148696,1768348200,2026-01-14T06:50:00+07:00,JPY,JN,low,1,6:50am,M2 Money Stock y/y,JN M2 Money Stock y/y,1.7%,1.9%,1.8%,1.7%,/calendar?day=jan14.2026#detail=148696,/calendar/376-jn-m2-money-stock-yy
Wed Jan 14,149580,1768348800,2026-01-14T07:00:00+07:00,NZD,NZ,low,1,7:00am,ANZ Commodity Prices m/m,NZ ANZ Commodity Prices m/m,-2.1%,,-1.6%,,/calendar?day=jan14.2026#detail=149580,/calendar/190-nz-anz-commodity-prices-mm
Wed Jan 14,150218,1768357440,2026-01-14T09:24:00+07:00,CNY,CH,low,1,9:24am,Trade Balance,CH Trade Balance,809B,805B,793B,,/calendar?day=jan14.2026#detail=150218,/calendar/630-ch-trade-balance
Wed Jan 14,150219,1768357440,2026-01-14T09:24:00+07:00,CNY,CH,low,1,9:24am,USD-Denominated Trade Balance,CH USD-Denominated Trade Balance,114.1B,114.3B,111.7B,,/calendar?day=jan14.2026#detail=150219,/calendar/450-ch-usd-denominated-trade-balance
Wed Jan 14,149690,1768370400,2026-01-14T13:00:00+07:00,JPY,JN,low,1,1:00pm,Prelim Machine Tool Orders y/y,JN Prelim Machine Tool Orders y/y,10.6%,,14.2%,14.8%,/calendar?day=jan14.2026#detail=149690,/calendar/321-jn-prelim-machine-tool-orders-yy
Wed Jan 14,152060,1768377600,2026-01-14T15:00:00+07:00,GBP,UK,low,1,3:00pm,MPC Member Taylor Speaks,UK MPC Member Taylor Speaks,,,,,/calendar?day=jan14.2026#detail=152060,/calendar/916-uk-mpc-member-taylor-speaks
Wed Jan 14,152031,1768384920,2026-01-14T17:02:00+07:00,GBP,UK,low,1,5:02pm,10-y Bond Auction,UK 10-y Bond Auction,4.46|3.3,,4.61|3.1,,/calendar?day=jan14.2026#detail=152031,/calendar/526-uk-10-y-bond-auction
Wed Jan 14,150438,1768386960,2026-01-14T17:36:00+07:00,EUR,GE,low,1,5:36pm,German 30-y Bond Auction,GE 30-y Bond Auction,3.45|2.1,,3.26|1.3,,/calendar?day=jan14.2026#detail=150438,/calendar/541-ge-30-y-bond-auction
Wed Jan 14,151101,1768397340,2026-01-14T20:29:00+07:00,USD,US,medium,2,Oct Data,Core PPI m/m,US Core PPI m/m,0.3%,,0.1%,0.4%,/calendar?day=jan14.2026#detail=151101,/calendar/87-us-core-ppi-mm
Wed Jan 14,151102,1768397340,2026-01-14T20:29:00+07:00,USD,US,medium,2,Oct Data,PPI m/m,US PPI m/m,0.1%,,0.3%,0.6%,/calendar?day=jan14.2026#detail=151102,/calendar/86-us-ppi-mm
Wed Jan 14,142734,1768397400,2026-01-14T20:30:00+07:00,USD,US,low,1,8:30pm,Current Account,US Current Account,-226B,-235B,-251B,-249B,/calendar?day=jan14.2026#detail=142734,/calendar/195-us-current-account
Wed Jan 14,148025,1768397400,2026-01-14T20:30:00+07:00,USD,US,high,3,8:30pm,Retail Sales m/m,US Retail Sales m/m,0.6%,0.5%,0.0%,-0.1%,/calendar?day=jan14.2026#detail=148025,/calendar/102-us-retail-sales-mm
Wed Jan 14,148037,1768397400,2026-01-14T20:30:00+07:00,USD,US,high,3,8:30pm,Core Retail Sales m/m,US Core Retail Sales m/m,0.5%,0.4%,0.4%,0.2%,/calendar?day=jan14.2026#detail=148037,/calendar/112-us-core-retail-sales-mm
Wed Jan 14,148371,1768397400,2026-01-14T20:30:00+07:00,USD,US,high,3,8:30pm,PPI m/m,US PPI m/m,0.2%,0.2%,0.1%,,/calendar?day=jan14.2026#detail=148371,/calendar/86-us-ppi-mm
Wed Jan 14,148395,1768397400,2026-01-14T20:30:00+07:00,USD,US,high,3,8:30pm,Core PPI m/m,US Core PPI m/m,0.0%,0.2%,0.3%,,/calendar?day=jan14.2026#detail=148395,/calendar/87-us-core-ppi-mm
Wed Jan 14,152051,1768402200,2026-01-14T21:50:00+07:00,USD,US,low,1,9:50pm,FOMC Member Paulson Speaks,US FOMC Member Paulson Speaks,,,,,/calendar?day=jan14.2026#detail=152051,/calendar/920-us-fomc-member-paulson-speaks
Wed Jan 14,148080,1768402800,2026-01-14T22:00:00+07:00,USD,US,low,1,10:00pm,Business Inventories m/m,US Business Inventories m/m,0.3%,0.1%,0.2%,0.3%,/calendar?day=jan14.2026#detail=148080,/calendar/153-us-business-inventories-mm
Wed Jan 14,149824,1768402800,2026-01-14T22:00:00+07:00,USD,US,low,1,10:00pm,Existing Home Sales,US Existing Home Sales,4.35M,4.21M,4.13M,4.14M,/calendar?day=jan14.2026#detail=149824,/calendar/232-us-existing-home-sales
Wed Jan 14,148918,1768404600,2026-01-14T22:30:00+07:00,USD,US,low,1,10:30pm,Crude Oil Inventories,US Crude Oil Inventories,3.4M,-1.7M,-3.8M,,/calendar?day=jan14.2026#detail=148918,/calendar/10-us-crude-oil-inventories
Wed Jan 14,152044,1768404600,2026-01-14T22:30:00+07:00,USD,US,low,1,10:30pm,FOMC Member Miran Speaks,US FOMC Member Miran Speaks,,,,,/calendar?day=jan14.2026#detail=152044,/calendar/926-us-fomc-member-miran-speaks
Wed Jan 14,152052,1768404600,2026-01-14T22:30:00+07:00,GBP,UK,low,1,10:30pm,MPC Member Ramsden Speaks,UK MPC Member Ramsden Speaks,,,,,/calendar?day=jan14.2026#detail=152052,/calendar/689-uk-mpc-member-ramsden-speaks
Thu Jan 15,152053,1768410000,2026-01-15T00:00:00+07:00,USD,US,low,1,12:00am,FOMC Member Kashkari Speaks,US FOMC Member Kashkari Speaks,,,,,/calendar?day=jan15.2026#detail=152053,/calendar/651-us-fomc-member-kashkari-speaks
Thu Jan 15,152065,1768410000,2026-01-15T00:00:00+07:00,USD,US,low,1,12:00am,FOMC Member Bostic Speaks,US FOMC Member Bostic Speaks,,,,,/calendar?day=jan15.2026#detail=152065,/calendar/725-us-fomc-member-bostic-speaks
Thu Jan 15,148630,1768417200,2026-01-15T02:00:00+07:00,USD,US,low,1,2:00am,Beige Book,US Beige Book,,,,,/calendar?day=jan15.2026#detail=148630,/calendar/241-us-beige-book
Thu Jan 15,152054,1768417800,2026-01-15T02:10:00+07:00,USD,US,low,1,2:10am,FOMC Member Williams Speaks,US FOMC Member Williams Speaks,,,,,/calendar?day=jan15.2026#detail=152054,/calendar/518-us-fomc-member-williams-speaks
Thu Jan 15,149934,1768434600,2026-01-15T06:50:00+07:00,JPY,JN,low,1,6:50am,PPI y/y,JN PPI y/y,2.4%,2.4%,2.7%,,/calendar?day=jan15.2026#detail=149934,/calendar/148-jn-ppi-yy
Thu Jan 15,148094,1768435200,2026-01-15T07:00:00+07:00,AUD,AU,low,1,7:00am,MI Inflation Expectations,AU MI Inflation Expectations,4.6%,,4.7%,,/calendar?day=jan15.2026#detail=148094,/calendar/293-au-mi-inflation-expectations
Thu Jan 15,150785,1768435260,2026-01-15T07:01:00+07:00,GBP,UK,low,1,7:01am,RICS House Price Balance,UK RICS House Price Balance,-14%,-17%,-16%,-14%,/calendar?day=jan15.2026#detail=150785,/calendar/260-uk-rics-house-price-balance
Thu Jan 15,151110,1768460400,2026-01-15T14:00:00+07:00,EUR,GE,low,1,2:00pm,German WPI m/m,GE WPI m/m,-0.2%,0.2%,0.3%,,/calendar?day=jan15.2026#detail=151110,/calendar/291-ge-wpi-mm
Thu Jan 15,151510,1768460400,2026-01-15T14:00:00+07:00,GBP,UK,high,3,2:00pm,GDP m/m,UK GDP m/m,0.3%,0.1%,-0.1%,,/calendar?day=jan15.2026#detail=151510,/calendar/804-uk-gdp-mm
Thu Jan 15,151511,1768460400,2026-01-15T14:00:00+07:00,GBP,UK,low,1,2:00pm,Construction Output m/m,UK Construction Output m/m,-1.3%,-0.3%,-0.6%,-1.2%,/calendar?day=jan15.2026#detail=151511,/calendar/599-uk-construction-output-mm
Thu Jan 15,151512,1768460400,2026-01-15T14:00:00+07:00,GBP,UK,low,1,2:00pm,Index of Services 3m/3m,UK Index of Services 3m/3m,0.2%,0.0%,0.0%,0.1%,/calendar?day=jan15.2026#detail=151512,/calendar/385-uk-index-of-services-3m3m
Thu Jan 15,151513,1768460400,2026-01-15T14:00:00+07:00,GBP,UK,low,1,2:00pm,Industrial Production m/m,UK Industrial Production m/m,1.1%,0.2%,1.1%,1.3%,/calendar?day=jan15.2026#detail=151513,/calendar/193-uk-industrial-production-mm
Thu Jan 15,151514,1768460400,2026-01-15T14:00:00+07:00,GBP,UK,low,1,2:00pm,Goods Trade Balance,UK Goods Trade Balance,-23.7B,-20.3B,-22.5B,-24.2B,/calendar?day=jan15.2026#detail=151514,/calendar/119-uk-goods-trade-balance
Thu Jan 15,151515,1768460400,2026-01-15T14:00:00+07:00,GBP,UK,low,1,2:00pm,Manufacturing Production m/m,UK Manufacturing Production m/m,2.1%,0.4%,0.5%,0.4%,/calendar?day=jan15.2026#detail=151515,/calendar/194-uk-manufacturing-production-mm
Thu Jan 15,150137,1768460520,2026-01-15T14:02:00+07:00,CNY,CH,low,1,2:02pm,New Loans,CH New Loans,910B,820B,390B,,/calendar?day=jan15.2026#detail=150137,/calendar/477-ch-new-loans
Thu Jan 15,150138,1768460520,2026-01-15T14:02:00+07:00,CNY,CH,low,1,2:02pm,M2 Money Supply y/y,CH M2 Money Supply y/y,8.5%,8.0%,8.0%,,/calendar?day=jan15.2026#detail=150138,/calendar/476-ch-m2-money-supply-yy
Thu Jan 15,147535,1768463100,2026-01-15T14:45:00+07:00,EUR,FR,low,1,2:45pm,French Final CPI m/m,FR Final CPI m/m,0.1%,0.1%,0.1%,,/calendar?day=jan15.2026#detail=147535,/calendar/171-fr-final-cpi-mm
Thu Jan 15,147754,1768467600,2026-01-15T16:00:00+07:00,EUR,IT,low,1,4:00pm,Italian Industrial Production m/m,IT Industrial Production m/m,1.5%,0.6%,-1.0%,,/calendar?day=jan15.2026#detail=147754,/calendar/223-it-industrial-production-mm
Thu Jan 15,150561,1768467600,2026-01-15T16:00:00+07:00,EUR,EZ,low,1,4:00pm,ECB Economic Bulletin,EZ ECB Economic Bulletin,,,,,/calendar?day=jan15.2026#detail=150561,/calendar/612-ez-ecb-economic-bulletin
Thu Jan 15,150696,1768469400,2026-01-15T16:30:00+07:00,GBP,UK,low,1,4:30pm,BOE Credit Conditions Survey,UK BOE Credit Conditions Survey,,,,,/calendar?day=jan15.2026#detail=150696,/calendar/367-uk-boe-credit-conditions-survey
Thu Jan 15,151230,1768471200,2026-01-15T17:00:00+07:00,EUR,EZ,low,1,5:00pm,Industrial Production m/m,EZ Industrial Production m/m,0.7%,0.5%,0.8%,0.7%,/calendar?day=jan15.2026#detail=151230,/calendar/220-ez-industrial-production-mm
Thu Jan 15,151231,1768471200,2026-01-15T17:00:00+07:00,EUR,EZ,low,1,5:00pm,Trade Balance,EZ Trade Balance,10.7B,14.8B,14.0B,13.7B,/calendar?day=jan15.2026#detail=151231,/calendar/120-ez-trade-balance
Thu Jan 15,147731,1768474800,2026-01-15T18:00:00+07:00,EUR,IT,low,1,6:00pm,Italian Trade Balance,IT Trade Balance,5.08B,5.22B,4.16B,4.18B,/calendar?day=jan15.2026#detail=147731,/calendar/127-it-trade-balance
Thu Jan 15,142702,1768483800,2026-01-15T20:30:00+07:00,USD,US,low,1,8:30pm,Import Prices m/m,US Import Prices m/m,0.4%,-0.1%,0.0%,,/calendar?day=jan15.2026#detail=142702,/calendar/256-us-import-prices-mm
Thu Jan 15,146644,1768483800,2026-01-15T20:30:00+07:00,CAD,CA,low,1,8:30pm,Manufacturing Sales m/m,CA Manufacturing Sales m/m,-1.2%,-1.1%,-1.0%,,/calendar?day=jan15.2026#detail=146644,/calendar/363-ca-manufacturing-sales-mm
Thu Jan 15,146645,1768483800,2026-01-15T20:30:00+07:00,CAD,CA,low,1,8:30pm,Wholesale Sales m/m,CA Wholesale Sales m/m,-1.8%,0.1%,0.1%,0.4%,/calendar?day=jan15.2026#detail=146645,/calendar/362-ca-wholesale-sales-mm
Thu Jan 15,146955,1768483800,2026-01-15T20:30:00+07:00,USD,US,medium,2,8:30pm,Philly Fed Manufacturing Index,US Philly Fed Manufacturing Index,12.6,-1.6,-10.2,,/calendar?day=jan15.2026#detail=146955,/calendar/325-us-philly-fed-manufacturing-index
Thu Jan 15,146980,1768483800,2026-01-15T20:30:00+07:00,USD,US,high,3,8:30pm,Unemployment Claims,US Unemployment Claims,198K,215K,208K,207K,/calendar?day=jan15.2026#detail=146980,/calendar/11-us-unemployment-claims
Thu Jan 15,148618,1768483800,2026-01-15T20:30:00+07:00,USD,US,medium,2,8:30pm,Empire State Manufacturing Index,US Empire State Manufacturing Index,7.7,0.8,-3.9,,/calendar?day=jan15.2026#detail=148618,/calendar/207-us-empire-state-manufacturing-index
Thu Jan 15,152061,1768484100,2026-01-15T20:35:00+07:00,USD,US,low,1,8:35pm,FOMC Member Bostic Speaks,US FOMC Member Bostic Speaks,,,,,/calendar?day=jan15.2026#detail=152061,/calendar/725-us-fomc-member-bostic-speaks
Thu Jan 15,152063,1768486500,2026-01-15T21:15:00+07:00,USD,US,low,1,9:15pm,FOMC Member Barr Speaks,US FOMC Member Barr Speaks,,,,,/calendar?day=jan15.2026#detail=152063,/calendar/880-us-fomc-member-barr-speaks
Thu Jan 15,148735,1768491000,2026-01-15T22:30:00+07:00,USD,US,low,1,10:30pm,Natural Gas Storage,US Natural Gas Storage,-71B,-89B,-119B,,/calendar?day=jan15.2026#detail=148735,/calendar/26-us-natural-gas-storage
Fri Jan 16,152055,1768498800,2026-01-16T00:40:00+07:00,USD,US,low,1,12:40am,FOMC Member Barkin Speaks,US FOMC Member Barkin Speaks,,,,,/calendar?day=jan16.2026#detail=152055,/calendar/728-us-fomc-member-barkin-speaks
Fri Jan 16,152066,1768501800,2026-01-16T01:30:00+07:00,USD,US,low,1,1:30am,FOMC Member Schmid Speaks,US FOMC Member Schmid Speaks,,,,,/calendar?day=jan16.2026#detail=152066,/calendar/912-us-fomc-member-schmid-speaks
Fri Jan 16,149812,1768510800,2026-01-16T04:00:00+07:00,USD,US,low,1,4:00am,TIC Long-Term Purchases,US TIC Long-Term Purchases,220.2B,48.7B,17.5B,30.9B,/calendar?day=jan16.2026#detail=149812,/calendar/372-us-tic-long-term-purchases
Fri Jan 16,149339,1768512600,2026-01-16T04:30:00+07:00,NZD,NZ,low,1,4:30am,BusinessNZ Manufacturing Index,NZ BusinessNZ Manufacturing Index,56.1,,51.4,51.7,/calendar?day=jan16.2026#detail=149339,/calendar/149-nz-businessnz-manufacturing-index
Fri Jan 16,149327,1768513500,2026-01-16T04:45:00+07:00,NZD,NZ,low,1,4:45am,FPI m/m,NZ FPI m/m,-0.3%,,-0.4%,,/calendar?day=jan16.2026#detail=149327,/calendar/101-nz-fpi-mm
Fri Jan 16,151112,1768546800,2026-01-16T14:00:00+07:00,EUR,GE,low,1,2:00pm,German Final CPI m/m,GE Final CPI m/m,0.0%,0.0%,0.0%,,/calendar?day=jan16.2026#detail=151112,/calendar/170-ge-final-cpi-mm
Fri Jan 16,152062,1768557600,2026-01-16T17:00:00+07:00,GBP,UK,high,3,5:00pm,BOE Gov Bailey Speaks,UK BOE Gov Bailey Speaks,,,,,/calendar?day=jan16.2026#detail=152062,/calendar/838-uk-boe-gov-bailey-speaks
Fri Jan 16,149553,1768569300,2026-01-16T20:15:00+07:00,CAD,CA,low,1,8:15pm,Housing Starts,CA Housing Starts,282K,257K,254K,255K,/calendar?day=jan16.2026#detail=149553,/calendar/201-ca-housing-starts
Fri Jan 16,146647,1768570200,2026-01-16T20:30:00+07:00,CAD,CA,low,1,8:30pm,Foreign Securities Purchases,CA Foreign Securities Purchases,16.33B,24.61B,46.62B,,/calendar?day=jan16.2026#detail=146647,/calendar/374-ca-foreign-securities-purchases
Fri Jan 16,147031,1768572900,2026-01-16T21:15:00+07:00,USD,US,low,1,9:15pm,Industrial Production m/m,US Industrial Production m/m,0.4%,0.1%,0.2%,0.4%,/calendar?day=jan16.2026#detail=147031,/calendar/191-us-industrial-production-mm
Fri Jan 16,147043,1768572900,2026-01-16T21:15:00+07:00,USD,US,low,1,9:15pm,Capacity Utilization Rate,US Capacity Utilization Rate,76.3%,76.0%,76.0%,76.1%,/calendar?day=jan16.2026#detail=147043,/calendar/192-us-capacity-utilization-rate
Fri Jan 16,151498,1768573800,2026-01-16T21:30:00+07:00,GBP,UK,low,1,9:30pm,CB Leading Index m/m,UK CB Leading Index m/m,-0.1%,,-0.1%,0.0%,/calendar?day=jan16.2026#detail=151498,/calendar/299-uk-cb-leading-index-mm
Fri Jan 16,149750,1768575600,2026-01-16T22:00:00+07:00,USD,US,low,1,10:00pm,NAHB Housing Market Index,US NAHB Housing Market Index,37,40,39,,/calendar?day=jan16.2026#detail=149750,/calendar/162-us-nahb-housing-market-index
Fri Jan 16,151670,1768577400,2026-01-16T22:30:00+07:00,AUD,AU,low,1,10:30pm,CB Leading Index m/m,AU CB Leading Index m/m,0.2%,,0.3%,0.4%,/calendar?day=jan16.2026#detail=151670,/calendar/247-au-cb-leading-index-mm
Fri Jan 16,152084,1768578600,2026-01-16T22:50:00+07:00,USD,US,low,1,10:50pm,FOMC Member Collins Speaks,US FOMC Member Collins Speaks,,,,,/calendar?day=jan16.2026#detail=152084,/calendar/882-us-fomc-member-collins-speaks
Fri Jan 16,152064,1768579200,2026-01-16T23:00:00+07:00,USD,US,low,1,11:00pm,FOMC Member Bowman Speaks,US FOMC Member Bowman Speaks,,,,,/calendar?day=jan16.2026#detail=152064,/calendar/812-us-fomc-member-bowman-speaks
Sat Jan 17,152056,1768595400,2026-01-17T03:30:00+07:00,USD,US,low,1,3:30am,FOMC Member Jefferson Speaks,US FOMC Member Jefferson Speaks,,,,,/calendar?day=jan17.2026#detail=152056,/calendar/881-us-fomc-member-jefferson-speaks
Mon Jan 19,149530,1768780200,2026-01-19T06:50:00+07:00,JPY,JN,low,1,6:50am,Core Machinery Orders m/m,JN Core Machinery Orders m/m,-11.0%,-5.2%,7.0%,,/calendar?day=jan19.2026#detail=149530,/calendar/354-jn-core-machinery-orders-mm
Mon Jan 19,148435,1768780800,2026-01-19T07:00:00+07:00,AUD,AU,low,1,7:00am,MI Inflation Gauge m/m,AU MI Inflation Gauge m/m,1.0%,,0.3%,,/calendar?day=jan19.2026#detail=148435,/calendar/294-au-mi-inflation-gauge-mm
Mon Jan 19,150774,1768780860,2026-01-19T07:01:00+07:00,GBP,UK,low,1,7:01am,Rightmove HPI m/m,UK Rightmove HPI m/m,2.8%,,-1.8%,,/calendar?day=jan19.2026#detail=150774,/calendar/243-uk-rightmove-hpi-mm
Mon Jan 19,150162,1768786200,2026-01-19T08:30:00+07:00,CNY,CH,low,1,8:30am,New Home Prices m/m,CH New Home Prices m/m,-0.37%,,-0.39%,,/calendar?day=jan19.2026#detail=150162,/calendar/902-ch-new-home-prices-mm
Mon Jan 19,150365,1768788000,2026-01-19T09:00:00+07:00,CNY,CH,low,1,9:00am,GDP q/y,CH GDP q/y,4.5%,4.5%,4.8%,,/calendar?day=jan19.2026#detail=150365,/calendar/452-ch-gdp-qy
Mon Jan 19,150366,1768788000,2026-01-19T09:00:00+07:00,CNY,CH,low,1,9:00am,Fixed Asset Investment ytd/y,CH Fixed Asset Investment ytd/y,-3.8%,-3.1%,-2.6%,,/calendar?day=jan19.2026#detail=150366,/calendar/458-ch-fixed-asset-investment-ytdy
Mon Jan 19,150367,1768788000,2026-01-19T09:00:00+07:00,CNY,CH,low,1,9:00am,Industrial Production y/y,CH Industrial Production y/y,5.2%,5.1%,4.8%,,/calendar?day=jan19.2026#detail=150367,/calendar/453-ch-industrial-production-yy
Mon Jan 19,150368,1768788000,2026-01-19T09:00:00+07:00,CNY,CH,low,1,9:00am,Retail Sales y/y,CH Retail Sales y/y,0.9%,1.1%,1.3%,,/calendar?day=jan19.2026#detail=150368,/calendar/470-ch-retail-sales-yy
Mon Jan 19,150369,1768788000,2026-01-19T09:00:00+07:00,CNY,CH,low,1,9:00am,NBS Press Conference,CH NBS Press Conference,,,,,/calendar?day=jan19.2026#detail=150369,/calendar/469-ch-nbs-press-conference
Mon Jan 19,150370,1768788000,2026-01-19T09:00:00+07:00,CNY,CH,low,1,9:00am,Unemployment Rate,CH Unemployment Rate,5.1%,5.2%,5.1%,,/calendar?day=jan19.2026#detail=150370,/calendar/771-ch-unemployment-rate
Mon Jan 19,149678,1768797000,2026-01-19T11:30:00+07:00,JPY,JN,low,1,11:30am,Revised Industrial Production m/m,JN Revised Industrial Production m/m,-2.7%,-2.6%,-2.6%,,/calendar?day=jan19.2026#detail=149678,/calendar/226-jn-revised-industrial-production-mm
Mon Jan 19,149714,1768797000,2026-01-19T11:30:00+07:00,JPY,JN,low,1,11:30am,Tertiary Industry Activity m/m,JN Tertiary Industry Activity m/m,-0.2%,0.0%,0.9%,,/calendar?day=jan19.2026#detail=149714,/calendar/382-jn-tertiary-industry-activity-mm
Mon Jan 19,146704,1768814100,2026-01-19T16:15:00+07:00,All,WW,low,1,Day 1,WEF Annual Meetings,WW WEF Annual Meetings,,,,,/calendar?day=jan19.2026#detail=146704,/calendar/444-wef-annual-meetings
Mon Jan 19,151232,1768816800,2026-01-19T17:00:00+07:00,EUR,EZ,low,1,5:00pm,Final Core CPI y/y,EZ Final Core CPI y/y,2.3%,2.3%,2.3%,,/calendar?day=jan19.2026#detail=151232,/calendar/167-ez-final-core-cpi-yy
Mon Jan 19,151233,1768816800,2026-01-19T17:00:00+07:00,EUR,EZ,low,1,5:00pm,Final CPI y/y,EZ Final CPI y/y,1.9%,2.0%,2.0%,,/calendar?day=jan19.2026#detail=151233,/calendar/166-ez-final-cpi-yy
Mon Jan 19,151365,1768817700,2026-01-19T17:15:00+07:00,EUR,EZ,low,1,All Day,Eurogroup Meetings,EZ Eurogroup Meetings,,,,,/calendar?day=jan19.2026#detail=151365,/calendar/562-ez-eurogroup-meetings
Mon Jan 19,146472,1768827600,2026-01-19T20:00:00+07:00,USD,US,holiday,0,All Day,Bank Holiday,US Bank Holiday,,,,,/calendar?day=jan19.2026#detail=146472,/calendar/370-us-bank-holiday
Mon Jan 19,146648,1768829400,2026-01-19T20:30:00+07:00,CAD,CA,medium,2,8:30pm,Common CPI y/y,CA Common CPI y/y,2.8%,2.8%,2.8%,,/calendar?day=jan19.2026#detail=146648,/calendar/664-ca-common-cpi-yy
Mon Jan 19,146650,1768829400,2026-01-19T20:30:00+07:00,CAD,CA,high,3,8:30pm,CPI m/m,CA CPI m/m,-0.2%,-0.4%,0.1%,,/calendar?day=jan19.2026#detail=146650,/calendar/80-ca-cpi-mm
Mon Jan 19,146651,1768829400,2026-01-19T20:30:00+07:00,CAD,CA,high,3,8:30pm,Median CPI y/y,CA Median CPI y/y,2.5%,2.7%,2.8%,,/calendar?day=jan19.2026#detail=146651,/calendar/659-ca-median-cpi-yy
Mon Jan 19,146652,1768829400,2026-01-19T20:30:00+07:00,CAD,CA,high,3,8:30pm,Trimmed CPI y/y,CA Trimmed CPI y/y,2.7%,2.7%,2.8%,2.9%,/calendar?day=jan19.2026#detail=146652,/calendar/657-ca-trimmed-cpi-yy
Mon Jan 19,146649,1768829520,2026-01-19T20:32:00+07:00,CAD,CA,low,1,8:32pm,Core CPI m/m,CA Core CPI m/m,-0.4%,,-0.1%,,/calendar?day=jan19.2026#detail=146649,/calendar/81-ca-core-cpi-mm
Mon Jan 19,146559,1768836600,2026-01-19T22:30:00+07:00,CAD,CA,medium,2,10:30pm,BOC Business Outlook Survey,CA BOC Business Outlook Survey,,,,,/calendar?day=jan19.2026#detail=146559,/calendar/421-ca-boc-business-outlook-survey
Tue Jan 20,149351,1768858200,2026-01-20T04:30:00+07:00,NZD,NZ,low,1,4:30am,BusinessNZ Services Index,NZ BusinessNZ Services Index,51.5,,46.9,47.2,/calendar?day=jan20.2026#detail=149351,/calendar/852-nz-businessnz-services-index
Tue Jan 20,150113,1768870800,2026-01-20T08:00:00+07:00,CNY,CH,low,1,8:00am,1-y Loan Prime Rate,CH 1-y Loan Prime Rate,3.00%,3.00%,3.00%,,/calendar?day=jan20.2026#detail=150113,/calendar/777-ch-1-y-loan-prime-rate
Tue Jan 20,150114,1768870800,2026-01-20T08:00:00+07:00,CNY,CH,low,1,8:00am,5-y Loan Prime Rate,CH 5-y Loan Prime Rate,3.50%,3.50%,3.50%,,/calendar?day=jan20.2026#detail=150114,/calendar/898-ch-5-y-loan-prime-rate
Tue Jan 20,151064,1768892400,2026-01-20T14:00:00+07:00,GBP,UK,low,1,2:00pm,Unemployment Rate,UK Unemployment Rate,5.1%,5.1%,5.1%,,/calendar?day=jan20.2026#detail=151064,/calendar/58-uk-unemployment-rate
Tue Jan 20,151065,1768892400,2026-01-20T14:00:00+07:00,GBP,UK,medium,2,2:00pm,Average Earnings Index 3m/y,UK Average Earnings Index 3m/y,4.7%,4.6%,4.7%,4.8%,/calendar?day=jan20.2026#detail=151065,/calendar/180-uk-average-earnings-index-3my
Tue Jan 20,151066,1768892400,2026-01-20T14:00:00+07:00,GBP,UK,high,3,2:00pm,Claimant Count Change,UK Claimant Count Change,17.9K,15.6K,20.1K,-3.3K,/calendar?day=jan20.2026#detail=151066,/calendar/68-uk-claimant-count-change
Tue Jan 20,151109,1768892400,2026-01-20T14:00:00+07:00,EUR,GE,low,1,2:00pm,German PPI m/m,GE PPI m/m,-0.2%,-0.2%,0.0%,,/calendar?day=jan20.2026#detail=151109,/calendar/88-ge-ppi-mm
Tue Jan 20,147324,1768894200,2026-01-20T14:30:00+07:00,CHF,SZ,low,1,2:30pm,PPI m/m,SZ PPI m/m,-0.2%,-0.2%,-0.5%,,/calendar?day=jan20.2026#detail=147324,/calendar/96-sz-ppi-mm
Tue Jan 20,151229,1768899600,2026-01-20T16:00:00+07:00,EUR,EZ,low,1,4:00pm,Current Account,EZ Current Account,8.6B,20.3B,25.7B,26.7B,/calendar?day=jan20.2026#detail=151229,/calendar/218-ez-current-account
Tue Jan 20,146705,1768900500,2026-01-20T16:15:00+07:00,All,WW,medium,2,Day 2,WEF Annual Meetings,WW WEF Annual Meetings,,,,,/calendar?day=jan20.2026#detail=146705,/calendar/444-wef-annual-meetings
Tue Jan 20,152085,1768902300,2026-01-20T16:45:00+07:00,GBP,UK,high,3,4:45pm,BOE Gov Bailey Speaks,UK BOE Gov Bailey Speaks,,,,,/calendar?day=jan20.2026#detail=152085,/calendar/838-uk-boe-gov-bailey-speaks
Tue Jan 20,150485,1768903200,2026-01-20T17:00:00+07:00,EUR,GE,low,1,5:00pm,German ZEW Economic Sentiment,GE ZEW Economic Sentiment,59.6,50.0,45.8,,/calendar?day=jan20.2026#detail=150485,/calendar/313-ge-zew-economic-sentiment
Tue Jan 20,150486,1768903200,2026-01-20T17:00:00+07:00,EUR,EZ,low,1,5:00pm,ZEW Economic Sentiment,EZ ZEW Economic Sentiment,40.8,36.7,33.7,,/calendar?day=jan20.2026#detail=150486,/calendar/314-ez-zew-economic-sentiment
Tue Jan 20,151364,1768904100,2026-01-20T17:15:00+07:00,EUR,EZ,low,1,All Day,ECOFIN Meetings,EZ ECOFIN Meetings,,,,,/calendar?day=jan20.2026#detail=151364,/calendar/504-ez-ecofin-meetings
Tue Jan 20,151020,1768914900,2026-01-20T20:15:00+07:00,USD,US,low,1,8:15pm,ADP Weekly Employment Change,US ADP Weekly Employment Change,8.0K,,11.8K,11.3K,/calendar?day=jan20.2026#detail=151020,/calendar/929-us-adp-weekly-employment-change
Tue Jan 20,149384,1768920180,2026-01-20T21:43:00+07:00,NZD,NZ,low,1,9:43pm,GDT Price Index,NZ GDT Price Index,1.5%,,6.3%,,/calendar?day=jan20.2026#detail=149384,/calendar/602-nz-gdt-price-index
Tue Jan 20,152077,1768926600,2026-01-20T23:30:00+07:00,EUR,GE,low,1,11:30pm,German Buba President Nagel Speaks,GE Buba President Nagel Speaks,,,,,/calendar?day=jan20.2026#detail=152077,/calendar/851-ge-buba-president-nagel-speaks
Tue Jan 20,152078,1768926600,2026-01-20T23:30:00+07:00,CHF,SZ,medium,2,11:30pm,SNB Chairman Schlegel Speaks,SZ SNB Chairman Schlegel Speaks,,,,,/calendar?day=jan20.2026#detail=152078,/calendar/915-sz-snb-chairman-schlegel-speaks
Wed Jan 21,152092,1768932000,2026-01-21T01:00:00+07:00,USD,US,medium,2,1:00am,President Trump Speaks,US President Trump Speaks,,,,,/calendar?day=jan21.2026#detail=152092,/calendar/645-us-president-trump-speaks
Wed Jan 21,148288,1768951800,2026-01-21T06:30:00+07:00,AUD,AU,low,1,6:30am,MI Leading Index m/m,AU MI Leading Index m/m,0.1%,,0.0%,,/calendar?day=jan21.2026#detail=148288,/calendar/303-au-mi-leading-index-mm
Wed Jan 21,152067,1768978800,2026-01-21T14:00:00+07:00,GBP,UK,low,1,2:00pm,Core CPI y/y,UK Core CPI y/y,3.2%,3.3%,3.2%,,/calendar?day=jan21.2026#detail=152067,/calendar/83-uk-core-cpi-yy
Wed Jan 21,152068,1768978800,2026-01-21T14:00:00+07:00,GBP,UK,high,3,2:00pm,CPI y/y,UK CPI y/y,3.4%,3.3%,3.2%,,/calendar?day=jan21.2026#detail=152068,/calendar/82-uk-cpi-yy
Wed Jan 21,152069,1768978800,2026-01-21T14:00:00+07:00,GBP,UK,low,1,2:00pm,RPI y/y,UK RPI y/y,4.2%,4.1%,3.8%,,/calendar?day=jan21.2026#detail=152069,/calendar/84-uk-rpi-yy
Wed Jan 21,152070,1768978800,2026-01-21T14:00:00+07:00,GBP,UK,low,1,2:00pm,PPI Input m/m,UK PPI Input m/m,-0.2%,-0.1%,0.3%,0.5%,/calendar?day=jan21.2026#detail=152070,/calendar/92-uk-ppi-input-mm
Wed Jan 21,152071,1768978800,2026-01-21T14:00:00+07:00,GBP,UK,low,1,2:00pm,PPI Output m/m,UK PPI Output m/m,0.0%,0.1%,0.1%,,/calendar?day=jan21.2026#detail=152071,/calendar/93-uk-ppi-output-mm
Wed Jan 21,152079,1768980600,2026-01-21T14:30:00+07:00,EUR,EZ,medium,2,2:30pm,ECB President Lagarde Speaks,EZ ECB President Lagarde Speaks,,,,,/calendar?day=jan21.2026#detail=152079,/calendar/832-ez-ecb-president-lagarde-speaks
Wed Jan 21,146706,1768986900,2026-01-21T16:15:00+07:00,All,WW,high,3,Day 3,WEF Annual Meetings,WW WEF Annual Meetings,,,,,/calendar?day=jan21.2026#detail=146706,/calendar/444-wef-annual-meetings
Wed Jan 21,152072,1768987800,2026-01-21T16:30:00+07:00,GBP,UK,low,1,4:30pm,HPI y/y,UK HPI y/y,2.5%,1.8%,1.7%,1.9%,/calendar?day=jan21.2026#detail=152072,/calendar/639-uk-hpi-yy
Wed Jan 21,150440,1768991640,2026-01-21T17:34:00+07:00,EUR,GE,low,1,5:34pm,German 30-y Bond Auction,GE 30-y Bond Auction,3.49|2.4,,3.45|2.1,,/calendar?day=jan21.2026#detail=150440,/calendar/541-ge-30-y-bond-auction
Wed Jan 21,150642,1768993200,2026-01-21T18:00:00+07:00,GBP,UK,low,1,6:00pm,CBI Industrial Order Expectations,UK CBI Industrial Order Expectations,-30,-33,-32,,/calendar?day=jan21.2026#detail=150642,/calendar/331-uk-cbi-industrial-order-expectations
Wed Jan 21,146653,1769002200,2026-01-21T20:30:00+07:00,CAD,CA,low,1,8:30pm,IPPI m/m,CA IPPI m/m,-0.6%,0.3%,0.9%,1.1%,/calendar?day=jan21.2026#detail=146653,/calendar/90-ca-ippi-mm
Wed Jan 21,146654,1769002200,2026-01-21T20:30:00+07:00,CAD,CA,low,1,8:30pm,RMPI m/m,CA RMPI m/m,0.5%,-0.5%,0.3%,0.6%,/calendar?day=jan21.2026#detail=146654,/calendar/91-ca-rmpi-mm
Wed Jan 21,152076,1769002200,2026-01-21T20:30:00+07:00,USD,US,high,3,8:30pm,President Trump Speaks,US President Trump Speaks,,,,,/calendar?day=jan21.2026#detail=152076,/calendar/645-us-president-trump-speaks
Wed Jan 21,148001,1769007540,2026-01-21T21:59:00+07:00,USD,US,low,1,Sep Data,Construction Spending m/m,US Construction Spending m/m,-0.6%,,0.2%,0.4%,/calendar?day=jan21.2026#detail=148001,/calendar/205-us-construction-spending-mm
Wed Jan 21,149836,1769007600,2026-01-21T22:00:00+07:00,USD,US,medium,2,10:00pm,Pending Home Sales m/m,US Pending Home Sales m/m,-9.3%,-0.3%,3.3%,,/calendar?day=jan21.2026#detail=149836,/calendar/233-us-pending-home-sales-mm
Wed Jan 21,151746,1769007600,2026-01-21T22:00:00+07:00,USD,US,low,1,10:00pm,Construction Spending m/m,US Construction Spending m/m,0.5%,0.1%,-0.6%,,/calendar?day=jan21.2026#detail=151746,/calendar/205-us-construction-spending-mm
Wed Jan 21,152080,1769013900,2026-01-21T23:45:00+07:00,EUR,EZ,medium,2,11:45pm,ECB President Lagarde Speaks,EZ ECB President Lagarde Speaks,,,,,/calendar?day=jan21.2026#detail=152080,/calendar/832-ez-ecb-president-lagarde-speaks
Thu Jan 22,152095,1769018400,2026-01-22T01:00:00+07:00,USD,US,medium,2,1:00am,President Trump Speaks,US President Trump Speaks,,,,,/calendar?day=jan22.2026#detail=152095,/calendar/645-us-president-trump-speaks
Thu Jan 22,152083,1769020200,2026-01-22T01:30:00+07:00,EUR,GE,low,1,1:30am,German Buba President Nagel Speaks,GE Buba President Nagel Speaks,,,,,/calendar?day=jan22.2026#detail=152083,/calendar/851-ge-buba-president-nagel-speaks
Thu Jan 22,147057,1769031000,2026-01-22T04:30:00+07:00,USD,US,low,1,4:30am,API Weekly Statistical Bulletin,US API Weekly Statistical Bulletin,,,,,/calendar?day=jan22.2026#detail=147057,/calendar/754-us-api-weekly-statistical-bulletin
Thu Jan 22,149126,1769031900,2026-01-22T04:45:00+07:00,NZD,NZ,low,1,4:45am,Visitor Arrivals m/m,NZ Visitor Arrivals m/m,0.8%,,0.6%,0.7%,/calendar?day=jan22.2026#detail=149126,/calendar/361-nz-visitor-arrivals-mm
Thu Jan 22,149726,1769039400,2026-01-22T06:50:00+07:00,JPY,JN,low,1,6:50am,Trade Balance,JN Trade Balance,-0.21T,-0.06T,0.06T,0.01T,/calendar?day=jan22.2026#detail=149726,/calendar/123-jn-trade-balance
Thu Jan 22,148130,1769041800,2026-01-22T07:30:00+07:00,AUD,AU,high,3,7:30am,Employment Change,AU Employment Change,65.2K,28.3K,-21.3K,-28.7K,/calendar?day=jan22.2026#detail=148130,/calendar/73-au-employment-change
Thu Jan 22,148131,1769041800,2026-01-22T07:30:00+07:00,AUD,AU,high,3,7:30am,Unemployment Rate,AU Unemployment Rate,4.1%,4.4%,4.3%,,/calendar?day=jan22.2026#detail=148131,/calendar/64-au-unemployment-rate
Thu Jan 22,151614,1769065200,2026-01-22T14:00:00+07:00,GBP,UK,low,1,2:00pm,Public Sector Net Borrowing,UK Public Sector Net Borrowing,11.6B,13.4B,11.7B,10.9B,/calendar?day=jan22.2026#detail=151614,/calendar/342-uk-public-sector-net-borrowing
Thu Jan 22,146707,1769073300,2026-01-22T16:15:00+07:00,All,WW,low,1,Day 4,WEF Annual Meetings,WW WEF Annual Meetings,,,,,/calendar?day=jan22.2026#detail=146707,/calendar/444-wef-annual-meetings
Thu Jan 22,150461,1769079600,2026-01-22T18:00:00+07:00,EUR,GE,low,1,6:00pm,German Buba Monthly Report,GE Buba Monthly Report,,,,,/calendar?day=jan22.2026#detail=150461,/calendar/581-ge-buba-monthly-report
Thu Jan 22,150654,1769079600,2026-01-22T18:00:00+07:00,GBP,UK,low,1,6:00pm,CBI Realized Sales,UK CBI Realized Sales,-17,-35,-44,,/calendar?day=jan22.2026#detail=150654,/calendar/329-uk-cbi-realized-sales
Thu Jan 22,150546,1769085000,2026-01-22T19:30:00+07:00,EUR,EZ,low,1,7:30pm,ECB Monetary Policy Meeting Accounts,EZ ECB Monetary Policy Meeting Accounts,,,,,/calendar?day=jan22.2026#detail=150546,/calendar/613-ez-ecb-monetary-policy-meeting-accounts
Thu Jan 22,142552,1769088600,2026-01-22T20:30:00+07:00,USD,US,high,3,8:30pm,Final GDP q/q,US Final GDP q/q,4.4%,4.3%,4.3%,,/calendar?day=jan22.2026#detail=142552,/calendar/28-us-final-gdp-qq
Thu Jan 22,142556,1769088600,2026-01-22T20:30:00+07:00,USD,US,medium,2,8:30pm,Final GDP Price Index q/q,US Final GDP Price Index q/q,3.8%,3.8%,3.8%,,/calendar?day=jan22.2026#detail=142556,/calendar/46-us-final-gdp-price-index-qq
Thu Jan 22,146981,1769088600,2026-01-22T20:30:00+07:00,USD,US,high,3,8:30pm,Unemployment Claims,US Unemployment Claims,200K,209K,198K,199K,/calendar?day=jan22.2026#detail=146981,/calendar/11-us-unemployment-claims
Thu Jan 22,149565,1769088600,2026-01-22T20:30:00+07:00,CAD,CA,low,1,8:30pm,NHPI m/m,CA NHPI m/m,-0.2%,-0.2%,0.0%,,/calendar?day=jan22.2026#detail=149565,/calendar/259-ca-nhpi-mm
Thu Jan 22,152035,1769093940,2026-01-22T21:59:00+07:00,USD,US,low,1,Oct Data,Personal Income m/m,US Personal Income m/m,0.1%,,0.4%,,/calendar?day=jan22.2026#detail=152035,/calendar/360-us-personal-income-mm
Thu Jan 22,152036,1769093940,2026-01-22T21:59:00+07:00,USD,US,low,1,Oct Data,Personal Spending m/m,US Personal Spending m/m,0.5%,,0.3%,0.4%,/calendar?day=jan22.2026#detail=152036,/calendar/356-us-personal-spending-mm
Thu Jan 22,152037,1769093940,2026-01-22T21:59:00+07:00,USD,US,medium,2,Oct Data,Core PCE Price Index m/m,US Core PCE Price Index m/m,0.2%,,0.2%,,/calendar?day=jan22.2026#detail=152037,/calendar/85-us-core-pce-price-index-mm
Thu Jan 22,148227,1769094000,2026-01-22T22:00:00+07:00,USD,US,high,3,10:00pm,Core PCE Price Index m/m,US Core PCE Price Index m/m,0.2%,0.2%,0.2%,,/calendar?day=jan22.2026#detail=148227,/calendar/85-us-core-pce-price-index-mm
Thu Jan 22,148239,1769094000,2026-01-22T22:00:00+07:00,USD,US,low,1,10:00pm,Personal Income m/m,US Personal Income m/m,0.3%,0.4%,0.1%,,/calendar?day=jan22.2026#detail=148239,/calendar/360-us-personal-income-mm
Thu Jan 22,148251,1769094000,2026-01-22T22:00:00+07:00,USD,US,low,1,10:00pm,Personal Spending m/m,US Personal Spending m/m,0.5%,0.5%,0.5%,,/calendar?day=jan22.2026#detail=148251,/calendar/356-us-personal-spending-mm
Thu Jan 22,150600,1769094000,2026-01-22T22:00:00+07:00,EUR,EZ,low,1,10:00pm,Consumer Confidence,EZ Consumer Confidence,-12,-13,-15,,/calendar?day=jan22.2026#detail=150600,/calendar/336-ez-consumer-confidence
Thu Jan 22,148736,1769095800,2026-01-22T22:30:00+07:00,USD,US,low,1,10:30pm,Natural Gas Storage,US Natural Gas Storage,-120B,-90B,-71B,,/calendar?day=jan22.2026#detail=148736,/calendar/26-us-natural-gas-storage
Fri Jan 23,148919,1769101200,2026-01-23T00:00:00+07:00,USD,US,low,1,12:00am,Crude Oil Inventories,US Crude Oil Inventories,3.6M,-1.0M,3.4M,,/calendar?day=jan23.2026#detail=148919,/calendar/10-us-crude-oil-inventories
Fri Jan 23,150035,1769118300,2026-01-23T04:45:00+07:00,NZD,NZ,high,3,4:45am,CPI q/q,NZ CPI q/q,0.6%,0.5%,1.0%,,/calendar?day=jan23.2026#detail=150035,/calendar/173-nz-cpi-qq
Fri Jan 23,150897,1769119200,2026-01-23T05:00:00+07:00,AUD,AU,low,1,5:00am,Flash Manufacturing PMI,AU Flash Manufacturing PMI,52.4,,52.2,51.6,/calendar?day=jan23.2026#detail=150897,/calendar/817-au-flash-manufacturing-pmi
Fri Jan 23,150898,1769119200,2026-01-23T05:00:00+07:00,AUD,AU,low,1,5:00am,Flash Services PMI,AU Flash Services PMI,56.0,,51.0,51.1,/calendar?day=jan23.2026#detail=150898,/calendar/818-au-flash-services-pmi
Fri Jan 23,149910,1769124600,2026-01-23T06:30:00+07:00,JPY,JN,low,1,6:30am,National Core CPI y/y,JN National Core CPI y/y,2.4%,2.4%,3.0%,,/calendar?day=jan23.2026#detail=149910,/calendar/174-jn-national-core-cpi-yy
Fri Jan 23,150678,1769126460,2026-01-23T07:01:00+07:00,GBP,UK,low,1,7:01am,GfK Consumer Confidence,UK GfK Consumer Confidence,-16,-17,-17,,/calendar?day=jan23.2026#detail=150678,/calendar/188-uk-gfk-consumer-confidence
Fri Jan 23,150921,1769128200,2026-01-23T07:30:00+07:00,JPY,JN,low,1,7:30am,Flash Manufacturing PMI,JN Flash Manufacturing PMI,51.5,50.1,49.7,50.0,/calendar?day=jan23.2026#detail=150921,/calendar/595-jn-flash-manufacturing-pmi
Fri Jan 23,148541,1769137620,2026-01-23T10:07:00+07:00,JPY,JN,high,3,10:07am,BOJ Policy Rate,JN BOJ Policy Rate,<0.75%,<0.75%,<0.75%,,/calendar?day=jan23.2026#detail=148541,/calendar/641-jn-boj-policy-rate
Fri Jan 23,148542,1769137620,2026-01-23T10:07:00+07:00,JPY,JN,high,3,10:07am,Monetary Policy Statement,JN Monetary Policy Statement,,,,,/calendar?day=jan23.2026#detail=148542,/calendar/371-jn-monetary-policy-statement
Fri Jan 23,148543,1769137620,2026-01-23T10:07:00+07:00,JPY,JN,high,3,10:07am,BOJ Outlook Report,JN BOJ Outlook Report,,,,,/calendar?day=jan23.2026#detail=148543,/calendar/426-jn-boj-outlook-report
Fri Jan 23,148544,1769149800,2026-01-23T13:30:00+07:00,JPY,JN,high,3,1:30pm,BOJ Press Conference,JN BOJ Press Conference,,,,,/calendar?day=jan23.2026#detail=148544,/calendar/20-jn-boj-press-conference
Fri Jan 23,151602,1769151600,2026-01-23T14:00:00+07:00,GBP,UK,high,3,2:00pm,Retail Sales m/m,UK Retail Sales m/m,0.4%,0.0%,-0.1%,,/calendar?day=jan23.2026#detail=151602,/calendar/105-uk-retail-sales-mm
Fri Jan 23,147598,1769156100,2026-01-23T15:15:00+07:00,EUR,FR,medium,2,3:15pm,French Flash Manufacturing PMI,FR Flash Manufacturing PMI,51.0,50.4,50.6,50.7,/calendar?day=jan23.2026#detail=147598,/calendar/268-fr-flash-manufacturing-pmi
Fri Jan 23,147599,1769156100,2026-01-23T15:15:00+07:00,EUR,FR,medium,2,3:15pm,French Flash Services PMI,FR Flash Services PMI,47.9,50.3,50.2,50.1,/calendar?day=jan23.2026#detail=147599,/calendar/269-fr-flash-services-pmi
Fri Jan 23,147600,1769157000,2026-01-23T15:30:00+07:00,EUR,GE,high,3,3:30pm,German Flash Manufacturing PMI,GE Flash Manufacturing PMI,48.7,47.8,47.7,47.0,/calendar?day=jan23.2026#detail=147600,/calendar/266-ge-flash-manufacturing-pmi
Fri Jan 23,147601,1769157000,2026-01-23T15:30:00+07:00,EUR,GE,high,3,3:30pm,German Flash Services PMI,GE Flash Services PMI,53.3,52.6,52.6,52.7,/calendar?day=jan23.2026#detail=147601,/calendar/267-ge-flash-services-pmi
Fri Jan 23,147602,1769158800,2026-01-23T16:00:00+07:00,EUR,EZ,low,1,4:00pm,Flash Manufacturing PMI,EZ Flash Manufacturing PMI,49.4,49.1,49.2,48.8,/calendar?day=jan23.2026#detail=147602,/calendar/263-ez-flash-manufacturing-pmi
Fri Jan 23,147603,1769158800,2026-01-23T16:00:00+07:00,EUR,EZ,low,1,4:00pm,Flash Services PMI,EZ Flash Services PMI,51.9,52.6,52.6,52.4,/calendar?day=jan23.2026#detail=147603,/calendar/244-ez-flash-services-pmi
Fri Jan 23,146708,1769159700,2026-01-23T16:15:00+07:00,All,WW,medium,2,Day 5,WEF Annual Meetings,WW WEF Annual Meetings,,,,,/calendar?day=jan23.2026#detail=146708,/calendar/444-wef-annual-meetings
Fri Jan 23,147604,1769160600,2026-01-23T16:30:00+07:00,GBP,UK,high,3,4:30pm,Flash Manufacturing PMI,UK Flash Manufacturing PMI,51.6,50.6,51.2,50.6,/calendar?day=jan23.2026#detail=147604,/calendar/837-uk-flash-manufacturing-pmi
Fri Jan 23,147605,1769160600,2026-01-23T16:30:00+07:00,GBP,UK,high,3,4:30pm,Flash Services PMI,UK Flash Services PMI,54.3,51.7,52.1,51.4,/calendar?day=jan23.2026#detail=147605,/calendar/836-uk-flash-services-pmi
Fri Jan 23,152081,1769160600,2026-01-23T16:30:00+07:00,GBP,UK,low,1,4:30pm,MPC Member Greene Speaks,UK MPC Member Greene Speaks,,,,,/calendar?day=jan23.2026#detail=152081,/calendar/894-uk-mpc-member-greene-speaks
Fri Jan 23,152082,1769162400,2026-01-23T17:00:00+07:00,EUR,EZ,medium,2,5:00pm,ECB President Lagarde Speaks,EZ ECB President Lagarde Speaks,,,,,/calendar?day=jan23.2026#detail=152082,/calendar/832-ez-ecb-president-lagarde-speaks
Fri Jan 23,150206,1769170260,2026-01-23T19:11:00+07:00,CNY,CH,low,1,7:11pm,Foreign Direct Investment ytd/y,CH Foreign Direct Investment ytd/y,-9.5%,,-7.5%,,/calendar?day=jan23.2026#detail=150206,/calendar/457-ch-foreign-direct-investment-ytdy
Fri Jan 23,146655,1769175000,2026-01-23T20:30:00+07:00,CAD,CA,medium,2,8:30pm,Retail Sales m/m,CA Retail Sales m/m,1.3%,1.2%,-0.2%,-0.3%,/calendar?day=jan23.2026#detail=146655,/calendar/104-ca-retail-sales-mm
Fri Jan 23,146656,1769175000,2026-01-23T20:30:00+07:00,CAD,CA,medium,2,8:30pm,Core Retail Sales m/m,CA Core Retail Sales m/m,1.7%,1.0%,-0.6%,,/calendar?day=jan23.2026#detail=146656,/calendar/103-ca-core-retail-sales-mm
Fri Jan 23,149762,1769179500,2026-01-23T21:45:00+07:00,USD,US,high,3,9:45pm,Flash Manufacturing PMI,US Flash Manufacturing PMI,51.9,51.9,51.8,,/calendar?day=jan23.2026#detail=149762,/calendar/552-us-flash-manufacturing-pmi
Fri Jan 23,149774,1769179500,2026-01-23T21:45:00+07:00,USD,US,high,3,9:45pm,Flash Services PMI,US Flash Services PMI,52.5,52.9,52.9,52.5,/calendar?day=jan23.2026#detail=149774,/calendar/583-us-flash-services-pmi
Fri Jan 23,148594,1769180400,2026-01-23T22:00:00+07:00,USD,US,medium,2,10:00pm,Revised UoM Consumer Sentiment,US Revised UoM Consumer Sentiment,56.4,54.0,54.0,,/calendar?day=jan23.2026#detail=148594,/calendar/54-us-revised-uom-consumer-sentiment
Fri Jan 23,148606,1769180400,2026-01-23T22:00:00+07:00,USD,US,low,1,10:00pm,Revised UoM Inflation Expectations,US Revised UoM Inflation Expectations,4.0%,,4.2%,,/calendar?day=jan23.2026#detail=148606,/calendar/238-us-revised-uom-inflation-expectations
Fri Jan 23,152105,1769183580,2026-01-23T22:53:00+07:00,USD,US,low,1,Oct Data,CB Leading Index m/m,US CB Leading Index m/m,-0.1%,,-0.3%,-0.2%,/calendar?day=jan23.2026#detail=152105,/calendar/297-us-cb-leading-index-mm
Fri Jan 23,152094,1769183640,2026-01-23T22:54:00+07:00,USD,US,low,1,10:54pm,CB Leading Index m/m,US CB Leading Index m/m,-0.3%,-0.2%,-0.1%,,/calendar?day=jan23.2026#detail=152094,/calendar/297-us-cb-leading-index-mm
Mon Jan 26,147113,1769374800,2026-01-26T04:00:00+07:00,AUD,AU,holiday,0,All Day,Bank Holiday,AU Bank Holiday,,,,,/calendar?day=jan26.2026#detail=147113,/calendar/394-au-bank-holiday
Mon Jan 26,150425,1769418000,2026-01-26T16:00:00+07:00,EUR,GE,medium,2,4:00pm,German ifo Business Climate,GE ifo Business Climate,87.6,88.3,87.6,,/calendar?day=jan26.2026#detail=150425,/calendar/316-ge-ifo-business-climate
Mon Jan 26,152096,1769425200,2026-01-26T18:00:00+07:00,EUR,GE,low,1,6:00pm,German Buba President Nagel Speaks,GE Buba President Nagel Speaks,,,,,/calendar?day=jan26.2026#detail=152096,/calendar/851-ge-buba-president-nagel-speaks
Mon Jan 26,148166,1769434200,2026-01-26T20:30:00+07:00,USD,US,medium,2,8:30pm,Durable Goods Orders m/m,US Durable Goods Orders m/m,5.3%,3.1%,-2.2%,-2.1%,/calendar?day=jan26.2026#detail=148166,/calendar/349-us-durable-goods-orders-mm
Mon Jan 26,148178,1769434200,2026-01-26T20:30:00+07:00,USD,US,medium,2,8:30pm,Core Durable Goods Orders m/m,US Core Durable Goods Orders m/m,0.5%,0.3%,0.2%,0.1%,/calendar?day=jan26.2026#detail=148178,/calendar/350-us-core-durable-goods-orders-mm
Mon Jan 26,152099,1769434200,2026-01-26T20:30:00+07:00,EUR,GE,low,1,8:30pm,German Buba President Nagel Speaks,GE Buba President Nagel Speaks,,,,,/calendar?day=jan26.2026#detail=152099,/calendar/851-ge-buba-president-nagel-speaks
Mon Jan 26,151386,1769434380,2026-01-26T20:33:00+07:00,EUR,BE,low,1,8:33pm,Belgian NBB Business Climate,BE NBB Business Climate,-8.8,-10.2,-11.9,,/calendar?day=jan26.2026#detail=151386,/calendar/317-be-nbb-business-climate
Tue Jan 27,149946,1769471400,2026-01-27T06:50:00+07:00,JPY,JN,low,1,6:50am,SPPI y/y,JN SPPI y/y,2.6%,2.7%,2.7%,,/calendar?day=jan27.2026#detail=149946,/calendar/176-jn-sppi-yy
Tue Jan 27,150833,1769472060,2026-01-27T07:01:00+07:00,GBP,UK,low,1,7:01am,BRC Shop Price Index y/y,UK BRC Shop Price Index y/y,1.5%,0.7%,0.7%,,/calendar?day=jan27.2026#detail=150833,/calendar/116-uk-brc-shop-price-index-yy
Tue Jan 27,147470,1769473800,2026-01-27T07:30:00+07:00,AUD,AU,low,1,7:30am,NAB Business Confidence,AU NAB Business Confidence,3,,1,2,/calendar?day=jan27.2026#detail=147470,/calendar/323-au-nab-business-confidence
Tue Jan 27,148881,1769479200,2026-01-27T09:00:00+07:00,NZD,NZ,low,1,9:00am,Credit Card Spending y/y,NZ Credit Card Spending y/y,-0.3%,,4.7%,4.4%,/calendar?day=jan27.2026#detail=148881,/calendar/184-nz-credit-card-spending-yy
Tue Jan 27,149898,1769490000,2026-01-27T12:00:00+07:00,JPY,JN,low,1,12:00pm,BOJ Core CPI y/y,JN BOJ Core CPI y/y,1.9%,2.0%,2.2%,,/calendar?day=jan27.2026#detail=149898,/calendar/631-jn-boj-core-cpi-yy
Tue Jan 27,147503,1769500800,2026-01-27T15:00:00+07:00,EUR,SP,low,1,3:00pm,Spanish Unemployment Rate,SP Unemployment Rate,9.9%,10.2%,10.5%,,/calendar?day=jan27.2026#detail=147503,/calendar/559-sp-unemployment-rate
Tue Jan 27,151021,1769519700,2026-01-27T20:15:00+07:00,USD,US,low,1,8:15pm,ADP Weekly Employment Change,US ADP Weekly Employment Change,7.8K,,8.0K,,/calendar?day=jan27.2026#detail=151021,/calendar/929-us-adp-weekly-employment-change
Tue Jan 27,148650,1769522400,2026-01-27T21:00:00+07:00,USD,US,low,1,9:00pm,S&P/CS Composite-20 HPI y/y,US S&P/CS Composite-20 HPI y/y,1.4%,1.2%,1.3%,,/calendar?day=jan27.2026#detail=148650,/calendar/240-us-spcs-composite-20-hpi-yy
Tue Jan 27,148662,1769522400,2026-01-27T21:00:00+07:00,USD,US,low,1,9:00pm,HPI m/m,US HPI m/m,0.6%,0.3%,0.4%,,/calendar?day=jan27.2026#detail=148662,/calendar/239-us-hpi-mm
Tue Jan 27,146878,1769526000,2026-01-27T22:00:00+07:00,USD,US,medium,2,10:00pm,CB Consumer Confidence,US CB Consumer Confidence,84.5,90.6,89.1,94.2,/calendar?day=jan27.2026#detail=146878,/calendar/208-us-cb-consumer-confidence
Tue Jan 27,146967,1769526000,2026-01-27T22:00:00+07:00,USD,US,medium,2,10:00pm,Richmond Manufacturing Index,US Richmond Manufacturing Index,-6,-5,-7,,/calendar?day=jan27.2026#detail=146967,/calendar/186-us-richmond-manufacturing-index
Wed Jan 28,152097,1769533200,2026-01-28T00:00:00+07:00,EUR,GE,low,1,12:00am,German Buba President Nagel Speaks,GE Buba President Nagel Speaks,,,,,/calendar?day=jan28.2026#detail=152097,/calendar/851-ge-buba-president-nagel-speaks
Wed Jan 28,152093,1769547600,2026-01-28T04:00:00+07:00,USD,US,medium,2,4:00am,President Trump Speaks,US President Trump Speaks,,,,,/calendar?day=jan28.2026#detail=152093,/calendar/645-us-president-trump-speaks
Wed Jan 28,147058,1769549400,2026-01-28T04:30:00+07:00,USD,US,low,1,4:30am,API Weekly Statistical Bulletin,US API Weekly Statistical Bulletin,,,,,/calendar?day=jan28.2026#detail=147058,/calendar/754-us-api-weekly-statistical-bulletin
Wed Jan 28,148687,1769557800,2026-01-28T06:50:00+07:00,JPY,JN,low,1,6:50am,Monetary Policy Meeting Minutes,JN Monetary Policy Meeting Minutes,,,,,/calendar?day=jan28.2026#detail=148687,/calendar/306-jn-monetary-policy-meeting-minutes
Wed Jan 28,149092,1769560200,2026-01-28T07:30:00+07:00,AUD,AU,high,3,7:30am,CPI y/y,AU CPI y/y,3.8%,3.5%,3.4%,,/calendar?day=jan28.2026#detail=149092,/calendar/888-au-cpi-yy
Wed Jan 28,149106,1769560200,2026-01-28T07:30:00+07:00,AUD,AU,high,3,7:30am,CPI m/m,AU CPI m/m,1.0%,0.7%,0.0%,,/calendar?day=jan28.2026#detail=149106,/calendar/98-au-cpi-mm
Wed Jan 28,149109,1769560200,2026-01-28T07:30:00+07:00,AUD,AU,high,3,7:30am,Trimmed Mean CPI m/m,AU Trimmed Mean CPI m/m,0.2%,0.3%,0.3%,,/calendar?day=jan28.2026#detail=149109,/calendar/99-au-trimmed-mean-cpi-mm
Wed Jan 28,150473,1769583600,2026-01-28T14:00:00+07:00,EUR,GE,low,1,2:00pm,German GfK Consumer Climate,GE GfK Consumer Climate,-24.1,-25.5,-26.9,,/calendar?day=jan28.2026#detail=150473,/calendar/335-ge-gfk-consumer-climate
Wed Jan 28,147372,1769590800,2026-01-28T16:00:00+07:00,CHF,SZ,low,1,4:00pm,UBS Economic Expectations,SZ UBS Economic Expectations,-4.7,,6.2,,/calendar?day=jan28.2026#detail=147372,/calendar/315-sz-ubs-economic-expectations
Wed Jan 28,150439,1769596440,2026-01-28T17:34:00+07:00,EUR,GE,low,1,5:34pm,German 10-y Bond Auction,GE 10-y Bond Auction,2.85|1.7,,2.83|1.3,,/calendar?day=jan28.2026#detail=150439,/calendar/522-ge-10-y-bond-auction
Wed Jan 28,151671,1769608800,2026-01-28T21:00:00+07:00,CNY,CH,low,1,9:00pm,CB Leading Index m/m,CH CB Leading Index m/m,-0.1%,,-0.3%,-0.2%,/calendar?day=jan28.2026#detail=151671,/calendar/495-ch-cb-leading-index-mm
Wed Jan 28,146531,1769611500,2026-01-28T21:45:00+07:00,CAD,CA,high,3,9:45pm,Overnight Rate,CA Overnight Rate,2.25%,2.25%,2.25%,,/calendar?day=jan28.2026#detail=146531,/calendar/13-ca-overnight-rate
Wed Jan 28,146539,1769611500,2026-01-28T21:45:00+07:00,CAD,CA,high,3,9:45pm,BOC Rate Statement,CA BOC Rate Statement,,,,,/calendar?day=jan28.2026#detail=146539,/calendar/14-ca-boc-rate-statement
Wed Jan 28,146547,1769611500,2026-01-28T21:45:00+07:00,CAD,CA,high,3,9:45pm,BOC Monetary Policy Report,CA BOC Monetary Policy Report,,,,,/calendar?day=jan28.2026#detail=146547,/calendar/414-ca-boc-monetary-policy-report
Wed Jan 28,146551,1769614200,2026-01-28T22:30:00+07:00,CAD,CA,high,3,10:30pm,BOC Press Conference,CA BOC Press Conference,,,,,/calendar?day=jan28.2026#detail=146551,/calendar/471-ca-boc-press-conference
Wed Jan 28,148920,1769614200,2026-01-28T22:30:00+07:00,USD,US,low,1,10:30pm,Crude Oil Inventories,US Crude Oil Inventories,-2.3M,-0.2M,3.6M,,/calendar?day=jan28.2026#detail=148920,/calendar/10-us-crude-oil-inventories
Thu Jan 29,146494,1769626800,2026-01-29T02:00:00+07:00,USD,US,high,3,2:00am,Federal Funds Rate,US Federal Funds Rate,3.75%,3.75%,3.75%,,/calendar?day=jan29.2026#detail=146494,/calendar/1-us-federal-funds-rate
Thu Jan 29,146502,1769626800,2026-01-29T02:00:00+07:00,USD,US,high,3,2:00am,FOMC Statement,US FOMC Statement,,,,,/calendar?day=jan29.2026#detail=146502,/calendar/4-us-fomc-statement
Thu Jan 29,146514,1769628600,2026-01-29T02:30:00+07:00,USD,US,high,3,2:30am,FOMC Press Conference,US FOMC Press Conference,,,,,/calendar?day=jan29.2026#detail=146514,/calendar/512-us-fomc-press-conference
Thu Jan 29,149311,1769636700,2026-01-29T04:45:00+07:00,NZD,NZ,low,1,4:45am,Trade Balance,NZ Trade Balance,52M,30M,-163M,-335M,/calendar?day=jan29.2026#detail=149311,/calendar/121-nz-trade-balance
Thu Jan 29,149363,1769644800,2026-01-29T07:00:00+07:00,NZD,NZ,low,1,7:00am,ANZ Business Confidence,NZ ANZ Business Confidence,64.1,,73.6,,/calendar?day=jan29.2026#detail=149363,/calendar/319-nz-anz-business-confidence
Thu Jan 29,148423,1769646600,2026-01-29T07:30:00+07:00,AUD,AU,low,1,7:30am,Import Prices q/q,AU Import Prices q/q,0.9%,-0.2%,-0.4%,,/calendar?day=jan29.2026#detail=148423,/calendar/258-au-import-prices-qq
Thu Jan 29,148796,1769662800,2026-01-29T12:00:00+07:00,JPY,JN,low,1,12:00pm,Consumer Confidence,JN Consumer Confidence,37.9,37.1,37.2,,/calendar?day=jan29.2026#detail=148796,/calendar/212-jn-consumer-confidence
Thu Jan 29,150566,1769677200,2026-01-29T16:00:00+07:00,EUR,EZ,low,1,4:00pm,M3 Money Supply y/y,EZ M3 Money Supply y/y,2.8%,3.0%,3.0%,,/calendar?day=jan29.2026#detail=150566,/calendar/375-ez-m3-money-supply-yy
Thu Jan 29,150567,1769677200,2026-01-29T16:00:00+07:00,EUR,EZ,low,1,4:00pm,Private Loans y/y,EZ Private Loans y/y,3.0%,2.9%,2.9%,,/calendar?day=jan29.2026#detail=150567,/calendar/365-ez-private-loans-yy
Thu Jan 29,146658,1769693400,2026-01-29T20:30:00+07:00,CAD,CA,low,1,8:30pm,Trade Balance,CA Trade Balance,-2.2B,-0.7B,-0.6B,-0.4B,/calendar?day=jan29.2026#detail=146658,/calendar/118-ca-trade-balance
Thu Jan 29,146982,1769693400,2026-01-29T20:30:00+07:00,USD,US,high,3,8:30pm,Unemployment Claims,US Unemployment Claims,209K,206K,200K,210K,/calendar?day=jan29.2026#detail=146982,/calendar/11-us-unemployment-claims
Thu Jan 29,151745,1769693400,2026-01-29T20:30:00+07:00,USD,US,low,1,8:30pm,Trade Balance,US Trade Balance,-56.8B,-43.4B,-29.4B,-29.2B,/calendar?day=jan29.2026#detail=151745,/calendar/117-us-trade-balance
Thu Jan 29,152074,1769693400,2026-01-29T20:30:00+07:00,USD,US,low,1,8:30pm,Revised Nonfarm Productivity q/q,US Revised Nonfarm Productivity q/q,4.9%,4.9%,4.9%,,/calendar?day=jan29.2026#detail=152074,/calendar/156-us-revised-nonfarm-productivity-qq
Thu Jan 29,152075,1769693400,2026-01-29T20:30:00+07:00,USD,US,low,1,8:30pm,Revised Unit Labor Costs q/q,US Revised Unit Labor Costs q/q,-1.9%,-1.9%,-1.9%,,/calendar?day=jan29.2026#detail=152075,/calendar/178-us-revised-unit-labor-costs-qq
Thu Jan 29,152578,1769693400,2026-01-29T20:30:00+07:00,USD,US,low,1,8:30pm,Goods Trade Balance,US Goods Trade Balance,-86.9B,,-59.1B,-59.0B,/calendar?day=jan29.2026#detail=152578,/calendar/625-us-goods-trade-balance
Thu Jan 29,151747,1769698800,2026-01-29T22:00:00+07:00,USD,US,low,1,10:00pm,Factory Orders m/m,US Factory Orders m/m,2.7%,1.7%,-1.3%,-1.2%,/calendar?day=jan29.2026#detail=151747,/calendar/351-us-factory-orders-mm
Thu Jan 29,151754,1769698800,2026-01-29T22:00:00+07:00,USD,US,low,1,10:00pm,Final Wholesale Inventories m/m,US Final Wholesale Inventories m/m,0.2%,0.2%,0.2%,,/calendar?day=jan29.2026#detail=151754,/calendar/154-us-final-wholesale-inventories-mm
Thu Jan 29,148737,1769700600,2026-01-29T22:30:00+07:00,USD,US,low,1,10:30pm,Natural Gas Storage,US Natural Gas Storage,-242B,-237B,-120B,,/calendar?day=jan29.2026#detail=148737,/calendar/26-us-natural-gas-storage
Fri Jan 30,144599,1769720400,2026-01-30T04:00:00+07:00,USD,US,medium,2,4:00am,Treasury Currency Report,US Treasury Currency Report,,,,,/calendar?day=jan30.2026#detail=144599,/calendar/459-us-treasury-currency-report
Fri Jan 30,152577,1769722200,2026-01-30T04:30:00+07:00,USD,US,medium,2,4:30am,President Trump Speaks,US President Trump Speaks,,,,,/calendar?day=jan30.2026#detail=152577,/calendar/645-us-president-trump-speaks
Fri Jan 30,148824,1769729400,2026-01-30T06:30:00+07:00,JPY,JN,low,1,6:30am,Unemployment Rate,JN Unemployment Rate,2.6%,2.6%,2.6%,,/calendar?day=jan30.2026#detail=148824,/calendar/63-jn-unemployment-rate
Fri Jan 30,149922,1769729400,2026-01-30T06:30:00+07:00,JPY,JN,medium,2,6:30am,Tokyo Core CPI y/y,JN Tokyo Core CPI y/y,2.0%,2.2%,2.3%,,/calendar?day=jan30.2026#detail=149922,/calendar/175-jn-tokyo-core-cpi-yy
Fri Jan 30,149666,1769730600,2026-01-30T06:50:00+07:00,JPY,JN,low,1,6:50am,Prelim Industrial Production m/m,JN Prelim Industrial Production m/m,-0.1%,-0.4%,-2.6%,-2.7%,/calendar?day=jan30.2026#detail=149666,/calendar/225-jn-prelim-industrial-production-mm
Fri Jan 30,149702,1769730600,2026-01-30T06:50:00+07:00,JPY,JN,low,1,6:50am,Retail Sales y/y,JN Retail Sales y/y,-0.9%,0.7%,1.0%,1.1%,/calendar?day=jan30.2026#detail=149702,/calendar/115-jn-retail-sales-yy
Fri Jan 30,148319,1769733000,2026-01-30T07:30:00+07:00,AUD,AU,low,1,7:30am,Private Sector Credit m/m,AU Private Sector Credit m/m,0.8%,0.6%,0.6%,,/calendar?day=jan30.2026#detail=148319,/calendar/344-au-private-sector-credit-mm
Fri Jan 30,148494,1769733000,2026-01-30T07:30:00+07:00,AUD,AU,low,1,7:30am,PPI q/q,AU PPI q/q,0.8%,1.1%,1.0%,,/calendar?day=jan30.2026#detail=148494,/calendar/97-au-ppi-qq
Fri Jan 30,149738,1769749200,2026-01-30T12:00:00+07:00,JPY,JN,low,1,12:00pm,Housing Starts y/y,JN Housing Starts y/y,-1.3%,-4.5%,-8.5%,,/calendar?day=jan30.2026#detail=149738,/calendar/228-jn-housing-starts-yy
Fri Jan 30,147561,1769754600,2026-01-30T13:30:00+07:00,EUR,FR,low,1,1:30pm,French Consumer Spending m/m,FR Consumer Spending m/m,-0.6%,-0.4%,-0.3%,,/calendar?day=jan30.2026#detail=147561,/calendar/357-fr-consumer-spending-mm
Fri Jan 30,151736,1769754600,2026-01-30T13:30:00+07:00,EUR,FR,low,1,1:30pm,French Flash GDP q/q,FR Flash GDP q/q,0.2%,0.2%,0.5%,,/calendar?day=jan30.2026#detail=151736,/calendar/675-fr-flash-gdp-qq
Fri Jan 30,151113,1769756400,2026-01-30T14:00:00+07:00,EUR,GE,low,1,2:00pm,German Import Prices m/m,GE Import Prices m/m,-0.1%,-0.4%,0.5%,,/calendar?day=jan30.2026#detail=151113,/calendar/257-ge-import-prices-mm
Fri Jan 30,151114,1769758140,2026-01-30T14:29:00+07:00,EUR,GE,medium,2,All Day,German Prelim CPI m/m,GE Prelim CPI m/m,0.1%,0.0%,0.0%,,/calendar?day=jan30.2026#detail=151114,/calendar/169-ge-prelim-cpi-mm
Fri Jan 30,151732,1769759100,2026-01-30T14:45:00+07:00,EUR,FR,low,1,2:45pm,French Prelim Private Payrolls q/q,FR Prelim Private Payrolls q/q,-0.1%,0.1%,-0.1%,,/calendar?day=jan30.2026#detail=151732,/calendar/70-fr-prelim-private-payrolls-qq
Fri Jan 30,147360,1769760000,2026-01-30T15:00:00+07:00,CHF,SZ,low,1,3:00pm,KOF Economic Barometer,SZ KOF Economic Barometer,102.5,103.1,103.4,103.6,/calendar?day=jan30.2026#detail=147360,/calendar/301-sz-kof-economic-barometer
Fri Jan 30,147517,1769760000,2026-01-30T15:00:00+07:00,EUR,SP,low,1,3:00pm,Spanish Flash CPI y/y,SP Flash CPI y/y,2.4%,2.4%,2.9%,,/calendar?day=jan30.2026#detail=147517,/calendar/592-sp-flash-cpi-yy
Fri Jan 30,147519,1769760000,2026-01-30T15:00:00+07:00,EUR,SP,low,1,3:00pm,Spanish Flash GDP q/q,SP Flash GDP q/q,0.8%,0.6%,0.6%,,/calendar?day=jan30.2026#detail=147519,/calendar/555-sp-flash-gdp-qq
Fri Jan 30,150510,1769763300,2026-01-30T15:55:00+07:00,EUR,GE,low,1,3:55pm,German Unemployment Change,GE Unemployment Change,0K,4K,3K,,/calendar?day=jan30.2026#detail=150510,/calendar/60-ge-unemployment-change
Fri Jan 30,147771,1769763600,2026-01-30T16:00:00+07:00,EUR,IT,low,1,4:00pm,Italian Prelim GDP q/q,IT Prelim GDP q/q,0.3%,0.2%,0.0%,0.1%,/calendar?day=jan30.2026#detail=147771,/calendar/40-it-prelim-gdp-qq
Fri Jan 30,151111,1769763600,2026-01-30T16:00:00+07:00,EUR,GE,medium,2,4:00pm,German Prelim GDP q/q,GE Prelim GDP q/q,0.3%,0.2%,0.0%,,/calendar?day=jan30.2026#detail=151111,/calendar/38-ge-prelim-gdp-qq
Fri Jan 30,150738,1769765400,2026-01-30T16:30:00+07:00,GBP,UK,low,1,4:30pm,M4 Money Supply m/m,UK M4 Money Supply m/m,0.3%,0.3%,0.8%,,/calendar?day=jan30.2026#detail=150738,/calendar/348-uk-m4-money-supply-mm
Fri Jan 30,150739,1769765400,2026-01-30T16:30:00+07:00,GBP,UK,low,1,4:30pm,Mortgage Approvals,UK Mortgage Approvals,61K,65K,65K,64K,/calendar?day=jan30.2026#detail=150739,/calendar/287-uk-mortgage-approvals
Fri Jan 30,150740,1769765400,2026-01-30T16:30:00+07:00,GBP,UK,low,1,4:30pm,Net Lending to Individuals m/m,UK Net Lending to Individuals m/m,6.1B,6.1B,6.6B,6.7B,/calendar?day=jan30.2026#detail=150740,/calendar/343-uk-net-lending-to-individuals-mm
Fri Jan 30,147718,1769767200,2026-01-30T17:00:00+07:00,EUR,IT,low,1,5:00pm,Italian Monthly Unemployment Rate,IT Monthly Unemployment Rate,5.6%,5.8%,5.7%,5.6%,/calendar?day=jan30.2026#detail=147718,/calendar/486-it-monthly-unemployment-rate
Fri Jan 30,151234,1769767200,2026-01-30T17:00:00+07:00,EUR,EZ,low,1,5:00pm,Unemployment Rate,EZ Unemployment Rate,6.2%,6.3%,6.3%,,/calendar?day=jan30.2026#detail=151234,/calendar/59-ez-unemployment-rate
Fri Jan 30,151344,1769767200,2026-01-30T17:00:00+07:00,EUR,EZ,low,1,5:00pm,Prelim Flash GDP q/q,EZ Prelim Flash GDP q/q,0.3%,0.2%,0.2%,0.3%,/calendar?day=jan30.2026#detail=151344,/calendar/638-ez-prelim-flash-gdp-qq
Fri Jan 30,146657,1769779800,2026-01-30T20:30:00+07:00,CAD,CA,high,3,8:30pm,GDP m/m,CA GDP m/m,0.0%,0.1%,-0.3%,,/calendar?day=jan30.2026#detail=146657,/calendar/29-ca-gdp-mm
Fri Jan 30,151479,1769779800,2026-01-30T20:30:00+07:00,USD,US,high,3,8:30pm,Core PPI m/m,US Core PPI m/m,0.7%,0.2%,0.0%,,/calendar?day=jan30.2026#detail=151479,/calendar/87-us-core-ppi-mm
Fri Jan 30,151480,1769779800,2026-01-30T20:30:00+07:00,USD,US,high,3,8:30pm,PPI m/m,US PPI m/m,0.5%,0.2%,0.2%,,/calendar?day=jan30.2026#detail=151480,/calendar/86-us-ppi-mm
Fri Jan 30,146822,1769784300,2026-01-30T21:45:00+07:00,USD,US,low,1,9:45pm,Chicago PMI,US Chicago PMI,54.0,43.5,43.5,,/calendar?day=jan30.2026#detail=146822,/calendar/189-us-chicago-pmi
Sat Jan 31,152098,1769797800,2026-01-31T01:30:00+07:00,USD,US,low,1,1:30am,FOMC Member Musalem Speaks,US FOMC Member Musalem Speaks,,,,,/calendar?day=jan31.2026#detail=152098,/calendar/911-us-fomc-member-musalem-speaks
Sat Jan 31,152310,1769810400,2026-01-31T05:00:00+07:00,USD,US,low,1,5:00am,FOMC Member Bowman Speaks,US FOMC Member Bowman Speaks,,,,,/calendar?day=jan31.2026#detail=152310,/calendar/812-us-fomc-member-bowman-speaks
Sat Jan 31,150065,1769823000,2026-01-31T08:30:00+07:00,CNY,CH,medium,2,8:30am,Manufacturing PMI,CH Manufacturing PMI,49.3,50.1,50.1,,/calendar?day=jan31.2026#detail=150065,/calendar/449-ch-manufacturing-pmi
Sat Jan 31,150066,1769823000,2026-01-31T08:30:00+07:00,CNY,CH,low,1,8:30am,Non-Manufacturing PMI,CH Non-Manufacturing PMI,49.4,50.3,50.2,,/calendar?day=jan31.2026#detail=150066,/calendar/520-ch-non-manufacturing-pmi
Sun Feb 1,152607,1769940900,2026-02-01T17:15:00+07:00,All,WW,medium,2,All Day,OPEC-JMMC Meetings,WW OPEC-JMMC Meetings,,,,,/calendar?day=feb1.2026#detail=152607,/calendar/798-opec-jmmc-meetings
Mon Feb 2,148688,1769989800,2026-02-02T06:50:00+07:00,JPY,JN,low,1,6:50am,BOJ Summary of Opinions,JN BOJ Summary of Opinions,,,,,/calendar?day=feb2.2026#detail=148688,/calendar/633-jn-boj-summary-of-opinions
Mon Feb 2,148437,1769990400,2026-02-02T07:00:00+07:00,AUD,AU,low,1,7:00am,MI Inflation Gauge m/m,AU MI Inflation Gauge m/m,0.2%,,1.0%,,/calendar?day=feb2.2026#detail=148437,/calendar/294-au-mi-inflation-gauge-mm
Mon Feb 2,148119,1769992200,2026-02-02T07:30:00+07:00,AUD,AU,low,1,7:30am,ANZ Job Advertisements m/m,AU ANZ Job Advertisements m/m,4.4%,,-0.5%,-0.8%,/calendar?day=feb2.2026#detail=148119,/calendar/234-au-anz-job-advertisements-mm
Mon Feb 2,150934,1769992200,2026-02-02T07:30:00+07:00,JPY,JN,low,1,7:30am,Final Manufacturing PMI,JN Final Manufacturing PMI,51.5,51.5,51.5,,/calendar?day=feb2.2026#detail=150934,/calendar/274-jn-final-manufacturing-pmi
Mon Feb 2,150091,1769996700,2026-02-02T08:45:00+07:00,CNY,CH,low,1,8:45am,RatingDog Manufacturing PMI,CH RatingDog Manufacturing PMI,50.3,50.1,50.1,,/calendar?day=feb2.2026#detail=150091,/calendar/448-ch-ratingdog-manufacturing-pmi
Mon Feb 2,148373,1770010200,2026-02-02T12:30:00+07:00,AUD,AU,low,1,12:30pm,Commodity Prices y/y,AU Commodity Prices y/y,2.6%,,-3.8%,-3.2%,/calendar?day=feb2.2026#detail=148373,/calendar/245-au-commodity-prices-yy
Mon Feb 2,150796,1770015600,2026-02-02T14:00:00+07:00,GBP,UK,low,1,2:00pm,Nationwide HPI m/m,UK Nationwide HPI m/m,0.3%,0.3%,-0.4%,,/calendar?day=feb2.2026#detail=150796,/calendar/242-uk-nationwide-hpi-mm
Mon Feb 2,151115,1770015600,2026-02-02T14:00:00+07:00,EUR,GE,low,1,2:00pm,German Retail Sales m/m,GE Retail Sales m/m,0.1%,-0.1%,-0.6%,-0.5%,/calendar?day=feb2.2026#detail=151115,/calendar/107-ge-retail-sales-mm
Mon Feb 2,147359,1770017400,2026-02-02T14:30:00+07:00,CHF,SZ,low,1,2:30pm,Retail Sales y/y,SZ Retail Sales y/y,2.9%,2.5%,2.3%,1.7%,/calendar?day=feb2.2026#detail=147359,/calendar/109-sz-retail-sales-yy
Mon Feb 2,147146,1770020100,2026-02-02T15:15:00+07:00,EUR,SP,low,1,3:15pm,Spanish Manufacturing PMI,SP Manufacturing PMI,49.2,49.9,49.6,,/calendar?day=feb2.2026#detail=147146,/calendar/557-sp-manufacturing-pmi
Mon Feb 2,147129,1770021000,2026-02-02T15:30:00+07:00,CHF,SZ,low,1,3:30pm,Manufacturing PMI,SZ Manufacturing PMI,48.8,47.2,45.8,,/calendar?day=feb2.2026#detail=147129,/calendar/273-sz-manufacturing-pmi
Mon Feb 2,147147,1770021900,2026-02-02T15:45:00+07:00,EUR,IT,low,1,3:45pm,Italian Manufacturing PMI,IT Manufacturing PMI,48.1,48.5,47.9,,/calendar?day=feb2.2026#detail=147147,/calendar/547-it-manufacturing-pmi
Mon Feb 2,147148,1770022200,2026-02-02T15:50:00+07:00,EUR,FR,low,1,3:50pm,French Final Manufacturing PMI,FR Final Manufacturing PMI,51.2,51.0,51.0,,/calendar?day=feb2.2026#detail=147148,/calendar/617-fr-final-manufacturing-pmi
Mon Feb 2,147149,1770022500,2026-02-02T15:55:00+07:00,EUR,GE,low,1,3:55pm,German Final Manufacturing PMI,GE Final Manufacturing PMI,49.1,48.7,48.7,,/calendar?day=feb2.2026#detail=147149,/calendar/618-ge-final-manufacturing-pmi
Mon Feb 2,147150,1770022800,2026-02-02T16:00:00+07:00,EUR,EZ,low,1,4:00pm,Final Manufacturing PMI,EZ Final Manufacturing PMI,49.5,49.4,49.4,,/calendar?day=feb2.2026#detail=147150,/calendar/264-ez-final-manufacturing-pmi
Mon Feb 2,147151,1770024600,2026-02-02T16:30:00+07:00,GBP,UK,low,1,4:30pm,Final Manufacturing PMI,UK Final Manufacturing PMI,51.8,51.6,51.6,,/calendar?day=feb2.2026#detail=147151,/calendar/249-uk-final-manufacturing-pmi
Mon Feb 2,152579,1770032700,2026-02-02T18:45:00+07:00,GBP,UK,low,1,6:45pm,MPC Member Breeden Speaks,UK MPC Member Breeden Speaks,,,,,/calendar?day=feb2.2026#detail=152579,/calendar/899-uk-mpc-member-breeden-speaks
Mon Feb 2,146866,1770042600,2026-02-02T21:30:00+07:00,CAD,CA,low,1,9:30pm,Manufacturing PMI,CA Manufacturing PMI,50.4,,48.6,,/calendar?day=feb2.2026#detail=146866,/calendar/629-ca-manufacturing-pmi
Mon Feb 2,149641,1770043500,2026-02-02T21:45:00+07:00,USD,US,low,1,9:45pm,Final Manufacturing PMI,US Final Manufacturing PMI,52.4,51.9,51.9,,/calendar?day=feb2.2026#detail=149641,/calendar/553-us-final-manufacturing-pmi
Mon Feb 2,146576,1770044400,2026-02-02T22:00:00+07:00,USD,US,high,3,10:00pm,ISM Manufacturing PMI,US ISM Manufacturing PMI,52.6,48.5,47.9,,/calendar?day=feb2.2026#detail=146576,/calendar/252-us-ism-manufacturing-pmi
Mon Feb 2,146588,1770044400,2026-02-02T22:00:00+07:00,USD,US,medium,2,10:00pm,ISM Manufacturing Prices,US ISM Manufacturing Prices,59.0,59.3,58.5,,/calendar?day=feb2.2026#detail=146588,/calendar/255-us-ism-manufacturing-prices
Tue Feb 3,152580,1770053400,2026-02-03T00:30:00+07:00,USD,US,low,1,12:30am,FOMC Member Bostic Speaks,US FOMC Member Bostic Speaks,,,,,/calendar?day=feb3.2026#detail=152580,/calendar/725-us-fomc-member-bostic-speaks
Tue Feb 3,148788,1770058980,2026-02-03T02:03:00+07:00,USD,US,low,1,Tentative,Loan Officer Survey,US Loan Officer Survey,,,,,/calendar?day=feb3.2026#detail=148788,/calendar/473-us-loan-officer-survey
Tue Feb 3,150024,1770068700,2026-02-03T04:45:00+07:00,NZD,NZ,low,1,4:45am,Building Consents m/m,NZ Building Consents m/m,,,2.8%,,/calendar?day=feb3.2026#detail=150024,/calendar/229-nz-building-consents-mm
Tue Feb 3,148709,1770076200,2026-02-03T06:50:00+07:00,JPY,JN,low,1,6:50am,Monetary Base y/y,JN Monetary Base y/y,,-10.2%,-9.8%,,/calendar?day=feb3.2026#detail=148709,/calendar/377-jn-monetary-base-yy
Tue Feb 3,150054,1770078600,2026-02-03T07:30:00+07:00,AUD,AU,low,1,7:30am,Building Approvals m/m,AU Building Approvals m/m,,-6.4%,15.2%,,/calendar?day=feb3.2026#detail=150054,/calendar/202-au-building-approvals-mm
Tue Feb 3,147779,1770089400,2026-02-03T10:30:00+07:00,AUD,AU,high,3,10:30am,Cash Rate,AU Cash Rate,,3.85%,3.60%,,/calendar?day=feb3.2026#detail=147779,/calendar/21-au-cash-rate
Tue Feb 3,147780,1770089400,2026-02-03T10:30:00+07:00,AUD,AU,high,3,10:30am,RBA Rate Statement,AU RBA Rate Statement,,,,,/calendar?day=feb3.2026#detail=147780,/calendar/22-au-rba-rate-statement
Tue Feb 3,148537,1770089400,2026-02-03T10:30:00+07:00,AUD,AU,high,3,10:30am,RBA Monetary Policy Statement,AU RBA Monetary Policy Statement,,,,,/calendar?day=feb3.2026#detail=148537,/calendar/415-au-rba-monetary-policy-statement
Tue Feb 3,150279,1770089700,2026-02-03T10:35:00+07:00,JPY,JN,low,1,10:35am,10-y Bond Auction,JN 10-y Bond Auction,,,2.10|3.3,,/calendar?day=feb3.2026#detail=150279,/calendar/574-jn-10-y-bond-auction
Tue Feb 3,147795,1770093000,2026-02-03T11:30:00+07:00,AUD,AU,high,3,11:30am,RBA Press Conference,AU RBA Press Conference,,,,,/calendar?day=feb3.2026#detail=147795,/calendar/906-au-rba-press-conference
Tue Feb 3,147524,1770104700,2026-02-03T14:45:00+07:00,EUR,FR,low,1,2:45pm,French Gov Budget Balance,FR Gov Budget Balance,,,-155.4B,,/calendar?day=feb3.2026#detail=147524,/calendar/378-fr-gov-budget-balance
Tue Feb 3,147536,1770104700,2026-02-03T14:45:00+07:00,EUR,FR,low,1,2:45pm,French Prelim CPI m/m,FR Prelim CPI m/m,,-0.1%,0.1%,,/calendar?day=feb3.2026#detail=147536,/calendar/556-fr-prelim-cpi-mm
Tue Feb 3,147492,1770105600,2026-02-03T15:00:00+07:00,EUR,SP,low,1,3:00pm,Spanish Unemployment Change,SP Unemployment Change,,10.5K,-16.3K,,/calendar?day=feb3.2026#detail=147492,/calendar/561-sp-unemployment-change
Tue Feb 3,152588,1770114780,2026-02-03T17:33:00+07:00,GBP,UK,low,1,Tentative,10-y Bond Auction,UK 10-y Bond Auction,,,4.46|3.3,,/calendar?day=feb3.2026#detail=152588,/calendar/526-uk-10-y-bond-auction
Tue Feb 3,152604,1770123600,2026-02-03T20:00:00+07:00,USD,US,low,1,8:00pm,FOMC Member Barkin Speaks,US FOMC Member Barkin Speaks,,,,,/calendar?day=feb3.2026#detail=152604,/calendar/728-us-fomc-member-barkin-speaks
Tue Feb 3,152581,1770129600,2026-02-03T21:40:00+07:00,USD,US,low,1,9:40pm,FOMC Member Bowman Speaks,US FOMC Member Bowman Speaks,,,,,/calendar?day=feb3.2026#detail=152581,/calendar/812-us-fomc-member-bowman-speaks
Tue Feb 3,149787,1770130800,2026-02-03T22:00:00+07:00,USD,US,high,3,10:00pm,JOLTS Job Openings,US JOLTS Job Openings,,7.21M,7.15M,,/calendar?day=feb3.2026#detail=149787,/calendar/578-us-jolts-job-openings
Tue Feb 3,149074,1770131400,2026-02-03T22:10:00+07:00,USD,US,low,1,Tentative,RCM/TIPP Economic Optimism,US RCM/TIPP Economic Optimism,,47.9,47.2,,/calendar?day=feb3.2026#detail=149074,/calendar/237-us-rcmtipp-economic-optimism
Tue Feb 3,148639,1770131700,2026-02-03T22:15:00+07:00,USD,US,low,1,All Day,Wards Total Vehicle Sales,US Wards Total Vehicle Sales,,15.4M,16.0M,,/calendar?day=feb3.2026#detail=148639,/calendar/828-us-wards-total-vehicle-sales
Tue Feb 3,149385,1770133800,2026-02-03T22:50:00+07:00,NZD,NZ,low,1,Tentative,GDT Price Index,NZ GDT Price Index,,,1.5%,,/calendar?day=feb3.2026#detail=149385,/calendar/602-nz-gdt-price-index
Wed Feb 4,147059,1770154200,2026-02-04T04:30:00+07:00,USD,US,low,1,4:30am,API Weekly Statistical Bulletin,US API Weekly Statistical Bulletin,,,,,/calendar?day=feb4.2026#detail=147059,/calendar/754-us-api-weekly-statistical-bulletin
Wed Feb 4,149113,1770155100,2026-02-04T04:45:00+07:00,NZD,NZ,high,3,4:45am,Employment Change q/q,NZ Employment Change q/q,,0.3%,0.0%,,/calendar?day=feb4.2026#detail=149113,/calendar/74-nz-employment-change-qq
Wed Feb 4,149114,1770155100,2026-02-04T04:45:00+07:00,NZD,NZ,high,3,4:45am,Unemployment Rate,NZ Unemployment Rate,,5.3%,5.3%,,/calendar?day=feb4.2026#detail=149114,/calendar/65-nz-unemployment-rate
Wed Feb 4,149121,1770155100,2026-02-04T04:45:00+07:00,NZD,NZ,low,1,4:45am,Labor Cost Index q/q,NZ Labor Cost Index q/q,,0.5%,0.5%,,/calendar?day=feb4.2026#detail=149121,/calendar/183-nz-labor-cost-index-qq
Wed Feb 4,149584,1770163200,2026-02-04T07:00:00+07:00,NZD,NZ,low,1,7:00am,ANZ Commodity Prices m/m,NZ ANZ Commodity Prices m/m,,,-2.1%,,/calendar?day=feb4.2026#detail=149584,/calendar/190-nz-anz-commodity-prices-mm
Wed Feb 4,150092,1770169500,2026-02-04T08:45:00+07:00,CNY,CH,low,1,8:45am,RatingDog Services PMI,CH RatingDog Services PMI,,51.9,52.0,,/calendar?day=feb4.2026#detail=150092,/calendar/591-ch-ratingdog-services-pmi
Wed Feb 4,152582,1770181800,2026-02-04T12:10:00+07:00,AUD,AU,low,1,12:10pm,RBA Assist Gov Jones Speaks,AU RBA Assist Gov Jones Speaks,,,,,/calendar?day=feb4.2026#detail=152582,/calendar/924-au-rba-assist-gov-jones-speaks
Wed Feb 4,147219,1770192900,2026-02-04T15:15:00+07:00,EUR,SP,low,1,3:15pm,Spanish Services PMI,SP Services PMI,,57.0,57.1,,/calendar?day=feb4.2026#detail=147219,/calendar/558-sp-services-pmi
Wed Feb 4,147336,1770192900,2026-02-04T15:15:00+07:00,CHF,SZ,low,1,Tentative,Trade Balance,SZ Trade Balance,,4.85B,3.84B,,/calendar?day=feb4.2026#detail=147336,/calendar/124-sz-trade-balance
Wed Feb 4,147220,1770194700,2026-02-04T15:45:00+07:00,EUR,IT,low,1,3:45pm,Italian Services PMI,IT Services PMI,,51.6,51.5,,/calendar?day=feb4.2026#detail=147220,/calendar/548-it-services-pmi
Wed Feb 4,147221,1770195000,2026-02-04T15:50:00+07:00,EUR,FR,low,1,3:50pm,French Final Services PMI,FR Final Services PMI,,48.0,47.9,,/calendar?day=feb4.2026#detail=147221,/calendar/619-fr-final-services-pmi
Wed Feb 4,147222,1770195300,2026-02-04T15:55:00+07:00,EUR,GE,low,1,3:55pm,German Final Services PMI,GE Final Services PMI,,53.3,53.3,,/calendar?day=feb4.2026#detail=147222,/calendar/620-ge-final-services-pmi
Wed Feb 4,147223,1770195600,2026-02-04T16:00:00+07:00,EUR,EZ,low,1,4:00pm,Final Services PMI,EZ Final Services PMI,,51.9,51.9,,/calendar?day=feb4.2026#detail=147223,/calendar/265-ez-final-services-pmi
Wed Feb 4,147224,1770197400,2026-02-04T16:30:00+07:00,GBP,UK,low,1,4:30pm,Final Services PMI,UK Final Services PMI,,54.1,54.3,,/calendar?day=feb4.2026#detail=147224,/calendar/250-uk-final-services-pmi
Wed Feb 4,147719,1770199200,2026-02-04T17:00:00+07:00,EUR,IT,low,1,5:00pm,Italian Prelim CPI m/m,IT Prelim CPI m/m,,0.3%,0.2%,,/calendar?day=feb4.2026#detail=147719,/calendar/172-it-prelim-cpi-mm
Wed Feb 4,151235,1770199200,2026-02-04T17:00:00+07:00,EUR,EZ,medium,2,5:00pm,Core CPI Flash Estimate y/y,EZ Core CPI Flash Estimate y/y,,2.2%,2.3%,,/calendar?day=feb4.2026#detail=151235,/calendar/593-ez-core-cpi-flash-estimate-yy
Wed Feb 4,151236,1770199200,2026-02-04T17:00:00+07:00,EUR,EZ,medium,2,5:00pm,CPI Flash Estimate y/y,EZ CPI Flash Estimate y/y,,1.8%,2.0%,1.9%,/calendar?day=feb4.2026#detail=151236,/calendar/168-ez-cpi-flash-estimate-yy
Wed Feb 4,151237,1770199200,2026-02-04T17:00:00+07:00,EUR,EZ,low,1,5:00pm,PPI m/m,EZ PPI m/m,,-0.2%,0.5%,,/calendar?day=feb4.2026#detail=151237,/calendar/89-ez-ppi-mm
Wed Feb 4,150295,1770210900,2026-02-04T20:15:00+07:00,USD,US,high,3,8:15pm,ADP Non-Farm Employment Change,US ADP Non-Farm Employment Change,,48K,41K,,/calendar?day=feb4.2026#detail=150295,/calendar/75-us-adp-non-farm-employment-change
Wed Feb 4,149629,1770216300,2026-02-04T21:45:00+07:00,USD,US,low,1,9:45pm,Final Services PMI,US Final Services PMI,,52.5,52.5,,/calendar?day=feb4.2026#detail=149629,/calendar/584-us-final-services-pmi
Wed Feb 4,146600,1770217200,2026-02-04T22:00:00+07:00,USD,US,high,3,10:00pm,ISM Services PMI,US ISM Services PMI,,53.6,54.4,,/calendar?day=feb4.2026#detail=146600,/calendar/253-us-ism-services-pmi
Wed Feb 4,148921,1770219000,2026-02-04T22:30:00+07:00,USD,US,low,1,10:30pm,Crude Oil Inventories,US Crude Oil Inventories,,,-2.3M,,/calendar?day=feb4.2026#detail=148921,/calendar/10-us-crude-oil-inventories
Thu Feb 5,152605,1770247800,2026-02-05T06:30:00+07:00,USD,US,low,1,6:30am,FOMC Member Cook Speaks,US FOMC Member Cook Speaks,,,,,/calendar?day=feb5.2026#detail=152605,/calendar/886-us-fomc-member-cook-speaks
Thu Feb 5,147482,1770251400,2026-02-05T07:30:00+07:00,AUD,AU,low,1,Tentative,NAB Quarterly Business Confidence,AU NAB Quarterly Business Confidence,,,2,,/calendar?day=feb5.2026#detail=147482,/calendar/248-au-nab-quarterly-business-confidence
Thu Feb 5,148268,1770251400,2026-02-05T07:30:00+07:00,AUD,AU,low,1,7:30am,Goods Trade Balance,AU Goods Trade Balance,,3.45B,2.94B,,/calendar?day=feb5.2026#detail=148268,/calendar/122-au-goods-trade-balance
Thu Feb 5,150292,1770262500,2026-02-05T10:35:00+07:00,JPY,JN,low,1,10:35am,30-y Bond Auction,JN 30-y Bond Auction,,,3.45|3.1,,/calendar?day=feb5.2026#detail=150292,/calendar/575-jn-30-y-bond-auction
Thu Feb 5,151116,1770274800,2026-02-05T14:00:00+07:00,EUR,GE,low,1,2:00pm,German Factory Orders m/m,GE Factory Orders m/m,,-1.3%,5.6%,,/calendar?day=feb5.2026#detail=151116,/calendar/352-ge-factory-orders-mm
Thu Feb 5,147564,1770277500,2026-02-05T14:45:00+07:00,EUR,FR,low,1,2:45pm,French Industrial Production m/m,FR Industrial Production m/m,,0.1%,-0.1%,,/calendar?day=feb5.2026#detail=147564,/calendar/222-fr-industrial-production-mm
Thu Feb 5,147765,1770282000,2026-02-05T16:00:00+07:00,EUR,IT,low,1,4:00pm,Italian Retail Sales m/m,IT Retail Sales m/m,,0.4%,0.5%,,/calendar?day=feb5.2026#detail=147765,/calendar/108-it-retail-sales-mm
Thu Feb 5,150667,1770283800,2026-02-05T16:30:00+07:00,GBP,UK,low,1,4:30pm,Construction PMI,UK Construction PMI,,42.0,40.1,,/calendar?day=feb5.2026#detail=150667,/calendar/251-uk-construction-pmi
Thu Feb 5,151238,1770285600,2026-02-05T17:00:00+07:00,EUR,EZ,low,1,5:00pm,Retail Sales m/m,EZ Retail Sales m/m,,-0.2%,0.2%,,/calendar?day=feb5.2026#detail=151238,/calendar/106-ez-retail-sales-mm
Thu Feb 5,147419,1770285780,2026-02-05T17:03:00+07:00,EUR,SP,low,1,Tentative,Spanish 10-y Bond Auction,SP 10-y Bond Auction,,,,,/calendar?day=feb5.2026#detail=147419,/calendar/525-sp-10-y-bond-auction
Thu Feb 5,147418,1770286680,2026-02-05T17:18:00+07:00,EUR,FR,low,1,Tentative,French 10-y Bond Auction,FR 10-y Bond Auction,,,3.53|2.0,,/calendar?day=feb5.2026#detail=147418,/calendar/523-fr-10-y-bond-auction
Thu Feb 5,150702,1770292800,2026-02-05T19:00:00+07:00,GBP,UK,high,3,7:00pm,BOE Monetary Policy Report,UK BOE Monetary Policy Report,,,,,/calendar?day=feb5.2026#detail=150702,/calendar/418-uk-boe-monetary-policy-report
Thu Feb 5,150703,1770292800,2026-02-05T19:00:00+07:00,GBP,UK,high,3,7:00pm,MPC Official Bank Rate Votes,UK MPC Official Bank Rate Votes,,0-2-7,0-5-4,,/calendar?day=feb5.2026#detail=150703,/calendar/305-uk-mpc-official-bank-rate-votes
Thu Feb 5,150704,1770292800,2026-02-05T19:00:00+07:00,GBP,UK,high,3,7:00pm,Monetary Policy Summary,UK Monetary Policy Summary,,,,,/calendar?day=feb5.2026#detail=150704,/calendar/628-uk-monetary-policy-summary
Thu Feb 5,150705,1770292800,2026-02-05T19:00:00+07:00,GBP,UK,high,3,7:00pm,Official Bank Rate,UK Official Bank Rate,,3.75%,3.75%,,/calendar?day=feb5.2026#detail=150705,/calendar/15-uk-official-bank-rate
Thu Feb 5,146892,1770294600,2026-02-05T19:30:00+07:00,USD,US,low,1,7:30pm,Challenger Job Cuts y/y,US Challenger Job Cuts y/y,,,-8.3%,,/calendar?day=feb5.2026#detail=146892,/calendar/76-us-challenger-job-cuts-yy
Thu Feb 5,152589,1770294600,2026-02-05T19:30:00+07:00,GBP,UK,high,3,7:30pm,BOE Gov Bailey Speaks,UK BOE Gov Bailey Speaks,,,,,/calendar?day=feb5.2026#detail=152589,/calendar/838-uk-boe-gov-bailey-speaks
Thu Feb 5,150523,1770297300,2026-02-05T20:15:00+07:00,EUR,EZ,high,3,8:15pm,Main Refinancing Rate,EZ Main Refinancing Rate,,2.15%,2.15%,,/calendar?day=feb5.2026#detail=150523,/calendar/12-ez-main-refinancing-rate
Thu Feb 5,150524,1770297300,2026-02-05T20:15:00+07:00,EUR,EZ,high,3,8:15pm,Monetary Policy Statement,EZ Monetary Policy Statement,,,,,/calendar?day=feb5.2026#detail=150524,/calendar/825-ez-monetary-policy-statement
Thu Feb 5,146983,1770298200,2026-02-05T20:30:00+07:00,USD,US,high,3,8:30pm,Unemployment Claims,US Unemployment Claims,,213K,209K,,/calendar?day=feb5.2026#detail=146983,/calendar/11-us-unemployment-claims
Thu Feb 5,150522,1770299100,2026-02-05T20:45:00+07:00,EUR,EZ,high,3,8:45pm,ECB Press Conference,EZ ECB Press Conference,,,,,/calendar?day=feb5.2026#detail=150522,/calendar/7-ez-ecb-press-conference
Thu Feb 5,148738,1770305400,2026-02-05T22:30:00+07:00,USD,US,low,1,10:30pm,Natural Gas Storage,US Natural Gas Storage,,,-242B,,/calendar?day=feb5.2026#detail=148738,/calendar/26-us-natural-gas-storage
Thu Feb 5,152583,1770306600,2026-02-05T22:50:00+07:00,USD,US,low,1,10:50pm,FOMC Member Bostic Speaks,US FOMC Member Bostic Speaks,,,,,/calendar?day=feb5.2026#detail=152583,/calendar/725-us-fomc-member-bostic-speaks
Fri Feb 6,152584,1770312300,2026-02-06T00:25:00+07:00,CAD,CA,high,3,12:25am,BOC Gov Macklem Speaks,CA BOC Gov Macklem Speaks,,,,,/calendar?day=feb6.2026#detail=152584,/calendar/840-ca-boc-gov-macklem-speaks
Fri Feb 6,147441,1770321600,2026-02-06T03:00:00+07:00,NZD,NZ,holiday,0,All Day,Bank Holiday,NZ Bank Holiday,,,,,/calendar?day=feb6.2026#detail=147441,/calendar/395-nz-bank-holiday
Fri Feb 6,152587,1770330600,2026-02-06T05:30:00+07:00,AUD,AU,high,3,5:30am,RBA Gov Bullock Speaks,AU RBA Gov Bullock Speaks,,,,,/calendar?day=feb6.2026#detail=152587,/calendar/671-au-rba-gov-bullock-speaks
Fri Feb 6,149617,1770334200,2026-02-06T06:30:00+07:00,JPY,JN,low,1,6:30am,Household Spending y/y,JN Household Spending y/y,,-0.3%,2.9%,,/calendar?day=feb6.2026#detail=149617,/calendar/359-jn-household-spending-yy
Fri Feb 6,149654,1770354000,2026-02-06T12:00:00+07:00,JPY,JN,low,1,12:00pm,Leading Indicators,JN Leading Indicators,,109.8%,110.5%,109.9%,/calendar?day=feb6.2026#detail=149654,/calendar/145-jn-leading-indicators
Fri Feb 6,150809,1770361200,2026-02-06T14:00:00+07:00,GBP,UK,low,1,2:00pm,Halifax HPI m/m,UK Halifax HPI m/m,,0.2%,-0.6%,,/calendar?day=feb6.2026#detail=150809,/calendar/151-uk-halifax-hpi-mm
Fri Feb 6,151117,1770361200,2026-02-06T14:00:00+07:00,EUR,GE,low,1,2:00pm,German Industrial Production m/m,GE Industrial Production m/m,,-0.3%,0.8%,,/calendar?day=feb6.2026#detail=151117,/calendar/221-ge-industrial-production-mm
Fri Feb 6,151118,1770361200,2026-02-06T14:00:00+07:00,EUR,GE,low,1,2:00pm,German Trade Balance,GE Trade Balance,,14.5B,13.1B,,/calendar?day=feb6.2026#detail=151118,/calendar/125-ge-trade-balance
Fri Feb 6,147562,1770363900,2026-02-06T14:45:00+07:00,EUR,FR,low,1,2:45pm,French Trade Balance,FR Trade Balance,,-4.1B,-4.2B,,/calendar?day=feb6.2026#detail=147562,/calendar/126-fr-trade-balance
Fri Feb 6,147298,1770364800,2026-02-06T15:00:00+07:00,CHF,SZ,low,1,3:00pm,Foreign Currency Reserves,SZ Foreign Currency Reserves,,,725B,,/calendar?day=feb6.2026#detail=147298,/calendar/517-sz-foreign-currency-reserves
Fri Feb 6,147301,1770364800,2026-02-06T15:00:00+07:00,CHF,SZ,low,1,3:00pm,Unemployment Rate,SZ Unemployment Rate,,3.0%,3.0%,,/calendar?day=feb6.2026#detail=147301,/calendar/62-sz-unemployment-rate
Fri Feb 6,152586,1770379200,2026-02-06T19:00:00+07:00,GBP,UK,low,1,7:00pm,MPC Member Pill Speaks,UK MPC Member Pill Speaks,,,,,/calendar?day=feb6.2026#detail=152586,/calendar/850-uk-mpc-member-pill-speaks
Fri Feb 6,146659,1770384600,2026-02-06T20:30:00+07:00,CAD,CA,high,3,8:30pm,Unemployment Rate,CA Unemployment Rate,,6.8%,6.8%,,/calendar?day=feb6.2026#detail=146659,/calendar/57-ca-unemployment-rate
Fri Feb 6,146660,1770384600,2026-02-06T20:30:00+07:00,CAD,CA,high,3,8:30pm,Employment Change,CA Employment Change,,7.2K,8.2K,,/calendar?day=feb6.2026#detail=146660,/calendar/67-ca-employment-change
Fri Feb 6,146904,1770384600,2026-02-06T20:30:00+07:00,USD,US,high,3,8:30pm,Non-Farm Employment Change,US Non-Farm Employment Change,,67K,50K,,/calendar?day=feb6.2026#detail=146904,/calendar/66-us-non-farm-employment-change
Fri Feb 6,146916,1770384600,2026-02-06T20:30:00+07:00,USD,US,high,3,8:30pm,Unemployment Rate,US Unemployment Rate,,4.4%,4.4%,,/calendar?day=feb6.2026#detail=146916,/calendar/56-us-unemployment-rate
Fri Feb 6,146928,1770384600,2026-02-06T20:30:00+07:00,USD,US,high,3,8:30pm,Average Hourly Earnings m/m,US Average Hourly Earnings m/m,,0.3%,0.3%,,/calendar?day=feb6.2026#detail=146928,/calendar/159-us-average-hourly-earnings-mm
Fri Feb 6,148571,1770390000,2026-02-06T22:00:00+07:00,USD,US,high,3,10:00pm,Prelim UoM Consumer Sentiment,US Prelim UoM Consumer Sentiment,,55.4,54.0,56.4,/calendar?day=feb6.2026#detail=148571,/calendar/53-us-prelim-uom-consumer-sentiment
Fri Feb 6,148583,1770390000,2026-02-06T22:00:00+07:00,USD,US,high,3,10:00pm,Prelim UoM Inflation Expectations,US Prelim UoM Inflation Expectations,,,4.2%,4.0%,/calendar?day=feb6.2026#detail=148583,/calendar/236-us-prelim-uom-inflation-expectations
Fri Feb 6,149850,1770390000,2026-02-06T22:00:00+07:00,CAD,CA,medium,2,10:00pm,Ivey PMI,CA Ivey PMI,,49.7,51.9,,/calendar?day=feb6.2026#detail=149850,/calendar/254-ca-ivey-pmi
Sat Feb 7,152606,1770397200,2026-02-07T00:00:00+07:00,USD,US,low,1,12:00am,FOMC Member Jefferson Speaks,US FOMC Member Jefferson Speaks,,,,,/calendar?day=feb7.2026#detail=152606,/calendar/881-us-fomc-member-jefferson-speaks
Sat Feb 7,148723,1770408000,2026-02-07T03:00:00+07:00,USD,US,low,1,3:00am,Consumer Credit m/m,US Consumer Credit m/m,,8.5B,4.2B,,/calendar?day=feb7.2026#detail=148723,/calendar/341-us-consumer-credit-mm
